id,theme,name,release_year,pieces,minifigs,value_new_2015,value_used_2015,rrp_usd,size_group,value_new_2019,years_to_2015,years_to_2019,cagr_2015,cagr_2019,log_pieces,log_rrp,price_per_piece,minifigs_per_100_pieces,is_licensed,theme_grouped
10000,Castle,Guarded Inn,2001,253,4.0,156.07,79.2,24.99,4,72.53,14.450000000000045,17.75,0.13515608884077368,0.0618679249984988,5.53338948872752,3.218475744846861,0.09877470355731224,1.5810276679841897,0,Castle
10001,Trains,Metroliner,2001,782,11.0,420.86,229.2,148.99,2,400.36,14.450000000000045,17.75,0.07450817821124311,0.05726913189665295,6.661854740545311,5.003879189599248,0.19052429667519183,1.4066496163682864,0,Trains
10002,Trains,Railroad Club Car,2001,293,5.0,208.47,125.53,37.99,4,241.07,14.450000000000045,17.75,0.12503949742379272,0.10971075659245866,5.680172609017068,3.6373229671995344,0.12965870307167235,1.7064846416382253,0,Trains
10013,Trains,Open Freight Wagon,2001,121,0.0,43.73,43.07,16.99,4,44.07,14.450000000000045,17.75,0.06761400653982697,0.05516677629954225,4.795790545596741,2.8326249356838407,0.14041322314049587,0.0,0,Trains
10014,Trains,Caboose,2001,170,0.0,52.67,36.2,14.99,4,58.33,14.450000000000045,17.75,0.09085989344387202,0.0795543865121826,5.135798437050262,2.7073833121145063,0.0881764705882353,0.0,0,Trains
10015,Trains,Green Passenger Wagon,2001,194,0.0,56.21,47.07,19.99,4,72.0,14.450000000000045,17.75,0.07416925827304999,0.07486327035948004,5.267858159063328,2.995232148512309,0.10304123711340206,0.0,0,Trains
10016,Trains,Tanker,2001,128,0.0,77.86,48.73,19.99,4,54.0,14.450000000000045,17.75,0.09866468000858952,0.05758290118946885,4.852030263919617,2.995232148512309,0.156171875,0.0,0,Trains
10017,Trains,Hopper Wagon,2001,228,0.0,61.21,35.53,19.99,4,62.13,14.450000000000045,17.75,0.08052266570371946,0.06597209120094716,5.429345628954441,2.995232148512309,0.08767543859649123,0.0,0,Trains
10018,Star Wars,Darth Maul,2001,1868,0.0,795.93,454.87,149.99,1,630.33,14.450000000000045,17.75,0.12243199913819747,0.08424413133989073,7.532623618788788,5.010568625207268,0.08029443254817988,0.0,1,Star Wars
10019,Star Wars,Rebel Blockade Runner,2001,1747,0.0,1232.6,589.2,199.99,1,666.87,14.450000000000045,17.75,0.13411840963796418,0.07020417841175197,7.465655310134056,5.2982673652979955,0.11447624499141386,0.0,1,Star Wars
10020,Trains,Santa Fe Super Chief,2002,435,2.0,265.6,203.53,39.99,3,267.6,13.450000000000045,16.75,0.15116032105327237,0.12017442777125464,6.075346031088684,3.688629422858727,0.09193103448275862,0.45977011494252873,0,Trains
10022,Trains,Santa Fe Cars - Set II,2002,411,0.0,273.35,192.69,34.99,3,282.93,13.450000000000045,16.75,0.16513791112419285,0.13290407187409192,6.018593214496234,3.5550623063795967,0.0851338199513382,0.0,0,Trains
10023,Bionicle,Bionicle Master Builder Set,2002,112,0.0,32.88,15.8,12.99,4,58.58,13.450000000000045,16.75,0.07148677412508997,0.09409024851513537,4.718498871295094,2.5641798306825083,0.11598214285714285,0.0,0,Bionicle
10024,Advanced models,Red Baron,2002,664,0.0,374.0,190.4,49.99,2,286.0,13.450000000000045,16.75,0.1613966127134827,0.10974413762914836,6.498282149476434,3.911822985425479,0.07528614457831326,0.0,0,Advanced models
10025,Trains,Santa Fe Cars - Set I,2002,326,0.0,204.4,182.53,34.99,4,251.93,13.450000000000045,16.75,0.1402277195249666,0.12508215268376688,5.786897381366708,3.5550623063795967,0.10733128834355829,0.0,0,Trains
10026,Star Wars,Special Edition Naboo Starfighter,2002,187,0.0,401.67,159.31,39.99,4,334.93,13.450000000000045,16.75,0.18711295375691583,0.13528430931375213,5.231108616854587,3.688629422858727,0.21385026737967916,0.0,1,Star Wars
10029,Discovery,Lunar Lander,2003,453,2.0,355.13,168.6,39.99,3,289.0,12.450000000000045,15.75,0.19173472738953068,0.1337995539992809,6.115892125483034,3.688629422858727,0.08827814569536424,0.44150110375275936,1,Other
10030,Star Wars,Imperial Star Destroyer,2002,3096,0.0,1527.0,783.38,298.99,1,823.93,13.450000000000045,16.75,0.12889347961120734,0.0623866535607025,8.037866234709618,5.700410128015343,0.09657299741602067,0.0,1,Star Wars
10039,Castle,Black Falcon's Fortress,2002,426,6.0,177.4,101.53,39.99,3,164.2,13.450000000000045,16.75,0.11713138618088936,0.08798321166558498,6.054439346269371,3.688629422858727,0.09387323943661972,1.408450704225352,0,Castle
10040,Pirates,Black Seas Barracuda,2002,906,8.0,436.6,177.6,89.99,2,150.0,13.450000000000045,16.75,0.12459332216076757,0.030973690244676666,6.80903930604298,4.4996985530458575,0.09932671081677703,0.8830022075055187,0,Pirates
10106,Seasonal,LEGO Snowflake,2006,105,0.0,21.09,16.5,7.99,4,21.5,9.450000000000045,12.75,0.10816984479889613,0.0807294707887749,4.653960350157523,2.0781907597781832,0.07609523809523809,0.0,0,Seasonal
10123,Star Wars,Cloud City,2003,705,7.0,975.4,566.47,99.99,2,402.93,12.450000000000045,15.75,0.20075918754063204,0.09252160485522065,6.558197802812269,4.605070180987758,0.14182978723404255,0.9929078014184397,1,Star Wars
10124,Advanced models,Wright Flyer,2003,670,0.0,286.07,168.67,59.99,2,240.87,12.450000000000045,15.75,0.13367725656124851,0.09227100003071964,6.507277712385012,4.094177881665002,0.08953731343283583,0.0,0,Advanced models
10129,Star Wars,Rebel Snowspeeder,2003,1455,0.0,1084.67,593.13,129.99,1,513.27,12.450000000000045,15.75,0.1857879779350211,0.09111103586669178,7.282761179605593,4.867457524419928,0.08934020618556701,0.0,1,Star Wars
10131,Star Wars,TIE Fighter Collection,2004,682,3.0,219.13,120.07,69.99,2,155.4,11.450000000000045,14.75,0.10481508005967544,0.055566901908119304,6.525029657843462,4.248352374701448,0.10262463343108504,0.4398826979472141,1,Star Wars
10132,Harry Potter,Motorized Hogwarts Express,2004,708,4.0,434.53,335.47,119.99,2,320.2,11.450000000000045,14.75,0.11894829414931829,0.06880896118521163,6.56244409369372,4.787408405976297,0.1694774011299435,0.5649717514124294,1,Harry Potter
10133,Trains,Burlington Northern Santa Fe,2004,407,2.0,324.63,192.27,39.99,3,246.2,11.450000000000045,14.75,0.2006787760867561,0.1311347605946227,6.008813185442595,3.688629422858727,0.09825552825552826,0.4914004914004914,0,Trains
10134,Star Wars,Y-wing Attack Starfighter,2004,1473,1.0,842.53,465.53,119.99,1,391.67,11.450000000000045,14.75,0.18556376921469298,0.08350824551194402,7.29505641646263,4.787408405976297,0.08145960624575696,0.06788866259334692,1,Star Wars
10143,Star Wars,Death Star II,2005,3441,0.0,,767.0,298.99,1,1422.67,10.450000000000045,13.75,,0.12013124039239731,8.14351740579748,5.700410128015343,0.0868904388259227,0.0,1,Star Wars
10144,Star Wars,Sandcrawler,2005,1669,8.0,268.73,177.13,139.99,1,190.33,10.450000000000045,13.75,0.06439373567432094,0.022592404217602002,7.419979923661835,4.941570991486734,0.0838765727980827,0.4793289394847214,1,Star Wars
10152,Advanced models,Maersk Sealand Container Ship,2004,988,0.0,218.53,144.2,74.99,2,192.67,11.450000000000045,14.75,0.0979140913548664,0.06606523070631387,6.895682697747868,4.317354771313298,0.07590080971659918,0.0,0,Advanced models
10153,Trains,Train Motor 9 V,2002,3,0.0,99.64,47.56,24.99,4,89.67,13.450000000000045,16.75,0.10830499590993958,0.07926282648062744,1.0986122886681098,3.218475744846861,8.33,0.0,0,Trains
10155,Advanced models,Maersk Container Ship,2010,990,0.0,257.12,149.33,119.99,2,233.0,5.4500000000000455,8.75,0.15009114059826367,0.07879365853748843,6.897704943128636,4.787408405976297,0.1212020202020202,0.0,0,Advanced models
10170,Trains,TTX Intermodal Double-Stack Car,2005,366,0.0,132.4,94.47,39.99,3,119.0,10.450000000000045,13.75,0.12138488174676043,0.0825384064392638,5.902633333401366,3.688629422858727,0.10926229508196722,0.0,0,Trains
10173,Trains,Holiday Train,2006,965,7.0,702.33,438.13,89.99,2,280.8,9.450000000000045,12.75,0.2428772841549356,0.09335452826202273,6.872128101338986,4.4996985530458575,0.09325388601036269,0.7253886010362695,0,Trains
10174,Star Wars,Imperial AT-ST,2006,1068,0.0,291.94,160.47,79.99,2,292.67,9.450000000000045,12.75,0.14682774498764983,0.10709203525178501,6.97354301952014,4.3819016268607305,0.07489700374531835,0.0,1,Star Wars
10175,Star Wars,Vader's TIE Advanced,2006,1212,0.0,523.8,262.53,99.99,1,438.0,9.450000000000045,12.75,0.1915348925703153,0.12283282755825575,7.10002716662926,4.605070180987758,0.08249999999999999,0.0,1,Star Wars
10176,Castle,King’s Castle,2006,869,12.0,221.53,108.93,99.99,2,167.93,9.450000000000045,12.75,0.08782316967804249,0.04150300426240783,6.767343125265392,4.605070180987758,0.1150632911392405,1.380897583429229,0,Castle
10177,Advanced models,Boeing 787 Dreamliner,2006,1197,0.0,544.13,243.47,79.99,2,333.53,9.450000000000045,12.75,0.22493461477950727,0.1184980515864631,7.087573705557973,4.3819016268607305,0.06682539682539682,0.0,0,Advanced models
10178,Star Wars,Motorized Walking AT-AT,2007,1137,4.0,446.33,231.4,129.99,2,372.47,8.450000000000045,11.75,0.15718263925471176,0.09372729758240816,7.036148493750536,4.867457524419928,0.11432717678100264,0.3518029903254178,1,Star Wars
10179,Star Wars,Ultimate Collector’s Millennium Falcon,2007,5195,5.0,,,499.99,1,1768.07,8.450000000000045,11.75,,0.11348429704067753,8.555451903533328,6.2145880982221895,0.09624446583253128,0.09624639076034648,1,Star Wars
10181,Advanced models,Eiffel Tower,2007,3428,0.0,1742.93,681.27,199.99,1,714.4,8.450000000000045,11.75,0.29203641250989754,0.11444372121976376,8.13973227971767,5.2982673652979955,0.05834014002333723,0.0,0,Advanced models
10182,Advanced models,Cafe Corner,2007,2056,3.0,1671.47,736.19,139.99,1,1118.8,8.450000000000045,11.75,0.34108346356963626,0.19349812188745874,7.628517626575055,4.941570991486734,0.06808852140077822,0.14591439688715954,0,Advanced models
10183,Factory,Hobby Trains,2007,1080,0.0,274.79,185.33,99.99,2,244.33,8.450000000000045,11.75,0.12708822319364832,0.07900385922992426,6.984716320118266,4.605070180987758,0.09258333333333332,0.0,0,Other
10184,Advanced models,Town Plan,2008,1981,8.0,394.07,255.53,149.99,1,255.87,7.4500000000000455,10.75,0.1384401676204634,0.05093873972111651,7.591357046698551,5.010568625207268,0.07571428571428572,0.4038364462392731,0,Advanced models
10185,Advanced models,Green Grocer,2008,2352,4.0,905.38,631.58,149.99,1,795.67,7.4500000000000455,10.75,0.2729201262892922,0.16791497209193373,7.763021309018518,5.010568625207268,0.06377125850340136,0.17006802721088435,0,Advanced models
10186,Star Wars,General Grievous,2008,1085,0.0,189.87,91.47,89.99,2,76.73,7.4500000000000455,10.75,0.10541439022093013,-0.014719045305540246,6.98933526597456,4.4996985530458575,0.08294009216589861,0.0,1,Star Wars
10187,Advanced models,Volkswagen Beetle,2008,1626,0.0,763.93,410.87,119.99,1,385.73,7.4500000000000455,10.75,0.28205655295905285,0.1147453303192405,7.3938782901077555,4.787408405976297,0.07379458794587945,0.0,0,Advanced models
10188,Star Wars,Death Star,2008,3803,22.0,490.38,326.03,399.99,1,362.94,7.4500000000000455,10.75,0.027725175699570226,-0.00900129156604712,8.24354550792826,5.991439546795477,0.10517749145411517,0.5784906652642651,1,Star Wars
10189,Advanced models,Taj Mahal,2008,5922,0.0,2394.19,965.53,299.99,1,553.07,7.4500000000000455,10.75,0.3215414313715299,0.05855590114663678,8.686429508661536,5.7037491407673,0.05065687267814928,0.0,0,Advanced models
10190,Advanced models,Market Street,2007,1248,3.0,1539.47,666.13,89.99,1,365.07,8.450000000000045,11.75,0.3993878662852606,0.1265751340645802,7.129297548929373,4.4996985530458575,0.0721073717948718,0.2403846153846154,0,Advanced models
10191,Factory,Star Justice,2008,895,8.0,76.73,75.0,99.99,2,78.27,7.4500000000000455,10.75,-0.034916441806663534,-0.022524385511342837,6.796823718274855,4.605070180987758,0.11172067039106144,0.8938547486033519,0,Other
10192,Factory,Space Skulls,2008,956,4.0,51.77,21.07,99.99,2,42.27,7.4500000000000455,10.75,-0.08456595470617523,-0.07696888263463808,6.862757913051401,4.605070180987758,0.10459205020920502,0.41841004184100417,0,Other
10193,Castle,Medieval Market Village,2009,1601,8.0,155.7,120.13,99.99,1,189.2,6.4500000000000455,9.75,0.07107263002768605,0.06759522316147715,7.3783837129967145,4.605070180987758,0.06245471580262336,0.49968769519050593,0,Castle
10194,Trains,Emerald Night,2009,1085,3.0,384.35,266.0,99.99,2,433.73,6.4500000000000455,9.75,0.23214569688139153,0.16241256773159374,6.98933526597456,4.605070180987758,0.09215668202764976,0.2764976958525346,0,Trains
10195,Star Wars,Republic Dropship with AT-OT Walker,2009,1758,8.0,470.56,328.07,249.99,1,567.4,6.4500000000000455,9.75,0.10303162542879396,0.08770069143329007,7.471932078245122,5.521420917062225,0.1422013651877133,0.4550625711035267,1,Star Wars
10196,Advanced models,Grand Carousel,2009,3263,9.0,2278.0,1215.07,249.99,1,1188.07,6.4500000000000455,9.75,0.40857511942384295,0.1733501415439711,8.09040229659332,5.521420917062225,0.07661354581673308,0.2758197977321483,0,Advanced models
10197,Advanced models,Fire Brigade,2009,2231,4.0,298.33,248.18,149.99,1,308.13,6.4500000000000455,9.75,0.11249979992714332,0.07663598189584198,7.7102051944325325,5.010568625207268,0.06722994173016585,0.17929179740026893,0,Advanced models
10198,Star Wars,Tantive IV,2009,1408,5.0,255.37,179.33,149.99,1,330.6,6.4500000000000455,9.75,0.08600201540533048,0.08443657919917746,7.249925536717988,5.010568625207268,0.10652698863636365,0.35511363636363635,1,Star Wars
10199,Seasonal,Winter Toy Shop,2009,815,7.0,230.52,171.59,59.99,2,119.6,6.4500000000000455,9.75,0.23208386766075417,0.07333074838556253,6.703188113240863,4.094177881665002,0.07360736196319019,0.8588957055214724,0,Seasonal
10200,Factory,Custom Car Garage,2008,893,4.0,84.87,58.73,69.99,2,128.91,7.4500000000000455,10.75,0.0262126017876807,0.058460062035167404,6.794586580876499,4.248352374701448,0.07837625979843224,0.4479283314669653,0,Other
10201,Bionicle,Takutanuva,2003,399,0.0,152.73,102.09,49.99,3,,12.450000000000045,15.75,0.0938534319521791,,5.988961416889864,3.911822985425479,0.12528822055137845,0.0,0,Bionicle
10202,Bionicle,Ultimate Dume,2004,564,0.0,114.73,61.53,49.99,3,78.67,11.450000000000045,14.75,0.07525230077264067,0.03121902364357476,6.335054251498059,3.911822985425479,0.08863475177304965,0.0,0,Bionicle
10203,Bionicle,Voporak,2005,647,0.0,81.54,40.6,49.99,3,89.71,10.450000000000045,13.75,0.04793353577371251,0.04344521628701137,6.472346294500901,3.911822985425479,0.0772642967542504,0.0,0,Bionicle
10204,Bionicle,Vezon & Kardas,2006,670,0.0,278.5,145.8,49.99,2,147.5,9.450000000000045,12.75,0.19932163463777486,0.0885680883402098,6.507277712385012,3.911822985425479,0.07461194029850747,0.0,0,Bionicle
10210,Pirates,Imperial Flagship,2010,1664,9.0,522.5,400.67,179.99,1,578.07,5.4500000000000455,8.75,0.21597427902344535,0.1426473974501632,7.416979621381154,5.192901293791388,0.10816706730769231,0.5408653846153846,0,Pirates
10211,Advanced models,Grand Emporium,2010,2182,7.0,229.74,183.2,149.99,1,238.6,5.4500000000000455,8.75,0.08137652605626688,0.05448627065128431,7.687997166393016,5.010568625207268,0.0687396883593034,0.3208065994500458,0,Advanced models
10212,Star Wars,Imperial Shuttle,2010,2503,5.0,453.96,333.53,259.99,1,502.27,5.4500000000000455,8.75,0.10768137146746937,0.0781606981281684,7.8252452914317745,5.5606431687374025,0.1038713543747503,0.1997602876548142,1,Star Wars
10213,Advanced models,Shuttle Adventure,2010,1204,3.0,229.54,143.13,99.99,1,321.67,5.4500000000000455,8.75,0.1647172708607363,0.14286449750730923,7.093404625868766,4.605070180987758,0.08304817275747507,0.24916943521594684,0,Advanced models
10214,Advanced models,Tower Bridge,2010,4287,0.0,244.49,187.24,239.99,1,182.11,5.4500000000000455,8.75,0.0034144678904957093,-0.03104905990909168,8.363342466597977,5.480597255807245,0.05598087240494518,0.0,0,Advanced models
10215,Star Wars,Obi-Wan’s Jedi Starfighter,2010,676,4.0,113.32,77.33,99.99,2,180.07,5.4500000000000455,8.75,0.023228143171657445,0.0695430313994998,6.516193076042964,4.605070180987758,0.14791420118343193,0.591715976331361,1,Star Wars
10216,Seasonal,Winter Village Bakery,2010,687,7.0,161.43,128.2,54.99,2,254.87,5.4500000000000455,8.75,0.21847496486601448,0.19156650214005344,6.532334292222349,4.007151350519723,0.08004366812227075,1.0189228529839884,0,Seasonal
10217,Harry Potter,Diagon Alley,2011,2025,12.0,314.76,242.16,149.99,1,369.4,4.4500000000000455,7.75,0.1812476319902172,0.12333085633716312,7.613324979540639,5.010568625207268,0.07406913580246914,0.5925925925925926,1,Harry Potter
10218,Advanced models,Pet Shop,2011,2032,4.0,168.53,132.71,149.99,1,196.23,4.4500000000000455,7.75,0.026535891106241438,0.03528152601273615,7.616775808698373,5.010568625207268,0.07381397637795276,0.1968503937007874,0,Advanced models
10219,Trains,Maersk Train,2011,1237,3.0,274.44,208.27,119.9,1,311.13,4.4500000000000455,7.75,0.20452365150060703,0.1309286020701672,7.1204443723924875,4.786658062033468,0.09692805173807599,0.2425222312045271,0,Trains
10220,Advanced models,Volkswagen T1 Camper Van,2011,1332,0.0,125.01,88.53,119.99,1,87.96,4.4500000000000455,7.75,0.00925273037298946,-0.03927579813121207,7.194436851100335,4.787408405976297,0.09008258258258257,0.0,0,Advanced models
10221,Star Wars,Super Star Destroyer,2011,3152,5.0,648.3,511.73,399.99,1,733.33,4.4500000000000455,7.75,0.11462720220837586,0.08135373090945186,8.05579245097777,5.991439546795477,0.1269003807106599,0.15862944162436549,1,Star Wars
10222,Seasonal,Winter Village Post Office,2011,822,7.0,215.68,158.87,69.99,2,240.93,4.4500000000000455,7.75,0.287765622646484,0.17292866034187404,6.71174039505618,4.248352374701448,0.08514598540145984,0.851581508515815,0,Seasonal
10223,Castle,Kingdoms Joust,2012,1575,9.0,127.03,94.53,119.99,1,157.4,3.4500000000000455,6.75,0.016663360686394846,0.04102388158278747,7.362010551259734,4.787408405976297,0.07618412698412698,0.5714285714285714,0,Castle
10224,Advanced models,Town Hall,2012,2766,8.0,323.59,205.0,199.99,1,426.13,3.4500000000000455,6.75,0.14967711729130717,0.1185919213759068,7.925157512224703,5.2982673652979955,0.07230296456977585,0.28922631959508316,0,Advanced models
10225,Star Wars,R2-D2,2012,2127,1.0,254.4,179.73,179.99,1,318.74,3.4500000000000455,6.75,0.10549339878651387,0.0883500985898118,7.6624678152002375,5.192901293791388,0.0846215326751293,0.047014574518100614,1,Star Wars
10226,Advanced models,Sopwith Camel,2012,883,0.0,164.78,70.4,99.99,2,153.67,3.4500000000000455,6.75,0.1558020435866494,0.06573508317315557,6.78332520060396,4.605070180987758,0.11323895809739523,0.0,0,Advanced models
10227,Star Wars,В-Wing Starfighter,2012,1487,0.0,209.3,155.13,199.99,1,266.2,3.4500000000000455,6.75,0.013276127689539008,0.043277799869943845,7.304515946460155,5.2982673652979955,0.1344922663080027,0.0,1,Star Wars
10228,Monster fighters,Haunted House,2012,2064,6.0,304.13,235.07,179.99,1,362.0,3.4500000000000455,6.75,0.1642121853854428,0.10906516783059228,7.6324011266014535,5.192901293791388,0.08720445736434108,0.29069767441860467,0,Other
10229,Seasonal,Winter Village Cottage,2012,1490,8.0,191.53,148.67,99.99,1,237.27,3.4500000000000455,6.75,0.20731434128619441,0.13657464829609367,7.306531398939505,4.605070180987758,0.06710738255033556,0.5369127516778524,0,Seasonal
10230,Advanced models,Mini Modulars,2012,1356,0.0,143.81,105.27,79.99,1,131.2,3.4500000000000455,6.75,0.1853362389648714,0.07606067741566558,7.212294468500341,4.3819016268607305,0.05898967551622419,0.0,0,Advanced models
10231,Advanced models,Shuttle Expedition,2011,1230,3.0,254.58,159.6,99.99,1,389.87,4.4500000000000455,7.75,0.23369052084854913,0.19193705825567053,7.114769448366463,4.605070180987758,0.08129268292682926,0.24390243902439024,0,Advanced models
10232,Advanced models,Palace Cinema,2013,2196,6.0,162.28,121.63,149.99,1,221.25,2.4500000000000455,5.75,0.032666962760013796,0.06994183637277662,7.694392802629421,5.010568625207268,0.06830145719489983,0.273224043715847,0,Advanced models
10233,Trains,Horizon Express,2013,1351,6.0,164.39,112.73,129.99,1,215.93,2.4500000000000455,5.75,0.10057223345879551,0.09227240954943516,7.208600337960199,4.867457524419928,0.09621761658031089,0.44411547002220575,0,Trains
10234,Advanced models,Sydney Opera House,2013,2989,0.0,323.52,256.8,319.99,1,330.53,2.4500000000000455,5.75,0.0044880783400818025,0.005652031306044636,8.002694162283937,5.768289745305481,0.10705587152893944,0.0,0,Advanced models
10235,Seasonal,Winter Village Market,2013,1261,9.0,139.41,66.28,99.99,1,166.53,2.4500000000000455,5.75,0.1452840373379809,0.09276804050215315,7.13966033596492,4.605070180987758,0.07929421094369547,0.7137192704203014,0,Seasonal
10236,Star Wars,Ewok Village,2013,1990,16.0,244.31,212.73,249.99,1,306.57,2.4500000000000455,5.75,-0.00933695630253173,0.03611966403937816,7.595889917718538,5.521420917062225,0.12562311557788944,0.8040201005025126,1,Star Wars
10237,Lord of the Rings,Tower of Orthanc,2013,2359,5.0,237.19,182.93,199.99,1,233.91,2.4500000000000455,5.75,0.07211170775243958,0.02762138140332948,7.765993079407675,5.2982673652979955,0.08477744807121662,0.21195421788893598,1,Lord of the Rings
10240,Star Wars,Red Five X-wing Starfighter,2013,1558,1.0,213.42,157.2,199.99,1,268.52,2.4500000000000455,5.75,0.026883456395460748,0.0525806128666666,7.351158226430694,5.2982673652979955,0.1283632862644416,0.06418485237483953,1,Star Wars
10241,Advanced models,Maersk Line Triple-E,2014,1518,0.0,188.21,150.5,149.99,1,223.53,1.4500000000000455,4.75,0.16946297202572302,0.08762362924583522,7.325148957955575,5.010568625207268,0.0988076416337286,0.0,0,Advanced models
10242,Advanced models,MINI Cooper MK VII,2014,1077,0.0,121.46,81.88,99.99,2,93.37,1.4500000000000455,4.75,0.14356221951556258,-0.014317585253221465,6.981934677156389,4.605070180987758,0.09284122562674094,0.0,0,Advanced models
10243,Advanced models,Parisian Restaurant,2014,2469,5.0,151.86,135.13,159.99,1,125.44,1.4500000000000455,4.75,-0.0353279523612523,-0.04992811894825533,7.81156848934518,5.075111313280621,0.06479951397326854,0.2025111381125962,0,Advanced models
10244,Advanced models,Fairground Mixer,2014,1746,12.0,143.46,119.67,149.99,1,199.67,1.4500000000000455,4.75,-0.030231784679606633,0.0620818878727003,7.465082736399547,5.010568625207268,0.08590492554410081,0.6872852233676976,0,Advanced models
10245,Seasonal,Santa’s Workshop,2014,883,6.0,108.0,48.0,69.99,2,117.73,1.4500000000000455,4.75,0.34872247454156224,0.11570045613534652,6.78332520060396,4.248352374701448,0.07926387315968289,0.6795016987542469,0,Seasonal
10937,Batman,Batman: Arkham Asylum Breakout,2013,1619,8.0,248.33,125.0,159.99,1,139.0,2.4500000000000455,5.75,0.19655648298227169,-0.024161985222180493,7.389563953677635,5.075111313280621,0.0988202594193947,0.49413218035824585,1,Batman
1788,Pirates,Treasure Chest,1995,159,4.0,167.13,36.27,21.99,4,16.0,20.450000000000045,23.75,0.10426251946196596,-0.013300195293887151,5.0689042022202315,3.09058780456667,0.1383018867924528,2.5157232704402515,0,Pirates
2063,Hero factory,Stormer 2.0,2011,31,0.0,35.5,25.47,7.99,4,29.22,4.4500000000000455,7.75,0.39812635089922965,0.1821222135904308,3.4339872044851463,2.0781907597781832,0.257741935483871,0.0,0,Hero factory
2065,Hero factory,Furno 2.0,2011,30,0.0,14.47,13.8,7.99,4,24.14,4.4500000000000455,7.75,0.14277292989218693,0.1533471924323746,3.4011973816621555,2.0781907597781832,0.26633333333333337,0.0,0,Hero factory
2067,Hero factory,Evo 2.0,2011,31,0.0,14.0,21.53,7.99,4,31.86,4.4500000000000455,7.75,0.1343246268745082,0.19538980440617193,3.4339872044851463,2.0781907597781832,0.257741935483871,0.0,0,Hero factory
2068,Hero factory,Nex 2.0,2011,31,0.0,30.06,17.93,7.99,4,21.27,4.4500000000000455,7.75,0.34683022240711137,0.13466377123536533,3.4339872044851463,2.0781907597781832,0.257741935483871,0.0,0,Hero factory
21000,Architecture,Sears Tower,2008,69,0.0,59.06,30.2,19.99,4,86.6,7.4500000000000455,10.75,0.15651631806121657,0.14611548748300107,4.23410650459726,2.995232148512309,0.2897101449275362,0.0,0,Architecture
21000-2,Architecture,Willis Tower,2011,69,0.0,21.96,14.25,19.99,4,104.0,4.4500000000000455,7.75,0.02134609017467981,0.2371306144148253,4.23410650459726,2.995232148512309,0.2897101449275362,0.0,0,Architecture
21001,Architecture,John Hancock Center,2008,69,0.0,114.56,60.27,19.99,4,178.67,7.4500000000000455,10.75,0.2640798977681318,0.2259911474175007,4.23410650459726,2.995232148512309,0.2897101449275362,0.0,0,Architecture
21002,Architecture,Empire State Building,2009,77,0.0,23.31,16.47,19.99,4,51.47,6.4500000000000455,9.75,0.024107757117723283,0.10186229087694643,4.343805421853684,2.995232148512309,0.25961038961038957,0.0,0,Architecture
21003,Architecture,Seattle Space Needle,2009,57,0.0,24.17,17.33,19.99,4,62.0,6.4500000000000455,9.75,0.029876370970073785,0.12309979570075202,4.04305126783455,2.995232148512309,0.3507017543859649,0.0,0,Architecture
21004,Architecture,Solomon Guggenheim Museum,2009,208,0.0,77.7,44.93,39.99,4,66.0,6.4500000000000455,9.75,0.108470070308752,0.052730444468626736,5.337538079701318,3.688629422858727,0.1922596153846154,0.0,0,Architecture
21005,Architecture,Fallingwater,2009,811,0.0,118.73,78.28,99.99,2,240.6,6.4500000000000455,9.75,0.02699066502410541,0.09423776140814533,6.698268054115413,4.605070180987758,0.12329223181257706,0.0,0,Architecture
21006,Architecture,The White House,2010,560,0.0,52.46,36.29,49.99,3,125.8,5.4500000000000455,8.75,0.008888441970405614,0.1112337650975408,6.327936783729195,3.911822985425479,0.08926785714285715,0.0,0,Architecture
21007,Architecture,Rockefeller Center,2011,240,0.0,67.65,32.6,39.99,4,77.93,4.4500000000000455,7.75,0.12540037481699295,0.08990217430625935,5.480638923341991,3.688629422858727,0.166625,0.0,0,Architecture
21008,Architecture,Burj Khalifa-Dubai,2011,208,0.0,53.19,25.07,24.99,4,58.0,4.4500000000000455,7.75,0.18501046985272884,0.11476200924879265,5.337538079701318,3.218475744846861,0.12014423076923077,0.0,0,Architecture
21009,Architecture,Farnsworth House,2011,546,0.0,63.58,41.8,59.99,3,179.33,4.4500000000000455,7.75,0.0131465817748877,0.15176638243503282,6.302618975744905,4.094177881665002,0.10987179487179488,0.0,0,Architecture
21010,Architecture,Robie House,2011,2276,0.0,293.51,235.13,199.99,1,418.8,4.4500000000000455,7.75,0.09003762320376252,0.10006702684669833,7.730174795246222,5.2982673652979955,0.08786906854130053,0.0,0,Architecture
21011,Architecture,Brandenburg Gate,2011,363,0.0,32.88,21.67,34.99,3,40.2,4.4500000000000455,7.75,-0.013879794332861684,0.01807163343352336,5.8944028342648505,3.5550623063795967,0.09639118457300276,0.0,0,Architecture
21012,Architecture,Sydney Opera House,2012,270,0.0,40.0,26.67,39.99,4,108.6,3.4500000000000455,6.75,7.247545381572351e-05,0.15952010849396836,5.598421958998375,3.688629422858727,0.1481111111111111,0.0,0,Architecture
21013,Architecture,Big Ben,2012,346,0.0,31.21,21.4,29.99,3,51.63,3.4500000000000455,6.75,0.011624894452449741,0.08380699464602892,5.846438775057725,3.4008639927609177,0.08667630057803467,0.0,0,Architecture
21014,Architecture,Villa Savoye,2012,660,0.0,70.19,40.67,69.99,2,124.53,3.4500000000000455,6.75,0.0008274366415832457,0.08911137883263565,6.492239835020471,4.248352374701448,0.10604545454545454,0.0,0,Architecture
21015,Architecture,The Leaning Tower of Pisa,2012,345,0.0,43.39,40.25,34.99,3,68.13,3.4500000000000455,6.75,0.06435305822209214,0.10375644200870493,5.84354441703136,3.5550623063795967,0.10142028985507247,0.0,0,Architecture
21016,Architecture,Sungnyemun,2012,325,0.0,146.48,46.0,34.99,4,236.53,3.4500000000000455,6.75,0.5144043618456322,0.32725513187628064,5.783825182329737,3.5550623063795967,0.10766153846153846,0.0,0,Architecture
21017,Architecture,Imperial Hotel,2013,1188,0.0,97.23,86.67,129.99,2,119.27,2.4500000000000455,5.75,-0.11176747863021907,-0.014856826513038213,7.080026499922591,4.867457524419928,0.10941919191919193,0.0,0,Architecture
21018,Architecture,United Nations Headquarters,2013,597,0.0,49.62,28.8,49.99,3,83.07,2.4500000000000455,5.75,-0.003027655200888546,0.09234153524797883,6.391917113392602,3.911822985425479,0.0837353433835846,0.0,0,Architecture
21019,Architecture,The Eiffel Tower,2014,321,0.0,48.02,25.88,34.99,4,38.76,1.4500000000000455,4.75,0.24397760189916595,0.021776130073290823,5.771441123130016,3.5550623063795967,0.10900311526479751,0.0,0,Architecture
21020,Architecture,Trevi Fountain,2014,731,0.0,53.63,30.4,49.99,2,119.53,1.4500000000000455,4.75,0.04966686940851761,0.20144516568701354,6.594413459749778,3.911822985425479,0.06838577291381669,0.0,0,Architecture
21021,Architecture,Marina Bay Sands,2013,602,0.0,536.87,299.99,49.99,3,508.6,2.4500000000000455,5.75,1.6351819807078813,0.4969807373259423,6.400257445308821,3.911822985425479,0.08303986710963455,0.0,0,Architecture
21050,Architecture,Architecture Studio,2013,1211,0.0,177.42,163.47,149.99,1,262.67,2.4500000000000455,5.75,0.07095577901451589,0.10235485887377282,7.099201743553092,5.010568625207268,0.12385631709331132,0.0,0,Architecture
21100,Ideas,Shinkai 6500 Submarine,2010,412,0.0,408.5,199.17,49.99,3,498.5,5.4500000000000455,8.75,0.47026674007148617,0.30060828819480223,6.021023349349527,3.911822985425479,0.12133495145631068,0.0,0,Other
21101,Ideas,Hayabusa,2012,369,1.0,109.33,60.75,49.99,3,180.27,3.4500000000000455,6.75,0.2546108723282181,0.20927337829292258,5.910796644040527,3.911822985425479,0.13547425474254743,0.27100271002710025,0,Other
21102,Ideas,Minecraft Micro World,2012,480,0.0,46.0,25.0,34.99,3,28.0,3.4500000000000455,6.75,0.08252717768764728,-0.0324768916926762,6.173786103901937,3.5550623063795967,0.07289583333333334,0.0,0,Other
21103,Ideas,The DeLorean Time Machine,2013,401,2.0,45.55,32.13,34.99,3,109.27,2.4500000000000455,5.75,0.1136605411965721,0.21901742373312483,5.993961427306569,3.5550623063795967,0.0872568578553616,0.49875311720698257,0,Other
21104,Ideas,NASA Mars Science Laboratory Curiosity Rover,2014,295,0.0,99.0,67.0,29.99,4,187.0,1.4500000000000455,4.75,1.2787447183477658,0.4700768196696914,5.68697535633982,3.4008639927609177,0.10166101694915254,0.0,0,Other
21105,Minecraft,Minecraft Micro World: The Village,2013,466,0.0,51.11,29.4,34.99,3,32.67,2.4500000000000455,5.75,0.1672614376632957,-0.011860422455677977,6.144185634125646,3.5550623063795967,0.07508583690987125,0.0,1,Other
21106,Minecraft,Minecraft Micro World: The Nether,2013,469,0.0,45.54,30.55,34.99,3,30.27,2.4500000000000455,5.75,0.11356074210615641,-0.024886009467514403,6.150602768446279,3.5550623063795967,0.07460554371002133,0.0,1,Other
21107,Minecraft,Microworld: The End,2014,440,0.0,39.12,0.0,34.99,3,34.73,1.4500000000000455,4.75,0.07998363562108346,-0.0015689656998806312,6.0867747269123065,3.5550623063795967,0.07952272727272727,0.0,1,Other
21108,Ideas,Ghostbusters ECTO,2014,508,4.0,50.89,41.8,49.99,3,86.88,1.4500000000000455,4.75,0.012381859439232423,0.1233990103342808,6.230481447578482,3.911822985425479,0.09840551181102362,0.7874015748031497,0,Other
21109,Ideas,Exo-Suit,2014,321,2.0,42.06,43.13,34.99,4,30.0,1.4500000000000455,4.75,0.13532686446906306,-0.03187359420304536,5.771441123130016,3.5550623063795967,0.10900311526479751,0.6230529595015576,0,Other
2111,Ninjago,Kai,2011,19,1.0,12.65,9.5,9.99,4,38.87,4.4500000000000455,7.75,0.05448239695065249,0.1916133541149283,2.9444389791664403,2.301584592660462,0.5257894736842106,5.2631578947368425,0,Ninjago
21110,Ideas,Research Institute,2014,165,3.0,51.04,0.0,19.99,4,39.29,1.4500000000000455,4.75,0.9087856124413132,0.15287705766108917,5.10594547390058,2.995232148512309,0.12115151515151515,1.8181818181818181,0,Other
21113,Minecraft,The Cave,2014,249,2.0,43.88,15.0,19.99,4,29.44,1.4500000000000455,4.75,0.7198295092367972,0.08491256557381899,5.517452896464707,2.995232148512309,0.08028112449799196,0.8032128514056225,1,Other
21114,Minecraft,The Farm,2014,262,2.0,52.28,0.0,29.99,4,34.93,1.4500000000000455,4.75,0.4670825814862143,0.0326222983370279,5.568344503761097,3.4008639927609177,0.11446564885496183,0.7633587786259542,1,Other
21115,Minecraft,The First Night,2014,408,2.0,56.24,0.0,39.99,3,55.47,1.4500000000000455,4.75,0.265125849753884,0.07131506728597792,6.0112671744041615,3.688629422858727,0.09801470588235295,0.49019607843137253,1,Other
21116,Minecraft,Crafting Box,2014,518,0.0,84.84,70.0,49.99,3,54.33,1.4500000000000455,4.75,0.44021018539230794,0.01768156884069616,6.249975242259483,3.911822985425479,0.09650579150579151,0.0,1,Other
21117,Minecraft,The Ender Dragon,2014,634,0.0,81.87,53.0,69.99,3,147.8,1.4500000000000455,4.75,0.1141862406449432,0.1704286253463787,6.452048954437226,4.248352374701448,0.11039432176656151,0.0,1,Other
21118,Minecraft,The Mine,2014,922,0.0,155.71,0.0,109.99,2,145.47,1.4500000000000455,4.75,0.2709036369447826,0.06062572154592605,6.826545223556594,4.700389452569025,0.11929501084598698,0.0,1,Other
2112,Ninjago,Cole,2011,19,1.0,18.87,21.0,9.99,4,15.07,4.4500000000000455,7.75,0.15363615027606148,0.05448018003810384,2.9444389791664403,2.301584592660462,0.5257894736842106,5.2631578947368425,0,Ninjago
2113,Ninjago,Zane,2011,19,1.0,20.47,14.0,9.99,4,27.0,4.4500000000000455,7.75,0.17492938335731,0.13688335108819394,2.9444389791664403,2.301584592660462,0.5257894736842106,5.2631578947368425,0,Ninjago
2114,Ninjago,Chopov,2011,20,1.0,13.67,9.25,9.99,4,13.2,4.4500000000000455,7.75,0.07301902357595313,0.03660665491812187,2.995732273553991,2.301584592660462,0.4995,5.0,0,Ninjago
2115,Ninjago,Bonezai,2011,21,1.0,13.42,7.65,9.99,4,9.73,4.4500000000000455,7.75,0.0685776185810647,-0.003396887988524888,3.044522437723423,2.301584592660462,0.4757142857142857,4.761904761904762,0,Ninjago
2116,Ninjago,Krazi,2011,22,1.0,14.25,11.38,9.99,4,11.93,4.4500000000000455,7.75,0.08308559843855945,0.02316377487371346,3.091042453358316,2.301584592660462,0.4540909090909091,4.545454545454546,0,Ninjago
21200,Miscellaneous,Life of George,2011,146,0.0,17.88,17.5,29.99,4,10.0,4.4500000000000455,7.75,-0.10972110444627603,-0.13213005319861315,4.983606621708336,3.4008639927609177,0.20541095890410957,0.0,0,Other
21201,Miscellaneous,Life Of George,2012,146,0.0,18.44,11.67,29.99,4,7.67,3.4500000000000455,6.75,-0.13148344365038034,-0.18291080712183339,4.983606621708336,3.4008639927609177,0.20541095890410957,0.0,0,Other
2141,Hero factory,Surge 2.0,2011,30,0.0,29.88,26.27,7.99,4,20.42,4.4500000000000455,7.75,0.3450136744569203,0.12870851423385354,3.4011973816621555,2.0781907597781832,0.26633333333333337,0.0,0,Hero factory
2142,Hero factory,Breez 2.0,2011,29,0.0,16.5,7.67,7.99,4,16.5,4.4500000000000455,7.75,0.1769889799700306,0.09808776731369351,3.367295829986474,2.0781907597781832,0.27551724137931033,0.0,0,Hero factory
2143,Hero factory,Rocka 3.0,2011,30,0.0,13.85,12.38,7.99,4,20.67,4.4500000000000455,7.75,0.13158209260314435,0.13048213316668256,3.4011973816621555,2.0781907597781832,0.26633333333333337,0.0,0,Hero factory
2144,Hero factory,Nex 3.0,2011,29,0.0,12.68,10.07,7.99,4,23.29,4.4500000000000455,7.75,0.10935990695547337,0.14802492526343491,3.367295829986474,2.0781907597781832,0.27551724137931033,0.0,0,Hero factory
2145,Hero factory,Stormer 3.0,2011,31,0.0,22.5,12.6,7.99,4,26.47,4.4500000000000455,7.75,0.26194881179487406,0.167141481855142,3.4339872044851463,2.0781907597781832,0.257741935483871,0.0,0,Hero factory
2159,Trains,9V Train Track Starter Collection,2006,24,0.0,35.47,23.5,29.99,4,17.25,9.450000000000045,12.75,0.017917706882650375,-0.042449306408473775,3.1780538303479458,3.4008639927609177,1.2495833333333333,0.0,0,Trains
2170,Ninjago,Cole DX,2011,21,1.0,12.36,9.72,9.99,4,12.87,4.4500000000000455,7.75,0.04900111818180841,0.0332257792070072,3.044522437723423,2.301584592660462,0.4757142857142857,4.761904761904762,0,Ninjago
2171,Ninjago,Zane DX,2011,22,1.0,13.75,10.53,9.99,4,15.53,4.4500000000000455,7.75,0.07442696940637039,0.05857918622676794,3.091042453358316,2.301584592660462,0.4540909090909091,4.545454545454546,0,Ninjago
2172,Ninjago,Nya,2011,21,1.0,18.84,15.79,9.99,4,23.27,4.4500000000000455,7.75,0.1532237432867698,0.11528184238189199,3.044522437723423,2.301584592660462,0.4757142857142857,4.761904761904762,0,Ninjago
2173,Ninjago,Nuckal,2011,26,1.0,18.08,5.88,9.99,4,9.9,4.4500000000000455,7.75,0.14260216395343517,-0.001167039191717567,3.258096538021482,2.301584592660462,0.38423076923076926,3.8461538461538463,0,Ninjago
2174,Ninjago,Kruncha,2011,24,1.0,12.08,6.19,9.99,4,13.93,4.4500000000000455,7.75,0.043613409595290475,0.043831512241508275,3.1780538303479458,2.301584592660462,0.41625,4.166666666666667,0,Ninjago
2175,Ninjago,Wyplash,2011,23,1.0,9.22,7.8,9.99,4,13.33,4.4500000000000455,7.75,-0.01786314728612881,0.037918330663037514,3.1354942159291497,2.301584592660462,0.43434782608695655,4.3478260869565215,0,Ninjago
2183,Hero factory,Stringer 3.0,2011,30,0.0,16.85,12.31,7.99,4,20.25,4.4500000000000455,7.75,0.18255385223942766,0.12749161910039875,3.4011973816621555,2.0781907597781832,0.26633333333333337,0.0,0,Hero factory
2191,Hero factory,Furno 3.0,2011,28,0.0,32.15,17.07,7.99,4,24.93,4.4500000000000455,7.75,0.36732846011537346,0.15814938406477652,3.332204510175204,2.0781907597781832,0.28535714285714286,0.0,0,Hero factory
2192,Hero factory,Drilldozer,2011,61,0.0,40.5,20.27,12.99,4,33.73,4.4500000000000455,7.75,0.2911497053898926,0.1310241949906159,4.110873864173311,2.5641798306825083,0.21295081967213114,0.0,0,Hero factory
2193,Hero factory,Jetbug,2011,63,0.0,25.38,17.33,12.99,4,14.87,4.4500000000000455,7.75,0.1624300983305076,0.017593743336585366,4.143134726391533,2.5641798306825083,0.2061904761904762,0.0,0,Hero factory
2194,Hero factory,Nitroblast,2011,57,0.0,29.0,14.94,12.99,4,28.4,4.4500000000000455,7.75,0.19778678188679044,0.1061994641000037,4.04305126783455,2.5641798306825083,0.22789473684210526,0.0,0,Hero factory
2231,Hero factory,Waspix,2011,48,0.0,28.47,15.73,12.99,4,38.8,4.4500000000000455,7.75,0.19283231720221283,0.15164610174998594,3.871201010907891,2.5641798306825083,0.270625,0.0,0,Hero factory
2232,Hero factory,Raw-Jaw,2011,52,0.0,32.53,16.6,12.99,4,32.07,4.4500000000000455,7.75,0.2291074976544225,0.12368309250951826,3.9512437185814275,2.5641798306825083,0.24980769230769231,0.0,0,Hero factory
2233,Hero factory,Fangz,2011,55,0.0,32.27,18.13,12.99,4,27.2,4.4500000000000455,7.75,0.2268930317391169,0.1000543979965709,4.007333185232471,2.5641798306825083,0.2361818181818182,0.0,0,Hero factory
2235,Hero factory,Fire Lord,2011,125,0.0,74.83,39.53,19.99,4,43.93,4.4500000000000455,7.75,0.34531236868861415,0.10693565204527888,4.8283137373023015,2.995232148512309,0.15991999999999998,0.0,0,Hero factory
2236,Hero factory,Scorpio,2011,104,0.0,41.38,19.67,24.99,4,31.47,4.4500000000000455,7.75,0.12000233510285918,0.0301964827798471,4.6443908991413725,3.218475744846861,0.24028846153846153,0.0,0,Hero factory
2254,Ninjago,Mountain Shrine,2011,169,2.0,40.0,35.21,19.99,4,33.8,4.4500000000000455,7.75,0.16868104273489393,0.0701206929078031,5.1298987149230735,2.995232148512309,0.11828402366863905,1.183431952662722,0,Ninjago
2255,Ninjago,Sensei Wu,2011,20,1.0,14.88,12.81,9.99,4,11.93,4.4500000000000455,7.75,0.09366627125368687,0.02316377487371346,2.995732273553991,2.301584592660462,0.4995,5.0,0,Ninjago
2256,Ninjago,Lord Garmadon,2011,23,1.0,19.29,12.82,9.99,4,13.07,4.4500000000000455,7.75,0.15935715017490493,0.03528367933932852,3.1354942159291497,2.301584592660462,0.43434782608695655,4.3478260869565215,0,Ninjago
2257,Ninjago,Spinjitzu Starter Set,2011,57,2.0,20.63,17.44,19.99,4,19.4,4.4500000000000455,7.75,0.007106973395155647,-0.003858225903636381,4.04305126783455,2.995232148512309,0.3507017543859649,3.508771929824561,0,Ninjago
2258,Ninjago,Ninja Ambush,2011,71,2.0,20.78,15.2,6.99,4,25.2,4.4500000000000455,7.75,0.27740899576336986,0.1799431390839834,4.2626798770413155,1.944480556245719,0.09845070422535211,2.816901408450704,0,Ninjago
2259,Ninjago,Skull Motorbike,2011,157,2.0,42.28,18.87,14.99,4,33.2,4.4500000000000455,7.75,0.26240441484757193,0.10805046937542118,5.056245805348308,2.7073833121145063,0.09547770700636943,1.2738853503184713,0,Ninjago
2260,Ninjago,Ice Dragon Attack,2011,158,2.0,95.57,41.67,19.99,4,57.6,4.4500000000000455,7.75,0.4213420506995791,0.14631632152217633,5.062595033026967,2.995232148512309,0.12651898734177214,1.2658227848101267,0,Ninjago
2263,Ninjago,Turbo Shredder,2011,223,3.0,50.4,34.29,29.99,4,42.73,4.4500000000000455,7.75,0.12373481484106241,0.0467417315230918,5.407171771460119,3.4008639927609177,0.13448430493273542,1.345291479820628,0,Ninjago
2282,Hero factory,Rocka XL,2011,174,0.0,65.88,42.38,24.99,4,47.53,4.4500000000000455,7.75,0.2433800514880653,0.08649068561461903,5.159055299214529,3.218475744846861,0.1436206896551724,0.0,0,Hero factory
2283,Hero factory,Witch Doctor,2011,331,0.0,115.0,59.33,29.99,4,54.47,4.4500000000000455,7.75,0.35261233187640295,0.08004710711971508,5.802118375377063,3.4008639927609177,0.09060422960725074,0.0,0,Hero factory
2504,Ninjago,Spinjitzu Dojo,2011,373,3.0,79.89,47.27,49.99,3,57.13,4.4500000000000455,7.75,0.11110447152823744,0.017375864724039403,5.921578419643816,3.911822985425479,0.13402144772117963,0.8042895442359249,0,Ninjago
2505,Ninjago,Garmadon’s Dark Fortress,2011,518,6.0,179.4,92.27,69.99,3,76.6,4.4500000000000455,7.75,0.23555511375694405,0.011712538534634831,6.249975242259483,4.248352374701448,0.13511583011583012,1.1583011583011582,0,Ninjago
2506,Ninjago,Skull Truck,2011,515,4.0,70.44,54.56,59.99,3,72.73,4.4500000000000455,7.75,0.03674516626821478,0.025159823174951468,6.244166900663736,4.094177881665002,0.11648543689320388,0.7766990291262136,0,Ninjago
2507,Ninjago,Fire Temple,2011,1180,8.0,184.15,144.13,119.99,2,168.4,4.4500000000000455,7.75,0.10104164579576369,0.044703778943752326,7.07326971745971,4.787408405976297,0.1016864406779661,0.6779661016949152,0,Ninjago
2508,Ninjago,Blacksmith Shop,2011,189,2.0,62.44,25.87,19.99,4,41.27,4.4500000000000455,7.75,0.2916871106388983,0.09805008925668446,5.241747015059643,2.995232148512309,0.10576719576719576,1.0582010582010581,0,Ninjago
2509,Ninjago,Earth Dragon Defence,2011,227,2.0,127.71,58.13,34.99,4,62.53,4.4500000000000455,7.75,0.33768935924220345,0.07779154517068454,5.424950017481403,3.5550623063795967,0.1541409691629956,0.8810572687224669,0,Ninjago
2518,Ninjago,Nuckal's ATV,2011,174,2.0,27.19,25.47,24.99,4,14.27,4.4500000000000455,7.75,0.019141228857404435,-0.0697471789080164,5.159055299214529,3.218475744846861,0.1436206896551724,1.1494252873563218,0,Ninjago
2519,Ninjago,Skeleton Bowling,2011,371,1.0,29.95,30.77,29.99,3,30.6,4.4500000000000455,7.75,-0.0002998804649428921,0.002601573873802776,5.916202062607435,3.4008639927609177,0.0808355795148248,0.2695417789757412,0,Ninjago
2520,Ninjago,Ninja Battle Arena,2011,463,2.0,50.93,36.72,49.99,3,50.27,4.4500000000000455,7.75,0.004195101979924898,0.0007209684540665506,6.137727054086234,3.911822985425479,0.10796976241900648,0.4319654427645788,0,Ninjago
2521,Ninjago,Lightning Dragon Battle,2011,645,4.0,193.93,110.87,79.99,3,129.73,4.4500000000000455,7.75,0.22019448101331074,0.06438166154601421,6.4692503167957724,4.3819016268607305,0.12401550387596899,0.6201550387596899,0,Ninjago
2824,City,City Advent Calendar,2010,271,6.0,44.59,18.8,34.99,4,25.07,5.4500000000000455,8.75,0.04549007352878154,-0.03738501915629866,5.602118820879701,3.5550623063795967,0.12911439114391143,2.2140221402214024,0,City
2856134,Ninjago,Ninjago Card Shrine,2011,98,0.0,8.27,4.5,6.99,4,14.4,4.4500000000000455,7.75,0.038510427409951475,0.09774465492996631,4.584967478670572,1.944480556245719,0.0713265306122449,0.0,0,Ninjago
30113,Friends,Stephanie’s Bakery Stand,2014,28,1.0,6.91,0.0,5.59,4,6.67,1.4500000000000455,4.75,0.15742793030195967,0.037887595106937955,3.332204510175204,1.7209792871670078,0.19964285714285715,3.5714285714285716,0,Friends
30167,Super Heroes,Iron Man vs. Fighting Drone,2013,24,1.0,10.91,11.67,5.49,4,13.2,2.4500000000000455,5.75,0.3235357483502559,0.16482624028689585,3.1780538303479458,1.7029282555214393,0.22875,4.166666666666667,1,Super Heroes
30185,Creator,Little Eagle,2013,48,0.0,16.54,4.83,14.0,4,10.67,2.4500000000000455,5.75,0.07041964071836948,-0.04614010675718083,3.871201010907891,2.6390573296152584,0.2916666666666667,0.0,0,Creator
3050,Castle,Shanghai Surprise,1999,104,3.0,40.07,22.87,11.99,4,25.6,16.450000000000045,19.75,0.07610367121596395,0.03915308981098997,4.6443908991413725,2.4840729690394228,0.11528846153846153,2.8846153846153846,0,Castle
3051,Castle,Blaze Attack,1999,145,2.0,27.4,22.41,14.99,4,24.86,16.450000000000045,19.75,0.03734674156622009,0.025944871549544724,4.976733742420574,2.7073833121145063,0.10337931034482759,1.3793103448275863,0,Castle
3052,Castle,Ninja Fire Fortress,1999,169,3.0,85.33,32.6,29.99,4,75.92,16.450000000000045,19.75,0.06562990572651128,0.048152055402544525,5.1298987149230735,3.4008639927609177,0.17745562130177514,1.7751479289940828,0,Castle
3053,Castle,Emperor’s Stronghold,1999,331,4.0,111.4,65.75,39.99,4,69.0,16.450000000000045,19.75,0.06425977215267342,0.028004035641174596,5.802118375377063,3.688629422858727,0.12081570996978852,1.2084592145015105,0,Castle
3057,Technic,Master Builders - Create ‘N’ Race,2000,105,0.0,21.62,15.0,19.99,4,16.67,15.450000000000045,18.75,0.005086462818773896,-0.009639714614950945,4.653960350157523,2.995232148512309,0.19038095238095237,0.0,0,Technic
3061,Friends,City Park Cafe,2012,222,2.0,48.98,28.22,34.99,4,35.87,3.4500000000000455,6.75,0.10240337166771929,0.003686628613385423,5.402677381872279,3.5550623063795967,0.1576126126126126,0.9009009009009009,0,Friends
3063,Friends,Heartlake Flying Club,2012,195,1.0,33.94,4.71,19.99,4,15.47,3.4500000000000455,6.75,0.16583584481995017,-0.03726273909350364,5.272999558563747,2.995232148512309,0.1025128205128205,0.5128205128205128,0,Friends
3065,Friends,Olivia’s Tree House,2012,191,1.0,48.24,27.13,19.99,4,36.87,3.4500000000000455,6.75,0.2909129513564592,0.09493091362846062,5.25227342804663,2.995232148512309,0.10465968586387434,0.5235602094240838,0,Friends
31000,Creator,Mini Speeder,2013,65,0.0,13.26,5.75,6.99,4,7.6,2.4500000000000455,5.75,0.29866300421299097,0.01465728252417664,4.174387269895637,1.944480556245719,0.10753846153846154,0.0,0,Creator
31001,Creator,Mini Skyflyer,2013,62,0.0,13.23,7.63,6.99,4,11.33,2.4500000000000455,5.75,0.29746295480627816,0.08762388482478212,4.127134385045092,1.944480556245719,0.11274193548387097,0.0,0,Creator
31002,Creator,Super Racer,2013,121,0.0,19.9,5.68,14.99,4,13.33,2.4500000000000455,5.75,0.1226001062929638,-0.020204604487257583,4.795790545596741,2.7073833121145063,0.12388429752066116,0.0,0,Creator
31003,Creator,Red Rotors,2013,145,0.0,23.9,8.45,14.99,4,16.07,2.4500000000000455,5.75,0.20974087329986824,0.012172773734810516,4.976733742420574,2.7073833121145063,0.10337931034482759,0.0,0,Creator
31004,Creator,Fierce Flyer,2013,166,0.0,19.94,8.88,14.99,4,30.0,2.4500000000000455,5.75,0.12352057236445546,0.12824498687832908,5.111987788356544,2.7073833121145063,0.09030120481927711,0.0,0,Creator
31005,Creator,Construction Hauler,2013,256,0.0,24.14,18.2,17.99,4,30.47,2.4500000000000455,5.75,0.12752177998516556,0.09596954325254758,5.545177444479562,2.8898160479624417,0.0702734375,0.0,0,Creator
31006,Creator,Highway Speedster,2013,286,0.0,29.27,14.2,24.99,4,23.87,2.4500000000000455,5.75,0.06665272567254776,-0.007942775862420759,5.655991810819852,3.218475744846861,0.08737762237762237,0.0,0,Creator
31007,Creator,Power Mech,2013,223,0.0,23.93,15.73,19.99,4,28.07,2.4500000000000455,5.75,0.07619199403683119,0.060815687830978904,5.407171771460119,2.995232148512309,0.08964125560538116,0.0,0,Creator
31008,Creator,Thunder Wings,2013,235,0.0,29.72,15.6,19.99,4,32.47,2.4500000000000455,5.75,0.17571054288648802,0.08802324259780914,5.459585514144159,2.995232148512309,0.08506382978723404,0.0,0,Creator
31009,Creator,Small Cottage,2013,271,1.0,30.38,20.29,24.99,4,26.2,2.4500000000000455,5.75,0.08298147010569057,0.008257150005675173,5.602118820879701,3.218475744846861,0.0922140221402214,0.36900369003690037,0,Creator
31010,Creator,Tree House,2013,356,1.0,34.72,35.38,29.99,3,35.67,2.4500000000000455,5.75,0.06159902382387816,0.03062408125691496,5.87493073085203,3.4008639927609177,0.08424157303370786,0.2808988764044944,0,Creator
31011,Creator,Aviation Adventures,2013,618,0.0,50.06,48.33,59.99,3,52.07,2.4500000000000455,5.75,-0.07119775063139033,-0.024323457666735382,6.42648845745769,4.094177881665002,0.09707119741100324,0.0,0,Creator
31012,Creator,Family House,2013,756,2.0,72.45,54.58,69.99,2,92.87,2.4500000000000455,5.75,0.014199581626950009,0.05042096949053798,6.628041376179533,4.248352374701448,0.09257936507936507,0.26455026455026454,0,Creator
31017,Creator,Sunset Speeder,2014,119,0.0,15.59,8.37,12.99,4,16.13,1.4500000000000455,4.75,0.1340865037978769,0.04663386420827753,4.77912349311153,2.5641798306825083,0.10915966386554622,0.0,0,Creator
31018,Creator,Highway Cruiser,2014,129,0.0,18.04,0.0,12.99,4,18.4,1.4500000000000455,4.75,0.2541910919404422,0.07605236071821797,4.859812404361672,2.5641798306825083,0.10069767441860465,0.0,0,Creator
31019,Creator,Forest Animals,2014,272,0.0,31.39,0.0,19.99,4,20.07,1.4500000000000455,4.75,0.36507841991914614,0.0008411987242913366,5.605802066295998,2.995232148512309,0.07349264705882352,0.0,0,Creator
31020,Creator,Twinblade Adventures,2014,216,0.0,23.55,0.0,17.99,4,18.73,1.4500000000000455,4.75,0.2040981669640285,0.008522526115201545,5.375278407684165,2.8898160479624417,0.08328703703703703,0.0,0,Creator
31021,Creator,Furry Creatures,2014,285,0.0,29.27,0.0,19.99,4,29.8,1.4500000000000455,4.75,0.3008096308582604,0.08769214870978992,5.652489180268651,2.995232148512309,0.07014035087719298,0.0,0,Creator
31022,Creator,Turbo Quad,2014,186,0.0,27.0,0.0,24.99,4,23.67,1.4500000000000455,4.75,0.0548013942914467,-0.011359685173473077,5.225746673713202,3.218475744846861,0.1343548387096774,0.0,0,Creator
31023,Creator,Yellow Racers,2014,328,0.0,28.59,15.0,29.99,4,22.47,1.4500000000000455,4.75,-0.03243273840542149,-0.05896537936478119,5.793013608384144,3.4008639927609177,0.09143292682926829,0.0,0,Creator
31024,Creator,Roaring Power,2014,374,0.0,26.86,17.0,29.99,3,26.4,1.4500000000000455,4.75,-0.07320028529529454,-0.026485054160263255,5.924255797414532,3.4008639927609177,0.08018716577540107,0.0,0,Creator
31025,Creator,Mountain Hut,2014,550,1.0,42.82,26.57,39.99,3,45.53,1.4500000000000455,4.75,0.048285283281346514,0.02769056081481147,6.309918278226516,3.688629422858727,0.07270909090909092,0.18181818181818182,0,Creator
31026,Creator,Bike Shop & Cafe,2014,1023,3.0,75.13,59.38,89.99,2,91.0,1.4500000000000455,4.75,-0.11703348821564752,0.002352437063224855,6.930494765951626,4.4996985530458575,0.08796676441837732,0.2932551319648094,0,Creator
3178,City,Seaplane,2010,102,1.0,22.53,12.33,10.99,4,33.8,5.4500000000000455,8.75,0.14078633891473813,0.13700447067329158,4.624972813284271,2.39698576841553,0.10774509803921568,0.9803921568627451,0,City
3179,City,Repair Truck,2010,118,1.0,25.47,14.13,12.99,4,30.53,5.4500000000000455,8.75,0.1315011718007797,0.1025884685398275,4.770684624465665,2.5641798306825083,0.11008474576271186,0.847457627118644,0,City
3180,City,Tank Truck,2010,222,1.0,34.31,22.73,19.99,4,44.27,5.4500000000000455,8.75,0.10419893898151633,0.09512194844699007,5.402677381872279,2.995232148512309,0.09004504504504504,0.45045045045045046,0,City
3181,City,Passenger Plane,2010,309,3.0,118.33,57.0,39.99,4,51.53,5.4500000000000455,8.75,0.22024866545222466,0.029399269704120767,5.733341276897746,3.688629422858727,0.12941747572815535,0.970873786407767,0,City
3182,City,Airport,2010,703,5.0,271.58,163.95,99.99,2,150.4,5.4500000000000455,8.75,0.20121913404306357,0.0477601077919545,6.555356891810665,4.605070180987758,0.14223328591749643,0.7112375533428165,0,City
3183,Friends,Stephanie’s Cool Convertible,2012,130,1.0,39.26,15.13,14.99,4,25.73,3.4500000000000455,6.75,0.3219118959667657,0.08333109242177561,4.867534450455582,2.7073833121145063,0.1153076923076923,0.7692307692307693,0,Friends
3184,Friends,Adventure Camper,2012,309,2.0,55.58,32.6,34.99,4,36.13,3.4500000000000455,6.75,0.14354565273794062,0.004761111396176965,5.733341276897746,3.5550623063795967,0.11323624595469256,0.6472491909385113,0,Friends
3185,Friends,Summer Riding Camp,2012,1112,4.0,172.63,94.53,99.99,2,237.33,3.4500000000000455,6.75,0.171499055129257,0.136617223412141,7.013915474810528,4.605070180987758,0.08991906474820144,0.3597122302158273,0,Friends
3186,Friends,Emma’s Horse Trailer,2012,233,1.0,45.58,25.07,24.99,4,37.87,3.4500000000000455,6.75,0.19029473202308278,0.06351848873390442,5.4510384535657,3.218475744846861,0.10725321888412016,0.4291845493562232,0,Friends
3187,Friends,Butterfly Beauty Shop,2012,221,2.0,104.44,41.8,24.99,4,47.0,3.4500000000000455,6.75,0.5136628825439837,0.09809956318694746,5.3981627015177525,3.218475744846861,0.11307692307692307,0.9049773755656109,0,Friends
3188,Friends,Heartlake Vet,2012,343,2.0,109.65,44.8,44.99,3,38.53,3.4500000000000455,6.75,0.29462144003493007,-0.02270176719756878,5.8377304471659395,3.806440242853081,0.1311661807580175,0.5830903790087464,0,Friends
3189,Friends,Heartlake Stables,2012,401,2.0,86.22,50.73,49.99,3,88.07,3.4500000000000455,6.75,0.17115912831732505,0.08751755328134148,5.993961427306569,3.911822985425479,0.12466334164588529,0.49875311720698257,0,Friends
3221,City,LEGO City Truck,2010,278,2.0,93.45,53.16,34.99,4,91.33,5.4500000000000455,8.75,0.19751708446347438,0.11588482896320018,5.627621113690637,3.5550623063795967,0.125863309352518,0.7194244604316546,0,City
3222,City,Helicopter and Limousine,2010,267,4.0,140.71,71.4,29.99,4,41.67,5.4500000000000455,8.75,0.3279545475517811,0.03830602806807426,5.58724865840025,3.4008639927609177,0.11232209737827714,1.4981273408239701,0,City
3300001,Advanced models,Brickley,2011,197,0.0,30.82,24.78,14.99,4,37.53,4.4500000000000455,7.75,0.17582866997068103,0.12571714738825546,5.2832037287379885,2.7073833121145063,0.07609137055837563,0.0,0,Advanced models
3300014,Miscellaneous,2012 Christmas Set,2012,109,4.0,36.26,27.07,14.99,4,33.73,3.4500000000000455,6.75,0.29180211248270727,0.12766462506200105,4.6913478822291435,2.7073833121145063,0.1375229357798165,3.669724770642202,0,Other
3315,Friends,Olivia’s House,2012,695,3.0,70.92,46.0,74.99,2,95.07,3.4500000000000455,6.75,-0.01604447078926996,0.035774478932225184,6.543911845564792,4.317354771313298,0.10789928057553956,0.4316546762589928,0,Friends
3316,Friends,Friends Advent Calendar,2012,193,2.0,52.9,46.43,29.99,4,23.0,3.4500000000000455,6.75,0.17880847136986033,-0.0385512725999263,5.262690188904886,3.4008639927609177,0.15538860103626942,1.0362694300518134,0,Friends
3366,City,Satellite Launch Pad,2011,165,1.0,25.92,14.12,19.99,4,23.4,4.4500000000000455,7.75,0.060115792105838395,0.02053100043323508,5.10594547390058,2.995232148512309,0.12115151515151515,0.6060606060606061,0,City
3367,City,Space Shuttle,2011,231,1.0,73.22,34.63,29.99,4,39.8,4.4500000000000455,7.75,0.22211786266712674,0.03719142349438287,5.442417710521793,3.4008639927609177,0.12982683982683982,0.4329004329004329,0,City
3368,City,Space Centre,2011,494,4.0,110.42,67.33,69.99,3,123.6,4.4500000000000455,7.75,0.10789096922808361,0.07613983241686184,6.202535517187923,4.248352374701448,0.14168016194331984,0.8097165991902834,0,City
3450,Advanced models,Statue of Liberty,2000,2882,0.0,2073.93,1054.73,198.99,1,1249.67,15.450000000000045,18.75,0.1638246799961316,0.10295573930101187,7.966239776559467,5.293254572205575,0.06904580152671756,0.0,0,Advanced models
3451,Advanced models,Sopwith Camel,2001,574,0.0,162.4,61.27,49.99,3,119.2,14.450000000000045,17.75,0.08495559702167466,0.05017477921865088,6.352629396319567,3.911822985425479,0.08709059233449477,0.0,0,Advanced models
3648,City,Police Chase,2011,173,3.0,28.72,21.0,24.99,4,24.87,4.4500000000000455,7.75,0.03175627523577318,-0.0006209022612087001,5.153291594497779,3.218475744846861,0.14445086705202312,1.7341040462427746,0,City
3658,City,Police Helicopter,2011,237,3.0,53.4,31.07,34.99,4,42.8,4.4500000000000455,7.75,0.09965846952561552,0.02633774314390802,5.4680601411351315,3.5550623063795967,0.14763713080168778,1.2658227848101267,0,City
3661,City,Bank & Money Transfer,2011,405,4.0,66.31,42.87,49.99,3,56.33,4.4500000000000455,7.75,0.0655457724876003,0.015526302011310111,6.003887067106539,3.911822985425479,0.12343209876543211,0.9876543209876543,0,City
3677,City,Red Cargo Train,2011,831,4.0,199.46,178.53,159.99,2,233.87,4.4500000000000455,7.75,0.050799288266941245,0.05020735412588606,6.7226297948554485,5.075111313280621,0.19252707581227438,0.4813477737665463,0,City
3723,Advanced models,LEGO Mini-Figure,2000,1849,0.0,400.3,237.6,148.99,1,267.5,15.450000000000045,18.75,0.06606031823987402,0.031705048087886434,7.522400231387125,5.003879189599248,0.08057869118442401,0.0,0,Advanced models
3724,Advanced models,LEGO Dragon,2001,1530,0.0,476.71,253.73,98.99,1,499.25,14.450000000000045,17.75,0.11491846936860628,0.09544414736661988,7.333023014386481,4.595018834931716,0.06469934640522876,0.0,0,Advanced models
3739,Castle,Blacksmith Shop,2002,619,2.0,176.47,102.6,39.99,3,164.93,13.450000000000045,16.75,0.11669490320437581,0.08827138314072536,6.428105272684596,3.688629422858727,0.06460420032310178,0.32310177705977383,0,Castle
3740,Trains,Small Locomotive,2001,67,0.0,52.25,32.3,14.99,4,43.0,14.450000000000045,17.75,0.09025566085501535,0.061167758563354546,4.204692619390966,2.7073833121145063,0.2237313432835821,0.0,0,Trains
3741,Trains,Large Locomotive,2001,92,0.0,100.5,65.8,19.99,4,5.69,14.450000000000045,17.75,0.11824395286522504,-0.06834244886187357,4.5217885770490405,2.995232148512309,0.21728260869565216,0.0,0,Trains
3742,Trains,Tender,2001,39,0.0,55.67,63.67,10.99,4,7.2,14.450000000000045,17.75,0.11882683401470495,-0.023544030002021987,3.6635616461296463,2.39698576841553,0.2817948717948718,0.0,0,Trains
3743,Trains,Locomotive Blue Bricks,2001,106,0.0,42.12,11.0,6.99,4,2.8,14.450000000000045,17.75,0.13234824917238885,-0.0502357400700274,4.663439094112067,1.944480556245719,0.0659433962264151,0.0,0,Trains
3744,Trains,Locomotive Green Bricks,2001,106,0.0,31.19,50.0,6.99,4,81.5,14.450000000000045,17.75,0.10904901492704111,0.14840393591653767,4.663439094112067,1.944480556245719,0.0659433962264151,0.0,0,Trains
3747,Trains,Locomotive Dark Grey Bricks,2001,106,0.0,20.88,3.11,6.99,4,2.4,14.450000000000045,17.75,0.07867224212896162,-0.058448298067040105,4.663439094112067,1.944480556245719,0.0659433962264151,0.0,0,Trains
3815,Spongebob Squarepants,Heroic Heroes of the Deep,2011,95,3.0,29.25,16.73,14.99,4,45.27,4.4500000000000455,7.75,0.16209438213898641,0.15328495703294243,4.553876891600541,2.7073833121145063,0.15778947368421053,3.1578947368421053,1,Other
3816,Spongebob Squarepants,Glove World,2011,169,4.0,30.85,18.07,19.99,4,52.53,4.4500000000000455,7.75,0.10241877493740192,0.13276869799435476,5.1298987149230735,2.995232148512309,0.11828402366863905,2.366863905325444,1,Other
3817,Spongebob Squarepants,The Flying Dutchman,2012,241,3.0,32.17,18.44,24.99,4,55.6,3.4500000000000455,6.75,0.07595150418306074,0.12577893048942212,5.484796933490655,3.218475744846861,0.10369294605809128,1.2448132780082988,1,Other
3818,Spongebob Squarepants,Bikini Bottom Undersea Party,2012,471,4.0,87.55,47.13,49.99,3,131.27,3.4500000000000455,6.75,0.17636718835970155,0.15376112976785383,6.154858094016418,3.911822985425479,0.10613588110403398,0.8492569002123143,1,Other
3825,Spongebob Squarepants,Krusty Krab,2006,295,3.0,63.48,50.07,19.99,4,48.67,9.450000000000045,12.75,0.13006410903849774,0.07228366573414902,5.68697535633982,2.995232148512309,0.06776271186440677,1.0169491525423728,1,Other
3826,Spongebob Squarepants,Build-A-Bob,2006,445,1.0,171.53,48.05,29.99,3,80.53,9.450000000000045,12.75,0.20266396515976837,0.08055178954216702,6.09807428216624,3.4008639927609177,0.0673932584269663,0.2247191011235955,1,Other
3827,Spongebob Squarepants,Adventures in Bikini Bottom,2006,579,3.0,131.4,50.07,39.99,3,66.13,9.450000000000045,12.75,0.13415214537203868,0.040238940822135305,6.361302477572996,3.688629422858727,0.06906735751295337,0.5181347150259067,1,Other
3830,Spongebob Squarepants,The Bikini Bottom Express,2008,210,3.0,92.6,41.8,19.99,4,32.27,7.4500000000000455,10.75,0.22848224730489508,0.045556607214287226,5.3471075307174685,2.995232148512309,0.09519047619047619,1.4285714285714286,1,Other
3831,Spongebob Squarepants,Rocket Ride,2008,279,3.0,135.93,55.47,29.99,4,20.0,7.4500000000000455,10.75,0.22489588218915846,-0.036985366497244376,5.631211781821365,3.4008639927609177,0.10749103942652329,1.075268817204301,1,Other
3832,Spongebob Squarepants,The Emergency Room,2008,236,3.0,110.19,60.13,29.99,4,34.8,7.4500000000000455,10.75,0.19086126736504117,0.01393370670122085,5.4638318050256105,3.4008639927609177,0.12707627118644066,1.271186440677966,1,Other
3833,Spongebob Squarepants,Krusty Krab Adventures,2009,209,3.0,50.75,30.52,19.99,4,33.2,6.4500000000000455,9.75,0.15539979780594027,0.053410069877458,5.342334251964811,2.995232148512309,0.09564593301435406,1.4354066985645932,1,Other
3834,Spongebob Squarepants,Good Neighbours at Bikini Bottom,2009,425,3.0,66.45,36.61,39.99,3,33.2,6.4500000000000455,9.75,0.08191415611034847,-0.018904114650466042,6.052089168924417,3.688629422858727,0.09409411764705883,0.7058823529411765,1,Other
3930,Friends,Stephanie’s Outdoor Bakery,2012,45,1.0,11.27,7.27,6.99,4,9.47,3.4500000000000455,6.75,0.14849600787045847,0.046012107770159405,3.8066624897703196,1.944480556245719,0.15533333333333335,2.2222222222222223,0,Friends
3931,Friends,Emma’s Splash Pool,2012,43,1.0,15.85,9.0,5.99,4,7.87,3.4500000000000455,6.75,0.32584715814168796,0.04126831496713779,3.7612001156935624,1.7900914121273581,0.13930232558139535,2.3255813953488373,0,Friends
3932,Friends,Andrea’s Stage,2012,87,1.0,23.38,11.6,9.99,4,10.27,3.4500000000000455,6.75,0.27949147523999174,0.004103571691658869,4.465908118654584,2.301584592660462,0.11482758620689655,1.1494252873563218,0,Friends
3933,Friends,Olivia's Invention Workshop,2012,81,1.0,35.13,14.2,9.99,4,16.6,3.4500000000000455,6.75,0.4397713427080612,0.07813458486907376,4.394449154672439,2.301584592660462,0.12333333333333334,1.2345679012345678,0,Friends
3934,Friends,Mia’s Puppy House,2012,64,1.0,30.89,12.73,9.99,4,14.73,3.4500000000000455,6.75,0.3870820471641272,0.0592129883760506,4.1588830833596715,2.301584592660462,0.15609375,1.5625,0,Friends
3935,Friends,Stephanie’s Pet Patrol,2012,73,1.0,22.81,10.07,9.99,4,12.0,3.4500000000000455,6.75,0.2703704290864204,0.02753098564407086,4.290459441148391,2.301584592660462,0.13684931506849315,1.36986301369863,0,Friends
3936,Friends,Emma’s Fashion Design Studio,2012,79,1.0,35.8,16.4,9.99,4,14.8,3.4500000000000455,6.75,0.44767725225148824,0.05995720171871621,4.3694478524670215,2.301584592660462,0.12645569620253164,1.2658227848101267,0,Friends
3937,Friends,Olivia’s Speedboat,2012,65,1.0,19.75,4.47,9.99,4,17.53,3.4500000000000455,6.75,0.218421541403804,0.08687653207930723,4.174387269895637,2.301584592660462,0.15369230769230768,1.5384615384615385,0,Friends
3938,Friends,Andrea’s Bunny House,2012,62,1.0,17.12,2.91,9.99,4,14.27,3.4500000000000455,6.75,0.16898299827670504,0.05424608705728651,4.127134385045092,2.301584592660462,0.16112903225806452,1.6129032258064515,0,Friends
3939,Friends,Mia’s Bedroom,2012,85,1.0,21.56,10.6,9.99,4,15.33,3.4500000000000455,6.75,0.2497862144237577,0.06549667492959066,4.442651256490317,2.301584592660462,0.11752941176470588,1.1764705882352942,0,Friends
3942,Friends,Heartlake Dog Show,2012,183,1.0,69.31,28.4,19.99,4,25.7,3.4500000000000455,6.75,0.4338933213950147,0.0379250047287234,5.209486152841421,2.995232148512309,0.10923497267759562,0.546448087431694,0,Friends
40000,Seasonal,Cool Santa Set,2009,152,0.0,23.41,13.33,9.99,4,22.0,6.4500000000000455,9.75,0.14113993262367397,0.08433840604254628,5.0238805208462765,2.301584592660462,0.06572368421052632,0.0,0,Seasonal
4000010,Architecture,LEGO House,2014,250,1.0,69.58,0.0,150.0,4,52.4,1.4500000000000455,4.75,-0.4112562348610541,-0.1986172204776635,5.521460917862246,5.0106352940962555,0.6,0.4,0,Architecture
40005,Seasonal,Bunny,2010,81,0.0,18.81,5.79,9.99,4,15.07,5.4500000000000455,8.75,0.12312034625856283,0.04810660718698623,4.394449154672439,2.301584592660462,0.12333333333333334,0.0,0,Seasonal
40052,Seasonal,Springtime Scene,2013,88,2.0,11.41,8.5,7.99,4,15.4,2.4500000000000455,5.75,0.15653484068058798,0.12088404022929544,4.477336814478207,2.0781907597781832,0.09079545454545455,2.272727272727273,0,Seasonal
40056,Seasonal,Thanksgiving Feast,2013,46,2.0,17.55,0.0,7.99,4,21.2,2.4500000000000455,5.75,0.37873808413371957,0.18495661290011167,3.828641396489095,2.0781907597781832,0.17369565217391306,4.3478260869565215,0,Seasonal
40057,Seasonal,Fall Scene,2013,72,3.0,15.76,0.0,7.99,4,16.6,2.4500000000000455,5.75,0.3195079580073956,0.13560698115473113,4.276666119016055,2.0781907597781832,0.11097222222222222,4.166666666666667,0,Seasonal
40058,Seasonal,Decorating the Tree,2013,110,2.0,12.09,12.99,7.99,4,15.07,2.4500000000000455,5.75,0.18418679219100498,0.11666937077814188,4.700480365792417,2.0781907597781832,0.07263636363636364,1.8181818181818181,0,Seasonal
40059,Seasonal,Santa Sleigh,2013,77,2.0,22.88,13.0,7.99,4,25.27,2.4500000000000455,5.75,0.5363620381470093,0.22170595041835783,4.343805421853684,2.0781907597781832,0.10376623376623377,2.5974025974025974,0,Seasonal
40085,Seasonal,Teddy Bear,2014,127,0.0,16.91,0.0,9.99,4,22.93,1.4500000000000455,4.75,0.4376066807346204,0.19114879025116727,4.844187086458591,2.301584592660462,0.07866141732283465,0.0,0,Seasonal
40086,Seasonal,Easter Bunny,2014,106,0.0,15.8,9.45,9.99,4,17.6,1.4500000000000455,4.75,0.37184343996653535,0.12662232679126695,4.663439094112067,2.301584592660462,0.09424528301886792,0.0,0,Seasonal
40090,Seasonal,Halloween Bat,2014,156,0.0,14.83,0.0,9.99,4,8.4,1.4500000000000455,4.75,0.3131914405483458,-0.0358374175437608,5.049856007249537,2.301584592660462,0.06403846153846154,0.0,0,Seasonal
40091,Seasonal,Turkey,2014,125,0.0,17.69,0.0,9.99,4,21.2,1.4500000000000455,4.75,0.4830180762798659,0.17163884674468877,4.8283137373023015,2.301584592660462,0.07992,0.0,0,Seasonal
40092,Seasonal,Reindeer,2014,139,0.0,18.61,0.0,9.99,4,17.8,1.4500000000000455,4.75,0.5357893257165038,0.12930558680047977,4.9344739331306915,2.301584592660462,0.0718705035971223,0.0,0,Seasonal
40093,Seasonal,Snowman,2014,140,0.0,19.08,0.0,9.99,4,24.53,1.4500000000000455,4.75,0.5624351032318515,0.20818395881678686,4.941642422609304,2.301584592660462,0.07135714285714286,0.0,0,Seasonal
40110,City,Coin Bank,2014,122,1.0,24.73,0.0,14.99,4,20.87,1.4500000000000455,4.75,0.41236367847197797,0.07215361425023303,4.804021044733257,2.7073833121145063,0.1228688524590164,0.819672131147541,0,City
40118,Miscellaneous,Buildable Brick Box 2x2,2014,203,1.0,31.56,0.0,16.99,4,24.2,1.4500000000000455,4.75,0.532774814034217,0.07731193442232476,5.313205979041787,2.8326249356838407,0.08369458128078817,0.49261083743842365,0,Other
40180,Miscellaneous,Bricktober Theater,2014,164,0.0,21.58,0.0,19.99,4,18.0,1.4500000000000455,4.75,0.05420046706971826,-0.021833982891348414,5.099866427824199,2.995232148512309,0.12189024390243902,0.0,0,Other
4024,Creator,Advent Calendar,2003,24,0.0,35.77,25.11,14.99,4,28.36,12.450000000000045,15.75,0.07235539126531676,0.04131288918065601,3.1780538303479458,2.7073833121145063,0.6245833333333334,0.0,0,Creator
41000,Friends,Water Scooter Fun,2012,28,1.0,8.86,5.75,6.99,4,8.47,3.4500000000000455,6.75,0.07113072517737429,0.028860464662913587,3.332204510175204,1.944480556245719,0.24964285714285714,3.5714285714285716,0,Friends
41001,Friends,Mia’s Magic Tricks,2012,90,1.0,12.62,8.33,9.99,4,10.2,3.4500000000000455,6.75,0.07008558084929906,0.0030866989086963947,4.499809670330265,2.301584592660462,0.111,1.1111111111111112,0,Friends
41002,Friends,Emma’s Karate Class,2012,93,1.0,14.67,18.8,9.99,4,22.47,3.4500000000000455,6.75,0.11780631328742319,0.12759649221667368,4.532599493153256,2.301584592660462,0.10741935483870968,1.075268817204301,0,Friends
41003,Friends,Olivia’s Newborn Foal,2012,70,1.0,16.88,7.59,9.99,4,20.2,3.4500000000000455,6.75,0.16420913101024204,0.10994539070957998,4.248495242049359,2.301584592660462,0.1427142857142857,1.4285714285714286,0,Friends
41004,Friends,Rehearsal Stage,2012,198,1.0,20.37,15.0,19.99,4,14.6,3.4500000000000455,6.75,0.005473208133556895,-0.045482900585658625,5.288267030694535,2.995232148512309,0.10095959595959596,0.5050505050505051,0,Friends
41005,Friends,Heartlake High,2013,487,3.0,82.09,45.25,49.99,3,88.93,2.4500000000000455,5.75,0.224394226401061,0.10536824386905508,6.18826412308259,3.911822985425479,0.10264887063655032,0.6160164271047228,0,Friends
41006,Friends,Downtown Bakery,2013,253,2.0,46.91,0.0,29.99,4,31.4,2.4500000000000455,5.75,0.20033264957604047,0.008022250692167443,5.53338948872752,3.4008639927609177,0.11853754940711461,0.7905138339920948,0,Friends
41007,Friends,Heartlake Pet Salon,2013,242,2.0,35.17,22.6,29.99,4,37.13,2.4500000000000455,5.75,0.0671936330105225,0.03783944070628076,5.488937726156687,3.4008639927609177,0.12392561983471073,0.8264462809917356,0,Friends
41008,Friends,Heartlake City Pool,2013,423,2.0,45.35,27.87,39.99,3,37.47,2.4500000000000455,5.75,0.052679778741698824,-0.011255965261485312,6.0473721790462776,3.688629422858727,0.09453900709219859,0.4728132387706856,0,Friends
41009,Friends,Andrea’s Bedroom,2013,75,1.0,15.76,9.5,9.99,4,11.8,2.4500000000000455,5.75,0.20451590994780888,0.029382512245040626,4.31748811353631,2.301584592660462,0.1332,1.3333333333333333,0,Friends
41010,Friends,Olivia’s Beach Buggy,2013,94,1.0,12.36,9.0,9.99,4,13.67,2.4500000000000455,5.75,0.09077684767969862,0.05605729969064499,4.543294782270004,2.301584592660462,0.10627659574468086,1.0638297872340425,0,Friends
41011,Miscellaneous,Stephanie’s Soccer Practice,2012,80,1.0,11.59,8.67,9.99,4,13.53,3.4500000000000455,6.75,0.044000855188457866,0.04596197765104093,4.382026634673881,2.301584592660462,0.124875,1.25,0,Other
41013,Friends,Emma’s Sports Car,2013,159,1.0,23.4,9.33,14.99,4,19.8,2.4500000000000455,5.75,0.19934624970476,0.04959015664942834,5.0689042022202315,2.7073833121145063,0.09427672955974843,0.6289308176100629,0,Friends
41015,Friends,Dolphin Cruiser,2013,612,3.0,63.37,54.87,69.99,3,132.0,2.4500000000000455,5.75,-0.03974445897447021,0.11665661072349454,6.416732282512326,4.248352374701448,0.1143627450980392,0.49019607843137253,0,Friends
41016,Friends,Advent Calendar,2013,213,2.0,44.72,0.0,29.99,4,26.27,2.4500000000000455,5.75,0.1771360627246703,-0.022769194154877437,5.3612921657094255,3.4008639927609177,0.1407981220657277,0.9389671361502347,0,Friends
41026,Friends,Sunshine Harvest,2014,233,1.0,21.32,17.33,19.99,4,17.2,1.4500000000000455,4.75,0.045424548591022296,-0.031151375760732236,5.4510384535657,2.995232148512309,0.085793991416309,0.4291845493562232,0,Friends
41027,Friends,Mia’s Lemonade Stand,2014,112,1.0,16.42,7.0,9.99,4,19.8,1.4500000000000455,4.75,0.40874657151921556,0.15490777660738786,4.718498871295094,2.301584592660462,0.08919642857142858,0.8928571428571429,0,Friends
41028,Friends,Emma’s Lifeguard Post,2014,78,1.0,13.76,0.0,9.99,4,10.6,1.4500000000000455,4.75,0.24709225830684378,0.012555942375971796,4.356708826689592,2.301584592660462,0.1280769230769231,1.2820512820512822,0,Friends
41029,Friends,Stephanie’s New Born Lamb,2014,78,1.0,14.31,0.0,9.99,4,10.13,1.4500000000000455,4.75,0.2812602175643608,0.002934133135444217,4.356708826689592,2.301584592660462,0.1280769230769231,1.2820512820512822,0,Friends
41030,Friends,Olivia’s Ice Cream Bike,2014,98,1.0,12.48,4.0,9.99,4,12.0,1.4500000000000455,4.75,0.16588187232006923,0.03934854442319535,4.584967478670572,2.301584592660462,0.10193877551020408,1.0204081632653061,0,Friends
41031,Friends,Andrea’s Mountain Hut,2014,119,1.0,13.77,0.0,9.99,4,10.2,1.4500000000000455,4.75,0.24771723408246826,0.004389210306521729,4.77912349311153,2.301584592660462,0.08394957983193277,0.8403361344537815,0,Friends
41032,Friends,First Aid Jungle Bike,2014,156,1.0,19.13,10.5,14.99,4,10.93,1.4500000000000455,4.75,0.1831605505964009,-0.06433649515373596,5.049856007249537,2.7073833121145063,0.09608974358974359,0.6410256410256411,0,Friends
41033,Friends,Jungle Falls Rescue,2014,183,1.0,25.76,17.6,19.99,4,25.0,1.4500000000000455,4.75,0.19111539433753078,0.048208880227526674,5.209486152841421,2.995232148512309,0.10923497267759562,0.546448087431694,0,Friends
41034,Friends,Summer Caravan,2014,297,2.0,32.28,0.0,29.99,4,32.47,1.4500000000000455,4.75,0.05205719762194705,0.016867538979111085,5.6937321388027,3.4008639927609177,0.10097643097643097,0.6734006734006734,0,Friends
41035,Friends,Heartlake Juice Bar,2014,277,2.0,34.5,25.5,29.99,4,23.0,1.4500000000000455,4.75,0.10143895940932923,-0.05433540301417661,5.6240175061873385,3.4008639927609177,0.10826714801444043,0.7220216606498195,0,Friends
41036,Friends,Jungle Bridge Rescue,2014,365,2.0,32.53,18.0,29.99,3,30.47,1.4500000000000455,4.75,0.057669710578500455,0.0033484568060804243,5.8998973535824915,3.4008639927609177,0.08216438356164384,0.547945205479452,0,Friends
41037,Friends,Stephanie’s Beach House,2014,369,2.0,35.4,31.63,39.99,3,72.93,1.4500000000000455,4.75,-0.08064331165032446,0.1348484128818579,5.910796644040527,3.688629422858727,0.1083739837398374,0.5420054200542005,0,Friends
41038,Friends,Jungle Rescue Base,2014,473,2.0,57.88,39.67,59.99,3,67.6,1.4500000000000455,4.75,-0.024391382099035908,0.02546193487296544,6.159095388491933,4.094177881665002,0.12682875264270613,0.42283298097251587,0,Friends
41039,Friends,Sunshine Ranch,2014,721,2.0,62.67,48.78,69.99,2,115.8,1.4500000000000455,4.75,-0.07335604409873753,0.11182472989862124,6.580639137284949,4.248352374701448,0.09707350901525658,0.27739251040221913,0,Friends
41040,Friends,Friends Advent Calendar,2014,228,2.0,36.33,0.0,29.99,4,36.07,1.4500000000000455,4.75,0.141407292189778,0.03962766230195003,5.429345628954441,3.4008639927609177,0.13153508771929823,0.8771929824561403,0,Friends
4105,Creator,Creator Bucket,2002,500,0.0,22.17,11.33,9.99,3,26.87,13.450000000000045,16.75,0.06105963215701382,0.060849708507111355,6.214608098422191,2.301584592660462,0.01998,0.0,0,Creator
41050,Disney princess,Ariel’s Amazing Treasures,2014,77,1.0,18.33,0.0,12.99,4,18.73,1.4500000000000455,4.75,0.26806120647935994,0.08008679919456552,4.343805421853684,2.5641798306825083,0.1687012987012987,1.2987012987012987,1,Other
41051,Disney princess,Merida’s Highland Games,2014,145,1.0,24.31,12.5,19.99,4,49.2,1.4500000000000455,4.75,0.14446230491138,0.20878163861965793,4.976733742420574,2.995232148512309,0.13786206896551723,0.6896551724137931,1,Other
41052,Disney princess,Ariel’s Magical Kiss,2014,250,2.0,29.76,22.4,29.99,4,42.27,1.4500000000000455,4.75,-0.005295434866395499,0.07492995286395465,5.521460917862246,3.4008639927609177,0.11996,0.8,1,Other
41053,Disney princess,Cinderella’s Dream Carriage,2014,274,1.0,32.13,21.4,29.99,4,20.73,1.4500000000000455,4.75,0.04868321563471212,-0.0747983756093864,5.6131281063880705,3.4008639927609177,0.10945255474452555,0.36496350364963503,1,Other
41054,Disney princess,Rapunzel’s Creativity Tower,2014,299,2.0,41.85,39.0,39.99,4,62.67,1.4500000000000455,4.75,0.03185005548696118,0.09919673470272561,5.700443573390687,3.688629422858727,0.13374581939799332,0.6688963210702341,1,Other
41055,Disney princess,Cinderella’s Romantic Castle,2014,646,2.0,70.33,43.0,69.99,3,82.8,1.4500000000000455,4.75,0.0033477122299609974,0.03601783101392808,6.470799503782602,4.248352374701448,0.10834365325077398,0.30959752321981426,1,Other
41056,Friends,Heartlake News Van,2014,278,2.0,39.8,19.0,24.99,4,15.0,1.4500000000000455,4.75,0.3784496502991541,-0.10188576581423336,5.627621113690637,3.218475744846861,0.08989208633093525,0.7194244604316546,0,Friends
41057,Friends,Heartlake Horse Show,2014,355,2.0,55.05,0.0,39.99,3,94.33,1.4500000000000455,4.75,0.24660315045505699,0.19801657696933117,5.872117789475416,3.688629422858727,0.11264788732394367,0.5633802816901409,0,Friends
41058,Friends,Heartlake Shopping Mall,2014,1120,4.0,104.78,80.0,109.99,2,151.87,1.4500000000000455,4.75,-0.03291276764534168,0.07028316147079439,7.02108396428914,4.700389452569025,0.09820535714285714,0.35714285714285715,0,Friends
41059,Friends,Jungle Tree House,2014,320,1.0,41.08,25.0,29.99,4,45.67,1.4500000000000455,4.75,0.24235043579501103,0.09258086098611629,5.768320995793772,3.4008639927609177,0.09371874999999999,0.3125,0,Friends
4107,Creator,Build Your Dreams,2002,1000,0.0,31.11,19.6,19.99,2,18.75,13.450000000000045,16.75,0.033431220022106745,-0.0038158887489192495,6.907755278982137,2.995232148512309,0.019989999999999997,0.0,0,Creator
4116,Creator,Animal Adventures Bucket,2001,209,2.0,10.73,8.67,9.99,4,,14.450000000000045,17.75,0.004957504987952666,,5.342334251964811,2.301584592660462,0.04779904306220096,0.9569377990430622,0,Creator
4120,Creator,Fun and Cool Transportation,2001,606,2.0,23.13,21.18,19.99,3,37.67,14.450000000000045,17.75,0.010147914454320395,0.03634237839909571,6.406879986069314,2.995232148512309,0.032986798679867986,0.33003300330033003,0,Creator
4121,Creator,All Kinds of Animals,2001,171,2.0,41.5,18.64,19.99,4,43.0,14.450000000000045,17.75,0.05185045749913919,0.04409775998785337,5.14166355650266,2.995232148512309,0.11690058479532163,1.1695906432748537,0,Creator
4181,Pirates of Caribean,Isla De La Muerta,2011,152,4.0,44.16,23.19,19.99,4,57.33,4.4500000000000455,7.75,0.19495615598580618,0.14562156555684513,5.0238805208462765,2.995232148512309,0.13151315789473683,2.6315789473684212,1,Other
4182,Pirates of Caribean,The Cannibal Escape,2011,279,4.0,39.62,21.13,29.99,4,45.33,4.4500000000000455,7.75,0.06457700194412763,0.05475011418777598,5.631211781821365,3.4008639927609177,0.10749103942652329,1.4336917562724014,1,Other
4183,Pirates of Caribean,The Mill,2011,365,4.0,45.1,31.6,39.99,3,35.53,4.4500000000000455,7.75,0.027391541848374557,-0.015142505819577323,5.8998973535824915,3.688629422858727,0.10956164383561644,1.095890410958904,1,Other
4184,Pirates of Caribean,Black Pearl,2011,804,6.0,252.87,202.26,99.99,2,425.53,4.4500000000000455,7.75,0.23182348834817423,0.2054741054187439,6.6895992691789665,4.605070180987758,0.12436567164179103,0.746268656716418,1,Other
4191,Pirates of Caribean,The Captain’s Cabin,2011,95,3.0,18.91,12.73,11.99,4,26.4,4.4500000000000455,7.75,0.10781105743912156,0.10721073925390923,4.553876891600541,2.4840729690394228,0.12621052631578947,3.1578947368421053,1,Other
4192,Pirates of Caribean,Fountain of Youth,2011,125,3.0,43.82,24.4,19.99,4,51.53,4.4500000000000455,7.75,0.19288247485802712,0.12996287248644212,4.8283137373023015,2.995232148512309,0.15991999999999998,2.4,1,Other
4193,Pirates of Caribean,The London Escape,2011,462,5.0,49.38,42.33,49.99,3,68.73,4.4500000000000455,7.75,-0.002755186590420289,0.04193448901748531,6.135564891081739,3.911822985425479,0.1082034632034632,1.0822510822510822,1,Other
4194,Pirates of Caribean,Whitecap Bay,2011,746,6.0,78.72,53.13,79.99,2,89.2,4.4500000000000455,7.75,-0.00359002894685867,0.014161192711832138,6.61472560020376,4.3819016268607305,0.10722520107238605,0.8042895442359249,1,Other
4195,Pirates of Caribean,Gueen Anne’s Revenge,2011,1097,7.0,286.04,204.83,119.99,2,497.6,4.4500000000000455,7.75,0.21557681505079684,0.2014557576998064,7.00033446027523,4.787408405976297,0.10938012762078395,0.6381039197812215,1,Other
41999,Technic,4x4 Crawler Exclusive Edition,2013,1585,0.0,338.29,298.5,199.99,1,402.13,2.4500000000000455,5.75,0.23929834362453195,0.12916640023967263,7.368339686311381,5.2982673652979955,0.12617665615141957,0.0,0,Technic
4200,City,Mining 4x4,2012,102,1.0,17.32,10.25,11.99,4,18.07,3.4500000000000455,6.75,0.1124952753172952,0.06265174186384037,4.624972813284271,2.4840729690394228,0.11754901960784314,0.9803921568627451,0,City
42000,Technic,Grand Prix Racer,2013,1141,0.0,138.02,97.47,129.99,2,214.73,2.4500000000000455,5.75,0.024767488150791106,0.09121430030642674,7.039660349862076,4.867457524419928,0.11392638036809817,0.0,0,Technic
42001,Technic,Mini Off-Roader,2013,100,0.0,22.29,3.5,12.99,4,19.07,2.4500000000000455,5.75,0.24656422843752712,0.06905125832560954,4.605170185988092,2.5641798306825083,0.12990000000000002,0.0,0,Technic
42002,Technic,Hovercraft,2013,170,0.0,35.13,18.58,19.99,4,23.47,2.4500000000000455,5.75,0.2587661138455377,0.02830462828066871,5.135798437050262,2.995232148512309,0.11758823529411763,0.0,0,Technic
42004,Technic,Mini Backhoe Loader,2013,246,0.0,41.27,19.25,24.99,4,42.8,2.4500000000000455,5.75,0.2272295420259034,0.09809412363709846,5.5053315359323625,3.218475744846861,0.10158536585365853,0.0,0,Technic
42005,Technic,Monster Truck,2013,329,0.0,63.88,23.95,49.99,4,62.33,2.4500000000000455,5.75,0.10525362310430952,0.03911425485208797,5.796057750765372,3.911822985425479,0.1519452887537994,0.0,0,Technic
42006,Technic,Excavator,2013,720,0.0,120.27,58.47,79.99,2,122.2,2.4500000000000455,5.75,0.18112139485823708,0.07648052065574618,6.579251212010101,4.3819016268607305,0.11109722222222221,0.0,0,Technic
42007,Technic,Moto Cross Bike,2013,253,0.0,44.5,40.22,39.99,4,77.27,2.4500000000000455,5.75,0.04458140015200751,0.12137141090897585,5.53338948872752,3.688629422858727,0.15806324110671938,0.0,0,Technic
42008,Technic,Service Truck,2013,1276,0.0,104.39,84.2,129.99,1,165.73,2.4500000000000455,5.75,-0.08562988772838875,0.043148873317240044,7.151485463904735,4.867457524419928,0.10187304075235111,0.0,0,Technic
42009,Technic,Mobile Crane MK II,2013,2606,0.0,196.57,167.4,219.99,1,314.27,2.4500000000000455,5.75,-0.04490482248169547,0.06399387516738964,7.8655717576847906,5.393582090773818,0.08441673062164237,0.0,0,Technic
4201,City,Loader and Tipper,2012,139,2.0,26.65,16.47,17.99,4,41.73,3.4500000000000455,6.75,0.12064593545125435,0.13275473084821154,4.9344739331306915,2.8898160479624417,0.12942446043165468,1.4388489208633093,0,City
42010,Technic,Off-road Racer,2013,160,0.0,26.82,16.33,19.99,4,25.07,2.4500000000000455,5.75,0.127458070653498,0.04016653325322528,5.075173815233827,2.995232148512309,0.12493749999999999,0.0,0,Technic
42011,Technic,Race Car,2013,158,0.0,34.47,19.88,19.99,4,33.73,2.4500000000000455,5.75,0.24905929868437715,0.09525100500528838,5.062595033026967,2.995232148512309,0.12651898734177214,0.0,0,Technic
4202,City,Mining Truck,2012,269,1.0,43.16,28.07,34.99,4,48.0,3.4500000000000455,6.75,0.06271464321124998,0.04794946428473268,5.594711379601839,3.5550623063795967,0.1300743494423792,0.37174721189591076,0,City
42020,Technic,Twin Rotor Helicopter,2014,145,0.0,19.89,20.0,12.99,4,25.67,1.4500000000000455,4.75,0.3415407964700323,0.15418972488364768,4.976733742420574,2.5641798306825083,0.08958620689655172,0.0,0,Technic
42021,Technic,Snowmobile,2014,186,0.0,25.33,20.67,19.99,4,28.27,1.4500000000000455,4.75,0.17736737426267002,0.07568955195283578,5.225746673713202,2.995232148512309,0.10747311827956989,0.0,0,Technic
42022,Technic,Hot Rod,2014,414,0.0,39.81,31.4,39.99,3,47.2,1.4500000000000455,4.75,-0.003106396752613927,0.03551385637515314,6.025865973825314,3.688629422858727,0.09659420289855072,0.0,0,Technic
42023,Technic,Construction Crew,2014,833,0.0,82.83,40.48,69.99,2,90.13,1.4500000000000455,4.75,0.12318016693342826,0.054685113944868524,6.725033642166843,4.248352374701448,0.08402160864345738,0.0,0,Technic
42024,Technic,Container Truck,2014,948,0.0,86.25,53.69,79.99,2,99.47,1.4500000000000455,4.75,0.05333827863685214,0.046954161763836044,6.854354502255021,4.3819016268607305,0.08437763713080168,0.0,0,Technic
42025,Technic,Cargo Plane,2014,1297,0.0,132.69,112.2,139.99,1,183.47,1.4500000000000455,4.75,-0.036260998309882275,0.058595674860201674,7.167809184316444,4.941570991486734,0.1079336931380108,0.0,0,Technic
42026,Technic,Black Champion Racer,2014,137,0.0,31.52,0.0,19.99,4,25.07,1.4500000000000455,4.75,0.36897481472280913,0.04882608998360527,4.919980925828125,2.995232148512309,0.14591240875912406,0.0,0,Technic
42027,Technic,Desert Racer,2014,148,0.0,30.71,0.0,19.99,4,36.0,1.4500000000000455,4.75,0.3446149834841472,0.13184591215848473,4.997212273764115,2.995232148512309,0.13506756756756755,0.0,0,Technic
42028,Technic,Bulldozer,2014,617,0.0,75.84,40.49,49.99,3,96.47,1.4500000000000455,4.75,0.3330242817687854,0.1484370309966363,6.424869023905388,3.911822985425479,0.08102106969205836,0.0,0,Technic
42029,Technic,Customised Pick-Up Truck,2014,1063,0.0,93.0,74.73,99.99,2,161.2,1.4500000000000455,4.75,-0.04875134592952812,0.10577035057202044,6.968850378341948,4.605070180987758,0.09406396989651929,0.0,0,Technic
4203,City,Excavator Transporter,2012,305,2.0,38.91,25.73,39.99,4,64.53,3.4500000000000455,6.75,-0.00790428708103541,0.07346207436284935,5.720311776607412,3.688629422858727,0.13111475409836065,0.6557377049180327,0,City
42030,Technic,VOLVO L350F Front Loader,2014,1636,0.0,231.48,320.0,249.95,1,287.73,1.4500000000000455,4.75,-0.05156597485757175,0.03007748751627215,7.400009517162692,5.521260897859579,0.152781173594132,0.0,0,Technic
4204,City,The Mine,2012,748,4.0,95.62,67.53,99.99,2,116.13,3.4500000000000455,6.75,-0.012869564723898552,0.022416455613813335,6.617402977974478,4.605070180987758,0.13367647058823529,0.5347593582887701,0,City
4205,City,Off-Road Command Centre,2012,403,3.0,88.2,37.87,39.99,3,61.85,3.4500000000000455,6.75,0.25768012365187354,0.06673741007735878,5.998936561946683,3.688629422858727,0.09923076923076923,0.7444168734491315,0,City
4206,Trains,9V Train Switching Track Collection,2006,27,0.0,32.33,0.0,44.99,4,41.8,9.450000000000045,12.75,-0.03436338254665661,-0.005751545446929129,3.295836866004329,3.806440242853081,1.6662962962962964,0.0,0,Trains
4206-2,City,Recycling Truck,2012,297,3.0,31.63,19.27,29.99,4,40.07,3.4500000000000455,6.75,0.01555217229193051,0.043862723494600964,5.6937321388027,3.4008639927609177,0.10097643097643097,1.0101010101010102,0,City
4207,City,City Garage,2012,933,5.0,123.98,80.07,119.99,2,153.87,3.4500000000000455,6.75,0.009526791179988336,0.037531565920401855,6.838405200847344,4.787408405976297,0.12860664523043944,0.5359056806002144,0,City
4208,City,Fire Truck,2012,243,1.0,37.05,17.47,19.99,4,35.67,3.4500000000000455,6.75,0.19584263812754132,0.08957674254573877,5.493061443340548,2.995232148512309,0.0822633744855967,0.411522633744856,0,City
4209,City,Fire Plane,2012,522,3.0,56.06,32.87,59.99,3,65.93,3.4500000000000455,6.75,-0.019447634469331065,0.014085792771626249,6.257667587882639,4.094177881665002,0.11492337164750958,0.5747126436781609,0,City
4210,City,Coast Guard Platform,2008,469,4.0,202.71,84.53,49.99,3,89.8,7.4500000000000455,10.75,0.2067287765959167,0.05600137506799707,6.150602768446279,3.911822985425479,0.10658848614072496,0.8528784648187633,0,City
4400,Creator,Build With Bricks,2003,705,0.0,38.07,16.0,19.99,2,37.5,12.450000000000045,15.75,0.05310455829164762,0.04075188146295128,6.558197802812269,2.995232148512309,0.028354609929078012,0.0,0,Creator
44000,Hero factory,FURNO XL,2013,103,0.0,23.23,12.75,19.99,4,33.4,2.4500000000000455,5.75,0.06322972169346586,0.09337986897372708,4.634728988229636,2.995232148512309,0.19407766990291261,0.0,0,Hero factory
44001,Hero factory,PYROX,2013,50,0.0,20.62,12.15,12.99,4,20.73,2.4500000000000455,5.75,0.20756357377471657,0.08468250386351239,3.912023005428146,2.5641798306825083,0.25980000000000003,0.0,0,Hero factory
44002,Hero factory,ROCKA,2013,43,0.0,18.98,9.33,9.99,4,19.33,2.4500000000000455,5.75,0.2994741383656372,0.12164395511594317,3.7612001156935624,2.301584592660462,0.23232558139534884,0.0,0,Hero factory
44003,Hero factory,SCAROX,2013,46,0.0,14.67,5.0,9.99,4,19.6,2.4500000000000455,5.75,0.16979028550966646,0.12435307014392949,3.828641396489095,2.301584592660462,0.21717391304347827,0.0,0,Hero factory
44004,Hero factory,BULK,2013,50,0.0,18.75,9.5,9.99,4,18.07,2.4500000000000455,5.75,0.2930235725395949,0.10857209321124062,3.912023005428146,2.301584592660462,0.1998,0.0,0,Hero factory
44005,Hero factory,BRUIZER,2013,62,0.0,13.47,8.67,12.99,4,26.8,2.4500000000000455,5.75,0.014920484754382901,0.13422734074265708,4.127134385045092,2.5641798306825083,0.20951612903225808,0.0,0,Hero factory
44006,Hero factory,BREEZ,2013,49,0.0,15.13,8.5,9.99,4,19.33,2.4500000000000455,5.75,0.18462527877839063,0.12164395511594317,3.8918202981106265,2.301584592660462,0.20387755102040817,0.0,0,Hero factory
44007,Hero factory,OGRUM,2013,59,0.0,12.68,0.0,12.99,4,17.47,2.4500000000000455,5.75,-0.009810289272014328,0.05288219930122784,4.07753744390572,2.5641798306825083,0.22016949152542373,0.0,0,Hero factory
44008,Hero factory,SURGE,2013,66,0.0,27.04,0.0,12.99,4,45.47,2.4500000000000455,5.75,0.34883298557812736,0.24345145636233223,4.189654742026425,2.5641798306825083,0.1968181818181818,0.0,0,Hero factory
44009,Hero factory,DRAGON BOLT,2013,149,0.0,39.0,16.0,19.99,4,40.0,2.4500000000000455,5.75,0.3136211364299786,0.12821226551177167,5.003946305945459,2.995232148512309,0.13416107382550335,0.0,0,Hero factory
44010,Hero factory,STORMER,2013,69,0.0,23.87,0.0,12.99,4,23.73,2.4500000000000455,5.75,0.2819007306545027,0.11048081164105983,4.23410650459726,2.5641798306825083,0.1882608695652174,0.0,0,Hero factory
44011,Hero factory,FROST BEAST,2013,60,0.0,22.08,9.0,12.99,4,33.8,2.4500000000000455,5.75,0.2417572411789588,0.1809388222557642,4.0943445622221,2.5641798306825083,0.2165,0.0,0,Hero factory
44012,Hero factory,EVO,2013,51,0.0,18.97,0.0,9.99,4,30.6,2.4500000000000455,5.75,0.2991946439898494,0.21492329360583584,3.9318256327243257,2.301584592660462,0.19588235294117648,0.0,0,Hero factory
44013,Hero factory,AQUAGON,2013,41,0.0,15.81,7.0,9.99,4,16.13,2.4500000000000455,5.75,0.20607421692138495,0.08689074831848242,3.713572066704308,2.301584592660462,0.24365853658536585,0.0,0,Hero factory
44014,Hero factory,JET ROCKA,2013,290,0.0,29.85,17.8,34.99,4,39.13,2.4500000000000455,5.75,-0.06279004048991055,0.01963854464141135,5.66988092298052,3.5550623063795967,0.12065517241379312,0.0,0,Hero factory
44015,Hero factory,EVO Walker,2014,51,0.0,13.05,0.0,9.99,4,21.53,1.4500000000000455,4.75,0.20235039571777502,0.17545500296262273,3.9318256327243257,2.301584592660462,0.19588235294117648,0.0,0,Hero factory
44016,Hero factory,JAW Beast vs. STORMER,2014,49,0.0,15.3,0.0,9.99,4,23.0,1.4500000000000455,4.75,0.34175451035059323,0.19191340678307234,3.8918202981106265,2.301584592660462,0.20387755102040817,0.0,0,Hero factory
44017,Hero factory,STORMER Freeze Machine,2014,88,0.0,23.06,54.0,14.99,4,51.53,1.4500000000000455,4.75,0.34587674681087077,0.29687025184905025,4.477336814478207,2.7073833121145063,0.1703409090909091,0.0,0,Hero factory
44018,Hero factory,FURNO Jet Machine,2014,79,0.0,21.76,0.0,14.99,4,32.07,1.4500000000000455,4.75,0.29308089544448634,0.1736437203345147,4.3694478524670215,2.7073833121145063,0.18974683544303797,0.0,0,Hero factory
44019,Hero factory,ROCKA Stealth Machine,2014,89,0.0,19.89,0.0,14.99,4,37.2,1.4500000000000455,4.75,0.2153812089788405,0.21088648808030763,4.48863636973214,2.7073833121145063,0.16842696629213483,0.0,0,Hero factory
44020,Hero factory,FLYER Beast vs. BREEZ,2014,91,0.0,18.56,6.41,14.99,4,22.13,1.4500000000000455,4.75,0.158733817802877,0.08546742814190234,4.51085950651685,2.7073833121145063,0.16472527472527473,0.0,0,Hero factory
44021,Hero factory,SPLITTER Beast vs. FURNO & EVO,2014,108,0.0,22.45,0.0,19.99,4,42.2,1.4500000000000455,4.75,0.08333074794223472,0.1703498861691084,4.68213122712422,2.995232148512309,0.1850925925925926,0.0,0,Hero factory
44022,Hero factory,EVO XL Machine,2014,193,0.0,26.06,0.0,24.99,4,58.67,1.4500000000000455,4.75,0.02933644177059702,0.19682745590469475,5.262690188904886,3.218475744846861,0.12948186528497407,0.0,0,Hero factory
44023,Hero factory,ROCKA Crawler,2014,49,0.0,19.85,0.0,9.0,4,23.93,1.4500000000000455,4.75,0.7254761735571393,0.22860015604062522,3.8918202981106265,2.1972245773362196,0.1836734693877551,0.0,0,Hero factory
44024,Hero factory,TUNNELER Beast vs. SURGE,2014,59,0.0,21.57,0.0,9.99,4,26.6,1.4500000000000455,4.75,0.7003610288757449,0.22896705751143842,4.07753744390572,2.301584592660462,0.16932203389830508,0.0,0,Hero factory
44026,Hero factory,CRYSTAL Beast vs. BULK,2014,83,0.0,25.56,0.0,14.99,4,40.67,1.4500000000000455,4.75,0.44488719587064507,0.2338358270294736,4.418840607796598,2.7073833121145063,0.18060240963855423,0.0,0,Hero factory
44028,Hero factory,SURGE & ROCKA Combat Machine,2014,188,0.0,36.21,13.5,24.99,4,34.8,1.4500000000000455,4.75,0.2914494946780277,0.07220151981182221,5.236441962829949,3.218475744846861,0.13292553191489362,0.0,0,Hero factory
44029,Hero factory,"“Queen Beast vs. Furno, Evo and Stormer”",2014,217,4.0,51.2,0.0,34.99,4,105.33,1.4500000000000455,4.75,0.3002232983785871,0.26112927951505505,5.37989735354046,3.5550623063795967,0.1612442396313364,1.8433179723502304,0,Hero factory
4408,Creator,Animals,2004,202,0.0,21.22,12.5,9.99,4,26.75,11.450000000000045,14.75,0.0680083865253358,0.06905626407748833,5.308267697401205,2.301584592660462,0.04945544554455446,0.0,0,Creator
4427,City,Fire ATV,2012,50,1.0,13.3,5.0,5.99,4,11.67,3.4500000000000455,6.75,0.26012315212777426,0.10385041995788069,3.912023005428146,1.7900914121273581,0.1198,2.0,0,City
4428,City,City Advent Calendar,2012,248,7.0,46.0,27.53,39.99,4,33.27,3.4500000000000455,6.75,0.04141793203740152,-0.026887234219224787,5.5134287461649825,3.688629422858727,0.16125,2.8225806451612905,0,City
4429,City,Helicopter Rescue,2012,425,4.0,65.71,37.53,59.99,3,69.27,3.4500000000000455,6.75,0.0267495549104122,0.02153739776318342,6.052089168924417,4.094177881665002,0.1411529411764706,0.9411764705882353,0,City
4430,City,Fire Transporter,2012,522,3.0,84.79,47.6,49.99,3,93.13,3.4500000000000455,6.75,0.16549544159897578,0.09655542439061482,6.257667587882639,3.911822985425479,0.09576628352490422,0.5747126436781609,0,City
4431,City,Ambulance,2012,199,3.0,41.1,20.93,19.99,4,68.87,3.4500000000000455,6.75,0.23234711162993849,0.20112372807888512,5.293304824724492,2.995232148512309,0.10045226130653266,1.5075376884422111,0,City
4432,City,Garbage Truck,2012,208,2.0,44.14,22.2,19.99,4,54.27,3.4500000000000455,6.75,0.2581018679417313,0.15946813823618267,5.337538079701318,2.995232148512309,0.09610576923076922,0.9615384615384616,0,City
4433,City,Dirt Bike Transporter,2012,201,2.0,33.47,20.4,19.99,4,56.87,3.4500000000000455,6.75,0.16113309939940668,0.16753442299447618,5.303304908059076,2.995232148512309,0.09945273631840795,0.9950248756218906,0,City
4434,City,Dump Truck,2012,222,2.0,28.57,16.33,19.99,4,35.87,3.4500000000000455,6.75,0.10906188838207309,0.09047965599623842,5.402677381872279,2.995232148512309,0.09004504504504504,0.9009009009009009,0,City
4435,City,Car and Caravan,2012,218,2.0,46.0,25.07,19.99,4,18.07,3.4500000000000455,6.75,0.2732439026517064,-0.014848515591220912,5.384495062789089,2.995232148512309,0.09169724770642201,0.9174311926605505,0,City
4436,City,Patrol Car,2012,97,2.0,15.89,10.6,11.99,4,23.0,3.4500000000000455,6.75,0.08505222478672114,0.10131712667227322,4.574710978503383,2.4840729690394228,0.12360824742268041,2.0618556701030926,0,City
4437,City,Police Pursuit,2012,129,2.0,16.97,10.53,17.99,4,19.33,3.4500000000000455,6.75,-0.01677622684761637,0.010700136945076544,4.859812404361672,2.8898160479624417,0.13945736434108527,1.550387596899225,0,City
4438,City,Robbers’ Hideout,2012,317,4.0,94.27,42.33,39.99,4,61.87,3.4500000000000455,6.75,0.2821783388743042,0.0667885057637716,5.75890177387728,3.688629422858727,0.12615141955835962,1.2618296529968454,0,City
4439,City,Heavy-Lift Helicopter,2012,393,3.0,54.18,33.4,49.99,3,67.53,3.4500000000000455,6.75,0.023604377437550506,0.04556290055477241,5.973809611869261,3.911822985425479,0.12720101781170484,0.7633587786259542,0,City
4440,City,Forest Police Station,2012,633,5.0,87.55,59.87,79.99,3,89.87,3.4500000000000455,6.75,0.026521966911346784,0.017403416859305132,6.450470422144176,4.3819016268607305,0.12636650868878357,0.7898894154818326,0,City
4441,City,Police Dog Van,2012,313,2.0,52.56,25.27,34.99,4,31.33,3.4500000000000455,6.75,0.12517662085716674,-0.0162350930102787,5.746203190540153,3.5550623063795967,0.1117891373801917,0.6389776357827476,0,City
4475,Star Wars,Jabba’s Message,2003,46,3.0,42.47,34.73,6.99,4,25.13,12.450000000000045,15.75,0.1559529762195051,0.08463474372861368,3.828641396489095,1.944480556245719,0.15195652173913043,6.521739130434782,1,Star Wars
4476,Star Wars,Jabba’s Prize,2003,40,2.0,35.87,22.53,6.99,4,36.53,12.450000000000045,15.75,0.14037721178362728,0.11070378987736018,3.6888794541139363,1.944480556245719,0.17475000000000002,5.0,1,Star Wars
4477,Star Wars,T6 Skyhopper,2003,98,1.0,36.53,16.93,14.99,4,27.27,12.450000000000045,15.75,0.07416780532812339,0.03872489398232126,4.584967478670572,2.7073833121145063,0.1529591836734694,1.0204081632653061,1,Star Wars
4478,Star Wars,Geonosian Fighter,2003,170,4.0,66.73,28.27,19.99,4,39.2,12.450000000000045,15.75,0.10166324926575188,0.04368569655352639,5.135798437050262,2.995232148512309,0.11758823529411763,2.3529411764705883,1,Star Wars
4479,Star Wars,TIE Bomber,2003,230,1.0,129.27,45.6,29.99,4,85.67,12.450000000000045,15.75,0.1245158078660864,0.06891458580163001,5.438079308923196,3.4008639927609177,0.1303913043478261,0.43478260869565216,1,Star Wars
4480,Star Wars,Jabba’s Palace,2003,231,4.0,139.5,83.33,29.99,4,120.13,12.450000000000045,15.75,0.1314159805344779,0.09210672163498401,5.442417710521793,3.4008639927609177,0.12982683982683982,1.7316017316017316,1,Star Wars
4481,Star Wars,Hailfire Droid,2003,681,0.0,131.87,66.33,49.99,2,84.13,12.450000000000045,15.75,0.081026586598405,0.03360239762072048,6.523562306149512,3.911822985425479,0.07340675477239354,0.0,1,Star Wars
4482,Star Wars,AT-TE,2003,658,4.0,241.8,89.93,69.99,3,148.27,12.450000000000045,15.75,0.10470574024222579,0.048816499199967556,6.489204931325317,4.248352374701448,0.10636778115501519,0.60790273556231,1,Star Wars
4483,Star Wars,AT-AT,2003,1068,4.0,268.2,141.67,99.99,2,219.0,12.450000000000045,15.75,0.08247493217462276,0.0510376098894989,6.97354301952014,4.605070180987758,0.09362359550561797,0.37453183520599254,1,Star Wars
4488,Star Wars,Millennium Falcon,2003,87,0.0,32.44,30.53,6.99,4,25.2,12.450000000000045,15.75,0.1312079885541899,0.08482632042970883,4.465908118654584,1.944480556245719,0.0803448275862069,0.0,1,Star Wars
4489,Star Wars,AT-AT,2003,98,0.0,25.95,22.33,6.99,4,20.73,12.450000000000045,15.75,0.11110688384795542,0.07146011232019522,4.584967478670572,1.944480556245719,0.0713265306122449,0.0,1,Star Wars
4490,Star Wars,Republic Gunship,2003,102,0.0,21.2,15.0,6.99,4,16.13,12.450000000000045,15.75,0.09320978139927205,0.05452674655256451,4.624972813284271,1.944480556245719,0.06852941176470588,0.0,1,Star Wars
4491,Star Wars,MTT,2003,99,0.0,14.6,10.8,6.99,4,16.53,12.450000000000045,15.75,0.060944890794732975,0.05616813108818697,4.59511985013459,1.944480556245719,0.0706060606060606,0.0,1,Star Wars
4492,Star Wars,Star Destroyer,2004,87,0.0,19.56,11.67,6.99,4,14.2,11.450000000000045,14.75,0.09403153512998563,0.04922481586200034,4.465908118654584,1.944480556245719,0.0803448275862069,0.0,1,Star Wars
4493,Star Wars,Sith Infiltrator,2004,55,0.0,16.0,8.87,6.99,4,7.27,11.450000000000045,14.75,0.07500343539635312,0.002666310013936135,4.007333185232471,1.944480556245719,0.1270909090909091,0.0,1,Star Wars
4494,Star Wars,Imperial Shuttle,2004,82,0.0,17.38,14.38,6.99,4,16.33,11.450000000000045,14.75,0.08279894763355755,0.059213876277127486,4.406719247264253,1.944480556245719,0.0852439024390244,0.0,1,Star Wars
4495,Star Wars,AT-TE,2004,63,0.0,25.0,13.69,6.99,4,13.73,11.450000000000045,14.75,0.11773117802080768,0.04683326828292578,4.143134726391533,1.944480556245719,0.11095238095238096,0.0,1,Star Wars
4496-2,Creator,50th Anniversary Tub,2005,1000,0.0,46.5,17.0,19.99,2,,10.450000000000045,13.75,0.08413953664157603,,6.907755278982137,2.995232148512309,0.019989999999999997,0.0,0,Creator
4500,Star Wars,Rebel Snowspeeder,2004,214,3.0,51.07,22.6,19.99,4,41.0,11.450000000000045,14.75,0.08536718452547709,0.0499063937677755,5.365976015021851,2.995232148512309,0.09341121495327102,1.4018691588785046,1,Star Wars
4501,Star Wars,Mos Eisley Cantina,2004,193,5.0,137.67,88.07,29.99,4,63.13,11.450000000000045,14.75,0.14236428135286538,0.05175815078485724,5.262690188904886,3.4008639927609177,0.15538860103626942,2.5906735751295336,1,Star Wars
4502,Star Wars,X-wing Fighter,2004,563,2.0,166.53,78.87,49.99,3,141.4,11.450000000000045,14.75,0.11081756267132414,0.07303691396063616,6.333279628139691,3.911822985425479,0.08879218472468917,0.3552397868561279,1,Star Wars
4504,Star Wars,Millennium Falcon,2004,985,5.0,212.69,94.77,99.99,2,173.13,11.450000000000045,14.75,0.0681395390129238,0.03791976052442303,6.892641641172089,4.605070180987758,0.10151269035532995,0.5076142131979695,1,Star Wars
4526,Batman,Batman,2012,40,0.0,36.56,13.07,14.99,4,25.0,3.4500000000000455,6.75,0.29489097542360954,0.07872163479335592,3.6888794541139363,2.7073833121145063,0.37475,0.0,1,Batman
4527,Batman,The Joker,2012,57,0.0,20.65,10.92,14.99,4,22.0,3.4500000000000455,6.75,0.09729697164450246,0.05848473622525252,4.04305126783455,2.7073833121145063,0.2629824561403509,0.0,1,Batman
4528,Super Heroes,Green Lantern,2012,38,0.0,18.73,10.07,14.99,4,22.33,3.4500000000000455,6.75,0.06669304192356806,0.06082203433409594,3.6375861597263857,2.7073833121145063,0.3944736842105263,0.0,1,Super Heroes
4529,Super Heroes,Iron Man,2012,44,0.0,72.6,29.13,14.99,4,45.8,3.4500000000000455,6.75,0.5797554108589782,0.1799437667848025,3.784189633918261,2.7073833121145063,0.3406818181818182,0.0,1,Super Heroes
4530,Super Heroes,The Hulk,2012,39,0.0,23.78,15.0,14.99,4,28.27,3.4500000000000455,6.75,0.14311498546894397,0.09854637768046093,3.6635616461296463,2.7073833121145063,0.38435897435897437,0.0,1,Super Heroes
4534,Trains,LEGO Express,2002,456,5.0,257.87,162.53,159.99,3,244.45,13.450000000000045,16.75,0.03612757712582271,0.025630383033077297,6.1224928095143865,5.075111313280621,0.3508552631578948,1.0964912280701755,0,Trains
4535,Trains,LEGO Express Deluxe,2002,762,5.0,300.07,196.07,169.99,2,341.22,13.450000000000045,16.75,0.04315629510311325,0.04247664625032965,6.635946555686647,5.135739611790679,0.22308398950131234,0.6561679790026247,0,Trains
4597,Super Heroes,Captain America,2012,44,0.0,38.06,17.13,14.99,4,32.53,3.4500000000000455,6.75,0.3100709797613259,0.1216290500833872,3.784189633918261,2.7073833121145063,0.3406818181818182,0.0,1,Super Heroes
4642,City,Fishing Boat,2011,64,2.0,45.95,21.07,19.99,4,34.27,4.4500000000000455,7.75,0.20567380427405557,0.07202921438265153,4.1588830833596715,2.995232148512309,0.31234375,3.125,0,City
4643,City,Power Boat Transporter,2011,254,2.0,66.47,30.6,39.99,4,38.07,4.4500000000000455,7.75,0.12095899079000838,-0.0063286443926129365,5.537334267018537,3.688629422858727,0.15744094488188978,0.7874015748031497,0,City
4644,City,Marina,2011,294,5.0,54.92,31.6,49.99,4,41.8,4.4500000000000455,7.75,0.021360808530924258,-0.02282283645659966,5.683579767338681,3.911822985425479,0.17003401360544218,1.7006802721088434,0,City
4645,City,Harbour,2011,551,4.0,122.18,74.2,89.99,3,147.6,4.4500000000000455,7.75,0.07113451934535364,0.06592835133586283,6.311734809152915,4.4996985530458575,0.1633212341197822,0.7259528130671506,0,City
4701,Harry Potter,Sorting Hat,2001,48,1.0,51.58,24.19,6.99,4,42.4,14.450000000000045,17.75,0.14833735417060656,0.1068949461539963,3.871201010907891,1.944480556245719,0.145625,2.0833333333333335,1,Harry Potter
4702,Harry Potter,The Final Challenge,2001,60,2.0,47.44,28.44,9.99,4,43.07,14.450000000000045,17.75,0.11383815158875565,0.08580701045038697,4.0943445622221,2.301584592660462,0.1665,3.3333333333333335,1,Harry Potter
4704,Harry Potter,The Room of the Winged Keys,2001,175,3.0,71.38,38.2,19.99,4,66.53,14.450000000000045,17.75,0.09207771932766473,0.07008920945776254,5.1647859739235145,2.995232148512309,0.11422857142857142,1.7142857142857142,1,Harry Potter
4705,Harry Potter,Snape's Class,2001,163,3.0,62.93,41.63,19.99,4,57.53,14.450000000000045,17.75,0.08259689633445788,0.06136252904403516,5.093750200806762,2.995232148512309,0.12263803680981594,1.8404907975460123,1,Harry Potter
4706,Harry Potter,Forbidden Corridor,2001,238,3.0,96.93,65.18,29.99,4,56.73,14.450000000000045,17.75,0.08457166077464362,0.036564693616829125,5.472270673671475,3.4008639927609177,0.12600840336134453,1.2605042016806722,1,Harry Potter
4707,Harry Potter,Hagrid’s Hut,2001,299,2.0,92.13,51.73,29.99,4,69.4,14.450000000000045,17.75,0.08076633077097317,0.04840388106352478,5.700443573390687,3.4008639927609177,0.1003010033444816,0.6688963210702341,1,Harry Potter
4708,Harry Potter,Hogwarts Express,2001,410,3.0,204.27,99.57,49.99,3,122.4,14.450000000000045,17.75,0.10231567422421373,0.051743319941122135,6.016157159698354,3.911822985425479,0.1219268292682927,0.7317073170731707,1,Harry Potter
4709,Harry Potter,Hogwarts Castle,2001,682,9.0,258.07,187.31,89.99,2,182.33,14.450000000000045,17.75,0.07563244614525466,0.040583267798942835,6.525029657843462,4.4996985530458575,0.13195014662756596,1.3196480938416422,1,Harry Potter
4712,Harry Potter,Troll on the Loose,2002,71,2.0,41.27,25.8,9.99,4,35.27,13.450000000000045,16.75,0.11123109408663856,0.07821871056887408,4.2626798770413155,2.301584592660462,0.1407042253521127,2.816901408450704,1,Harry Potter
4714,Harry Potter,Gringott’s Bank,2002,250,4.0,92.53,45.81,29.99,4,60.2,13.450000000000045,16.75,0.08737573002316523,0.04247792465720157,5.521460917862246,3.4008639927609177,0.11996,1.6,1,Harry Potter
4719,Harry Potter,Quality Quidditch Supplies,2003,120,1.0,46.8,29.73,9.99,4,58.33,12.450000000000045,15.75,0.13206120803001764,0.11855063847644831,4.787491742782046,2.301584592660462,0.08325,0.8333333333333334,1,Harry Potter
4720,Harry Potter,Knockturn Alley,2003,209,2.0,97.33,59.13,19.99,4,89.07,12.450000000000045,15.75,0.13557435625229242,0.09951506607923544,5.342334251964811,2.995232148512309,0.09564593301435406,0.9569377990430622,1,Harry Potter
4721,Harry Potter,Hogwarts Classrooms,2001,73,1.0,50.8,31.0,9.99,4,50.73,14.450000000000045,17.75,0.11912544407399372,0.09586665193206922,4.290459441148391,2.301584592660462,0.13684931506849315,1.36986301369863,1,Harry Potter
4722,Harry Potter,Gryffindor House,2001,68,1.0,51.75,22.87,9.99,4,45.07,14.450000000000045,17.75,0.12056132935306274,0.08858717940166971,4.219507705176107,2.301584592660462,0.14691176470588235,1.4705882352941178,1,Harry Potter
4723,Harry Potter,Diagon Alley Shops,2001,80,1.0,57.4,34.19,9.99,4,62.87,14.450000000000045,17.75,0.12862567082424214,0.10919322876108084,4.382026634673881,2.301584592660462,0.124875,1.25,1,Harry Potter
4726,Harry Potter,Quidditch Practice,2002,128,3.0,51.53,33.27,12.99,4,39.87,13.450000000000045,16.75,0.10788452841914387,0.0692440466635953,4.852030263919617,2.5641798306825083,0.101484375,2.34375,1,Harry Potter
4727,Harry Potter,Aragog in the Dark Forest,2002,178,2.0,41.89,28.16,19.99,4,46.47,13.450000000000045,16.75,0.05654571958152732,0.05165243453534751,5.181783550292085,2.995232148512309,0.11230337078651685,1.1235955056179776,1,Harry Potter
4728,Harry Potter,Escape from Privet Drive,2002,278,3.0,112.33,67.56,29.99,4,89.6,13.450000000000045,16.75,0.10316592731724317,0.06752487270193508,5.627621113690637,3.4008639927609177,0.10787769784172661,1.079136690647482,1,Harry Potter
4729,Harry Potter,Dumbledore’s Office,2002,446,3.0,162.67,88.72,49.99,3,145.07,13.450000000000045,16.75,0.091687815718976,0.06567198932006346,6.100318952020064,3.911822985425479,0.11208520179372197,0.672645739910314,1,Harry Potter
4730,Harry Potter,The Chamber of Secrets,2002,591,5.0,223.13,127.52,69.99,3,197.8,13.450000000000045,16.75,0.09002529899932066,0.06398800999996634,6.3818160174060985,4.248352374701448,0.11842639593908628,0.8460236886632826,1,Harry Potter
4731,Harry Potter,Dobby’s Release,2002,70,2.0,28.6,21.2,6.99,4,24.0,13.450000000000045,16.75,0.11043615931735062,0.07642586162520448,4.248495242049359,1.944480556245719,0.09985714285714287,2.857142857142857,1,Harry Potter
4733,Harry Potter,The Dueling Club,2002,129,4.0,54.72,33.94,19.99,4,48.0,13.450000000000045,16.75,0.07774368446963531,0.05368827120190378,4.859812404361672,2.995232148512309,0.15496124031007752,3.10077519379845,1,Harry Potter
4735,Harry Potter,Slytherin,2002,90,3.0,55.67,31.11,9.99,4,38.53,13.450000000000045,16.75,0.13623673932023972,0.0839244585386536,4.499809670330265,2.301584592660462,0.111,3.3333333333333335,1,Harry Potter
4736,Harry Potter,Freeing Dobby,2010,73,3.0,27.23,18.84,10.99,4,31.2,5.4500000000000455,8.75,0.1811437137871139,0.12665087981645318,4.290459441148391,2.39698576841553,0.15054794520547946,4.109589041095891,1,Harry Potter
4737,Harry Potter,Quidditch Match,2010,153,5.0,90.37,53.47,19.99,4,75.13,5.4500000000000455,8.75,0.31893165422685366,0.16336060641946393,5.030437921392435,2.995232148512309,0.13065359477124183,3.2679738562091503,1,Harry Potter
4738,Harry Potter,Hagrid’s Hut,2010,442,4.0,127.87,78.12,39.99,3,129.93,5.4500000000000455,8.75,0.23773314327716832,0.14415966224452337,6.091309882077698,3.688629422858727,0.09047511312217195,0.9049773755656109,1,Harry Potter
4750,Harry Potter,Draco’s Encounter with Buckbeak,2004,36,1.0,47.27,32.17,7.99,4,28.93,11.450000000000045,14.75,0.1679573161003789,0.09115100730224546,3.58351893845611,2.0781907597781832,0.22194444444444444,2.7777777777777777,1,Harry Potter
4751,Harry Potter,Harry and the Marauder’s Map,2004,109,3.0,43.87,29.4,9.99,4,62.2,11.450000000000045,14.75,0.13794810825446135,0.13199825060586967,4.6913478822291435,2.301584592660462,0.09165137614678899,2.7522935779816513,1,Harry Potter
4752,Harry Potter,Professor Lupin’s Classroom,2004,156,3.0,75.67,56.4,19.99,4,74.07,11.450000000000045,14.75,0.12328520413949784,0.09286046488574673,5.049856007249537,2.995232148512309,0.12814102564102564,1.9230769230769231,1,Harry Potter
4753,Harry Potter,Sirius Black’s Escape,2004,188,3.0,101.47,59.93,19.99,4,110.4,11.450000000000045,14.75,0.15243885488940823,0.12283432350234946,5.236441962829949,2.995232148512309,0.10632978723404254,1.5957446808510638,1,Harry Potter
4754,Harry Potter,Hagrid’s Hut,2004,302,2.0,90.27,59.73,29.99,4,80.13,11.450000000000045,14.75,0.10102262269768536,0.06889946440058159,5.71042701737487,3.4008639927609177,0.0993046357615894,0.6622516556291391,1,Harry Potter
4755,Harry Potter,Knight Bus,2004,243,2.0,66.73,47.53,29.99,4,93.8,11.450000000000045,14.75,0.07234807889493289,0.0803753565358174,5.493061443340548,3.4008639927609177,0.12341563786008229,0.823045267489712,1,Harry Potter
4756,Harry Potter,Shrieking Shack,2004,444,4.0,273.6,170.27,49.99,3,228.07,11.450000000000045,14.75,0.16004408506421264,0.10838466942013181,6.095824562432225,3.911822985425479,0.11259009009009009,0.9009009009009009,1,Harry Potter
4757,Harry Potter,Hogwarts Castle,2004,944,9.0,325.0,206.8,89.99,2,374.2,11.450000000000045,14.75,0.11868154210190918,0.10143777811247956,6.8501261661455,4.4996985530458575,0.09532838983050847,0.9533898305084746,1,Harry Potter
4758,Harry Potter,Hogwarts Express,2004,389,4.0,184.67,95.06,39.99,3,136.4,11.450000000000045,14.75,0.14295761689774178,0.08674162704500654,5.963579343618446,3.688629422858727,0.10280205655526993,1.0282776349614395,1,Harry Potter
4762,Harry Potter,Rescue from the Merpeople,2005,175,5.0,158.47,118.21,19.99,4,137.47,10.450000000000045,13.75,0.21910624598884043,0.15053931795825815,5.1647859739235145,2.995232148512309,0.11422857142857142,2.857142857142857,1,Harry Potter
4766,Harry Potter,Graveyard Duel,2005,548,8.0,285.6,141.86,29.99,3,183.13,10.450000000000045,13.75,0.24069012093620845,0.14063805469764334,6.306275286948016,3.4008639927609177,0.05472627737226277,1.4598540145985401,1,Harry Potter
4767,Harry Potter,Harry and the Hungarian Horntail,2005,265,3.0,278.33,185.53,29.99,4,146.33,10.450000000000045,13.75,0.23763256356868512,0.12217947353709313,5.579729825986222,3.4008639927609177,0.11316981132075471,1.1320754716981132,1,Harry Potter
4768,Harry Potter,The Durmstrang Ship,2005,550,2.0,220.81,120.0,49.99,3,,10.450000000000045,13.75,0.152750884729135,,6.309918278226516,3.911822985425479,0.09089090909090909,0.36363636363636365,1,Harry Potter
4805,Castle,Ninja Knights,1999,31,5.0,37.67,17.05,5.99,4,34.6,16.450000000000045,19.75,0.11826624450302603,0.09285997427214188,3.4339872044851463,1.7900914121273581,0.1932258064516129,16.129032258064516,0,Castle
4840,Harry Potter,The Burrow,2010,568,6.0,198.64,130.77,59.99,3,210.67,5.4500000000000455,8.75,0.24569182310938498,0.15437145992964707,6.342121418721152,4.094177881665002,0.1056161971830986,1.056338028169014,1,Harry Potter
4841,Harry Potter,Hogwarts Express,2010,646,5.0,254.61,162.38,79.99,3,179.53,5.4500000000000455,8.75,0.23669947426985138,0.09679602231407536,6.470799503782602,4.3819016268607305,0.1238235294117647,0.7739938080495357,1,Harry Potter
4842,Harry Potter,Hogwarts Castle,2010,1290,11.0,378.21,275.93,129.99,1,288.4,5.4500000000000455,8.75,0.216480493484142,0.09534922957756953,7.162397497355718,4.867457524419928,0.10076744186046513,0.8527131782945736,1,Harry Potter
4850,Spider-man,Spider-Man’s First Chase,2003,191,3.0,86.5,41.27,19.99,4,45.36,12.450000000000045,15.75,0.12486568315472968,0.053402395658350255,5.25227342804663,2.995232148512309,0.10465968586387434,1.5706806282722514,1,Other
4851,Spider-man,"Spider-Man and Green Goblin, The Origins",2003,218,6.0,180.63,73.67,29.99,4,75.93,12.450000000000045,15.75,0.1551426410941319,0.060754892266692284,5.384495062789089,3.4008639927609177,0.13756880733944954,2.7522935779816513,1,Other
4852,Spider-man,"Spider-Man vs. Green Goblin, The Final Showdown",2003,360,4.0,177.75,93.67,49.99,3,29.0,12.450000000000045,15.75,0.10726385260096483,-0.03398232972452808,5.886104031450156,3.911822985425479,0.13886111111111113,1.1111111111111112,1,Other
4853,Spider-man,Spider-Man’s Street Chase,2004,73,3.0,50.19,27.87,9.99,4,32.45,11.450000000000045,14.75,0.1514026465320697,0.08314869856029294,4.290459441148391,2.301584592660462,0.13684931506849315,4.109589041095891,1,Other
4854,Spider-man,Doc Ock’s Bank Robbery,2004,174,5.0,73.5,39.53,19.99,4,18.53,11.450000000000045,14.75,0.12043437139348145,-0.005128573775948997,5.159055299214529,2.995232148512309,0.11488505747126436,2.8735632183908044,1,Other
4855,Spider-man,Spider-Man’s Train Rescue,2004,299,4.0,84.39,83.0,29.99,4,68.47,11.450000000000045,14.75,0.09456471253155496,0.057564106466126086,5.700443573390687,3.4008639927609177,0.1003010033444816,1.3377926421404682,1,Other
4856,Spider-man,Doc Ock’s Hideout,2004,486,5.0,14.89,93.93,49.99,3,19.2,11.450000000000045,14.75,-0.1003736962824876,-0.0628158060942664,6.186208623900494,3.911822985425479,0.10286008230452676,1.02880658436214,1,Other
4857,Spider-man,Doc Ock’s Fusion Lab,2004,237,4.0,87.47,47.47,19.99,4,21.25,11.450000000000045,14.75,0.1375921309304955,0.0041526490856484966,5.4680601411351315,2.995232148512309,0.08434599156118143,1.6877637130801688,1,Other
4865,Harry Potter,The Forbidden Forest,2011,64,4.0,45.2,26.13,11.99,4,43.33,4.4500000000000455,7.75,0.34744157787078,0.18030994196806094,4.1588830833596715,2.4840729690394228,0.18734375,6.25,1,Harry Potter
4866,Harry Potter,Knight Bus,2011,281,3.0,79.75,53.09,34.99,4,132.93,4.4500000000000455,7.75,0.20337647372131018,0.18794763797864578,5.638354669333745,3.5550623063795967,0.12451957295373667,1.0676156583629892,1,Harry Potter
4867,Harry Potter,Battle For Hogwarts,2011,466,7.0,176.36,107.78,49.99,3,149.47,4.4500000000000455,7.75,0.32750913298325957,0.15179951158806326,6.144185634125646,3.911822985425479,0.10727467811158799,1.502145922746781,1,Harry Potter
4891,Creator,Highway Haulers,2006,209,0.0,32.4,17.27,9.99,4,25.92,9.450000000000045,12.75,0.13258787276490458,0.07764579820153328,5.342334251964811,2.301584592660462,0.04779904306220096,0.0,0,Creator
4892,Creator,Prehistoric Power,2006,380,0.0,99.93,50.93,19.99,3,108.87,9.450000000000045,12.75,0.18564829985904763,0.14217585405412891,5.940171252720432,2.995232148512309,0.05260526315789473,0.0,0,Creator
4893,Creator,Revvin’ Riders,2006,360,0.0,34.47,22.67,19.99,3,31.13,9.450000000000045,12.75,0.059351416839907856,0.03535087537389625,5.886104031450156,2.995232148512309,0.05552777777777777,0.0,0,Creator
4894,Creator,Mythical Creatures,2006,588,0.0,114.19,55.4,29.99,3,73.27,9.450000000000045,12.75,0.15197913880571523,0.07257440587669195,6.376726947898627,3.4008639927609177,0.051003401360544216,0.0,0,Creator
4895,Creator,Motion Power,2006,611,0.0,61.27,42.47,49.99,3,49.75,9.450000000000045,12.75,0.021764398731532353,-0.000377381465528015,6.415096959171596,3.911822985425479,0.08181669394435352,0.0,0,Creator
4896,Creator,Roaring Roadsters,2006,931,0.0,136.13,69.73,59.99,2,83.0,9.450000000000045,12.75,0.09058301178012229,0.02579071373413644,6.836259277277067,4.094177881665002,0.06443609022556392,0.0,0,Creator
4924,Creator,Advent Calendar,2004,335,0.0,35.53,20.47,14.99,4,33.69,11.450000000000045,14.75,0.0782837573311932,0.056438027435479876,5.814130531825066,2.7073833121145063,0.044746268656716416,0.0,0,Creator
4939,Creator,Cool Cars,2007,206,0.0,36.13,16.87,9.99,4,23.87,8.450000000000045,11.75,0.164317160997014,0.0769477478988001,5.327876168789581,2.301584592660462,0.048495145631067965,0.0,0,Creator
4953,Creator,Fast Flyers,2007,312,0.0,66.27,32.8,19.99,4,34.8,8.450000000000045,11.75,0.15238640828713135,0.04831249363984691,5.7430031878094825,2.995232148512309,0.06407051282051282,0.0,0,Creator
4954,Creator,Model Town House,2007,1174,0.0,318.47,209.2,69.99,2,166.47,8.450000000000045,11.75,0.19639247483251543,0.07652849729211897,7.068172000388042,4.248352374701448,0.05961669505962521,0.0,0,Creator
4955,Creator,Big Rig,2007,550,0.0,102.67,45.93,29.99,3,109.33,8.450000000000045,11.75,0.15677939430102383,0.11637372663755796,6.309918278226516,3.4008639927609177,0.05452727272727272,0.0,0,Creator
4956,Creator,House,2007,731,0.0,178.6,86.93,49.99,2,93.47,8.450000000000045,11.75,0.16263552222512567,0.054704958424647954,6.594413459749778,3.911822985425479,0.06838577291381669,0.0,0,Creator
4957,Creator,Ferris Wheel,2007,1063,0.0,357.87,184.6,69.99,2,129.8,8.450000000000045,11.75,0.2130216610835669,0.05397139802760842,6.968850378341948,4.248352374701448,0.06584195672624647,0.0,0,Creator
4958,Creator,Monster Dino,2007,792,0.0,220.0,143.67,89.99,2,161.93,8.450000000000045,11.75,0.11158887796723138,0.05126801772547851,6.674561391814426,4.4996985530458575,0.11362373737373736,0.0,0,Creator
4981,Spongebob Squarepants,Chum Bucket,2007,337,1.0,49.5,56.87,34.99,4,67.5,8.450000000000045,11.75,0.04190886808153249,0.05751355554703186,5.820082930352362,3.5550623063795967,0.1038278931750742,0.29673590504451036,1,Other
4982,Spongebob Squarepants,Mrs. Puff’s Boating School,2007,393,3.0,97.56,54.33,49.99,3,43.73,8.450000000000045,11.75,0.08234451668644982,-0.011321687344440723,5.973809611869261,3.911822985425479,0.12720101781170484,0.7633587786259542,1,Other
4993,Creator,Cool Convertible,2008,648,0.0,87.88,47.13,44.99,3,56.4,7.4500000000000455,10.75,0.09403212440348208,0.021248548242963183,6.473890696352274,3.806440242853081,0.06942901234567901,0.0,0,Creator
4994,Creator,Fierce Creatures,2008,193,0.0,44.33,21.4,12.99,4,35.87,7.4500000000000455,10.75,0.1791132349337905,0.09909346498706628,5.262690188904886,2.5641798306825083,0.06730569948186528,0.0,0,Creator
4995,Creator,Cargo Copter,2008,272,0.0,34.13,17.33,19.99,4,30.14,7.4500000000000455,10.75,0.07444542659461417,0.0389362015043937,5.605802066295998,2.995232148512309,0.07349264705882352,0.0,0,Creator
4996,Creator,Beach House,2008,522,0.0,99.06,45.7,34.99,3,63.53,7.4500000000000455,10.75,0.1499130895390821,0.05705180212080507,6.257667587882639,3.5550623063795967,0.06703065134099617,0.0,0,Creator
4997,Creator,Transport Ferry,2008,1279,0.0,192.13,97.07,69.99,1,138.7,7.4500000000000455,10.75,0.14516220278904157,0.06569191607538039,7.153833801578843,4.248352374701448,0.054722439405785764,0.0,0,Creator
4998,Creator,Stegosaurus,2008,731,0.0,106.33,59.67,44.99,2,77.2,7.4500000000000455,10.75,0.12237910573986444,0.051511616982473196,6.594413459749778,3.806440242853081,0.06154582763337894,0.0,0,Creator
5000437,Miscellaneous,Vintage Minifig Collection Vol. 1 (TRU edition),2012,21,5.0,25.7,0.0,19.99,4,34.14,3.4500000000000455,6.75,0.07554622655557286,0.08252302907990217,3.044522437723423,2.995232148512309,0.9519047619047618,23.80952380952381,0,Other
5002145,Super Heroes,Rocket Raccoon,2014,13,0.0,0.0,4.99,81.96,4,11.2,1.4500000000000455,4.75,,-0.34230515722898736,2.5649493574615367,4.406231323370699,6.304615384615384,0.0,1,Super Heroes
5004081,Super Heroes,Plastic Man,2014,4,0.0,0.0,3.99,281.95,4,16.4,1.4500000000000455,4.75,,-0.4505465627745622,1.3862943611198906,5.641729750253191,70.4875,0.0,1,Super Heroes
5206,Technic,Speed Computer,2000,19,0.0,34.0,21.0,19.99,4,54.27,15.450000000000045,18.75,0.03497496826304758,0.05471026981464622,2.9444389791664403,2.995232148512309,1.0521052631578947,0.0,0,Technic
5218,Technic,Pneumatic Pack,2000,147,0.0,90.5,39.43,27.99,4,65.0,15.450000000000045,18.75,0.07891386810508916,0.0459603565460982,4.990432586778736,3.331847303527362,0.1904081632653061,0.0,0,Technic
5378,Harry Potter,Hogwarts Castle,2007,943,9.0,196.96,304.73,89.99,2,571.6,8.450000000000045,11.75,0.09713087243642748,0.17039307095423006,6.849066282633458,4.4996985530458575,0.09542948038176033,0.9544008483563097,1,Harry Potter
55001,Miscellaneous,Universe Rocket,2010,55,0.0,13.06,6.0,9.99,4,16.08,5.4500000000000455,8.75,0.05039756025179609,0.05590587535467706,4.007333185232471,2.301584592660462,0.18163636363636365,0.0,0,Other
5524,Factory,Airport,2005,607,0.0,51.53,33.9,39.99,3,55.0,10.450000000000045,13.75,0.02455840724316083,0.023449163327877054,6.408528791059498,3.688629422858727,0.06588138385502472,0.0,0,Other
5525,Factory,Amusement Park,2005,1344,0.0,68.4,28.43,69.99,1,62.44,10.450000000000045,13.75,-0.0021965839777388085,-0.008267184875157874,7.203405521083095,4.248352374701448,0.052075892857142855,0.0,0,Other
5526,Factory,Skyline,2005,2747,0.0,437.27,188.2,129.99,1,328.91,10.450000000000045,13.75,0.12309187667858912,0.06984594791324095,7.918264686095274,4.867457524419928,0.04732071350564252,0.0,0,Other
5571,Model team,Giant Truck,1996,1757,0.0,655.73,308.6,138.99,1,,19.450000000000045,22.75,0.0830279524955293,,7.471363088187097,4.934401988096667,0.0791064314171884,0.0,0,Other
5761,Creator,Mini Digger,2011,56,0.0,10.27,5.47,5.99,4,8.6,4.4500000000000455,7.75,0.1287988130831066,0.047773250912503507,4.02535169073515,1.7900914121273581,0.10696428571428572,0.0,0,Creator
5762,Creator,Mini Plane,2011,52,0.0,12.44,7.0,5.99,4,11.0,4.4500000000000455,7.75,0.17848591160139216,0.08158364448877631,3.9512437185814275,1.7900914121273581,0.11519230769230769,0.0,0,Creator
5763,Creator,Dune Hopper,2011,137,0.0,18.44,9.47,12.99,4,11.07,4.4500000000000455,7.75,0.08191068022434056,-0.020426062221613472,4.919980925828125,2.5641798306825083,0.09481751824817518,0.0,0,Creator
5764,Creator,Rescue Robot,2011,149,0.0,38.94,17.2,16.99,4,36.33,4.4500000000000455,7.75,0.20488166976440048,0.10303663777765548,5.003946305945459,2.8326249356838407,0.11402684563758388,0.0,0,Creator
5765,Creator,Transport Truck,2011,276,0.0,39.2,16.47,19.99,4,21.27,4.4500000000000455,7.75,0.16338733330530375,0.008040602526888652,5.62040086571715,2.995232148512309,0.07242753623188405,0.0,0,Creator
5766,Creator,Log Cabin,2011,355,1.0,40.88,26.33,29.99,3,39.47,4.4500000000000455,7.75,0.07209298481930393,0.03607774063705582,5.872117789475416,3.4008639927609177,0.08447887323943662,0.28169014084507044,0,Creator
5767,Creator,Cool Cruiser,2011,621,0.0,45.91,23.47,39.99,3,28.53,4.4500000000000455,7.75,0.03150950310205003,-0.04263517508831427,6.431331081933479,3.688629422858727,0.06439613526570048,0.0,0,Creator
5770,Creator,Lighthouse Island,2011,442,1.0,85.97,49.53,39.99,3,55.6,4.4500000000000455,7.75,0.18766955294711374,0.043440126361084186,6.091309882077698,3.688629422858727,0.09047511312217195,0.22624434389140272,0,Creator
5771,Creator,Hillside House,2011,714,1.0,105.44,72.0,69.99,2,95.13,4.4500000000000455,7.75,0.09646083730590393,0.04039345951926143,6.570882962339584,4.248352374701448,0.0980252100840336,0.1400560224089636,0,Creator
5864,Creator,Mini Helicopter,2010,52,0.0,11.33,8.2,5.99,4,9.47,5.4500000000000455,8.75,0.12406016497708339,0.05374147726216649,3.9512437185814275,1.7900914121273581,0.11519230769230769,0.0,0,Creator
5865,Creator,Mini Dumper,2010,60,0.0,12.35,5.87,5.99,4,8.8,5.4500000000000455,8.75,0.1419806374435748,0.04494178759266654,4.0943445622221,1.7900914121273581,0.09983333333333334,0.0,0,Creator
5866,Creator,Rotor Rescue,2010,149,0.0,24.2,12.6,12.99,4,13.53,5.4500000000000455,8.75,0.12093162462103813,0.004665663212817028,5.003946305945459,2.5641798306825083,0.08718120805369127,0.0,0,Creator
5867,Creator,Super Speedster,2010,278,0.0,47.82,28.87,19.99,4,35.2,5.4500000000000455,8.75,0.1735564802204579,0.06680099882905255,5.627621113690637,2.995232148512309,0.07190647482014388,0.0,0,Creator
5868,Creator,Ferocious Creatures,2010,416,0.0,55.8,31.6,29.99,3,64.2,5.4500000000000455,8.75,0.12067190177381315,0.0908828681729239,6.030685260261263,3.4008639927609177,0.07209134615384614,0.0,0,Creator
5882,Dino,Ambush Attack,2012,80,1.0,45.24,15.56,11.99,4,22.6,3.4500000000000455,6.75,0.46946893573018555,0.09845834738690629,4.382026634673881,2.4840729690394228,0.149875,1.25,0,Other
5883,Dino,Tower Takedown,2012,136,1.0,51.32,25.81,19.99,4,38.13,3.4500000000000455,6.75,0.31428052781450555,0.10039533959517866,4.912654885736052,2.995232148512309,0.14698529411764705,0.7352941176470589,0,Other
5884,Dino,Raptor Chase,2012,259,2.0,68.31,35.8,29.99,4,56.93,3.4500000000000455,6.75,0.26947880671038793,0.09961135906784846,5.556828061699537,3.4008639927609177,0.11579150579150578,0.7722007722007722,0,Other
5885,Dino,Triceratops Trapper,2012,271,2.0,78.64,40.53,49.99,4,92.6,3.4500000000000455,6.75,0.14033378306569788,0.09562866240398682,5.602118820879701,3.911822985425479,0.1844649446494465,0.7380073800738007,0,Other
5886,Dino,T-Rex Hunter,2012,480,2.0,144.27,75.05,69.99,3,69.33,3.4500000000000455,6.75,0.23326124348491484,-0.0014026689312135465,6.173786103901937,4.248352374701448,0.14581249999999998,0.4166666666666667,0,Other
5887,Dino,Dino Defense HQ,2012,793,4.0,291.46,179.53,99.99,2,70.6,3.4500000000000455,6.75,0.3635565602283344,-0.050254748712287634,6.675823221634848,4.605070180987758,0.1260907944514502,0.5044136191677175,0,Other
5888,Dino,Ocean Interceptor,2012,222,2.0,81.82,20.27,34.99,4,61.87,3.4500000000000455,6.75,0.27918111298016757,0.08810805605353478,5.402677381872279,3.5550623063795967,0.1576126126126126,0.9009009009009009,0,Other
5891,Creator,Apple Tree House,2010,539,0.0,66.76,45.22,44.99,3,75.2,5.4500000000000455,8.75,0.07510183401687409,0.06046747728528423,6.289715570908998,3.806440242853081,0.08346938775510204,0.0,0,Creator
5892,Creator,Sonic Boom,2010,539,0.0,108.68,53.93,59.99,3,83.53,5.4500000000000455,8.75,0.11519916212941173,0.03855649940011907,6.289715570908998,4.094177881665002,0.1112987012987013,0.0,0,Creator
5893,Creator,Off-Road Power,2010,1061,0.0,106.92,61.13,89.99,2,113.07,5.4500000000000455,8.75,0.03213532447520984,0.0264357917911624,6.966967138613983,4.4996985530458575,0.08481621112158341,0.0,0,Creator
5969,Space,Squidman Escape,2009,42,2.0,10.11,7.47,5.99,4,11.6,6.4500000000000455,9.75,0.08453627504977668,0.0701362952234934,3.7376696182833684,1.7900914121273581,0.14261904761904762,4.761904761904762,0,Space
5970,Space,Freeze Ray Frenzy,2009,80,2.0,19.4,10.4,9.99,4,15.93,6.4500000000000455,9.75,0.10837772551938518,0.049022117400097986,4.382026634673881,2.301584592660462,0.124875,2.5,0,Space
5971,Space,Gold Heist,2009,205,2.0,21.07,18.6,19.99,4,22.93,6.4500000000000455,9.75,0.008191207612977092,0.014172719496224229,5.3230099791384085,2.995232148512309,0.09751219512195121,0.975609756097561,0,Space
5972,Space,Space Truck Getaway,2009,282,2.0,31.06,23.87,29.99,4,34.8,6.4500000000000455,9.75,0.005449963975197036,0.01537373684584975,5.641907070938114,3.4008639927609177,0.10634751773049644,0.7092198581560284,0,Space
5973,Space,Hyperspeed Pursuit,2009,456,3.0,62.73,30.93,49.99,3,61.33,6.4500000000000455,9.75,0.035823130376248624,0.02119022501112,6.1224928095143865,3.911822985425479,0.10962719298245614,0.6578947368421053,0,Space
5974,Space,Galactic Enforcer,2009,825,7.0,94.66,59.4,99.99,2,97.93,6.4500000000000455,9.75,-0.008456852888167776,-0.0021328241636457967,6.715383386334681,4.605070180987758,0.12119999999999999,0.8484848484848485,0,Space
5979,Space,Max Security Transport,2009,330,3.0,81.29,38.53,39.99,4,28.56,6.4500000000000455,9.75,0.1162596537359466,-0.033936162518611535,5.799092654460526,3.688629422858727,0.12118181818181818,0.9090909090909091,0,Space
5980,Space,Squidman’s Pitstop,2009,389,4.0,39.88,42.47,49.99,3,17.88,6.4500000000000455,9.75,-0.03442423116589932,-0.1000807829604109,5.963579343618446,3.911822985425479,0.1285089974293059,1.0282776349614395,0,Space
5981,Space,Raid VPR,2010,69,2.0,22.21,11.13,9.99,4,18.4,5.4500000000000455,8.75,0.15788817423205215,0.07229567065199971,4.23410650459726,2.301584592660462,0.14478260869565218,2.898550724637681,0,Space
5982,Space,Smash ‘n’ Grab,2010,188,2.0,22.82,14.53,19.99,4,23.2,5.4500000000000455,8.75,0.024592047945093398,0.01716509932852217,5.236441962829949,2.995232148512309,0.10632978723404254,1.0638297872340425,0,Space
5983,Space,Undercover Cruiser,2010,317,2.0,34.82,19.93,29.99,4,37.87,5.4500000000000455,8.75,0.027778443901308236,0.02702093380336401,5.75890177387728,3.4008639927609177,0.09460567823343848,0.6309148264984227,0,Space
5984,Space,Lunar Limo,2010,391,3.0,47.06,22.0,39.99,3,56.53,5.4500000000000455,8.75,0.03032104871658059,0.04035197269475477,5.968707559985366,3.688629422858727,0.1022762148337596,0.7672634271099744,0,Space
5985,Space,Space Police Central,2010,631,4.0,118.38,62.53,79.99,3,136.4,5.4500000000000455,8.75,0.0745761108523153,0.06289164016298376,6.447305862541213,4.3819016268607305,0.12676703645007922,0.6339144215530903,0,Space
60000,City,Fire Motorcycle,2013,40,1.0,11.32,6.19,6.99,4,10.67,2.4500000000000455,5.75,0.21746598769516745,0.07633040219091303,3.6888794541139363,1.944480556245719,0.17475000000000002,2.5,0,City
60001,City,Fire Chief Car,2013,80,2.0,16.71,11.75,11.99,4,19.07,2.4500000000000455,5.75,0.14509020754247337,0.08404911257570458,4.382026634673881,2.4840729690394228,0.149875,2.5,0,City
60002,City,Fire Truck,2013,208,2.0,20.88,16.27,19.99,4,35.13,2.4500000000000455,5.75,0.017938429518877808,0.10302480554139293,5.337538079701318,2.995232148512309,0.09610576923076922,0.9615384615384616,0,City
60003,City,Fire Emergency,2013,300,3.0,29.9,22.94,39.99,4,35.33,2.4500000000000455,5.75,-0.11190984685521155,-0.021316813040427096,5.703782474656201,3.688629422858727,0.1333,1.0,0,City
60004,City,Fire Station,2013,752,5.0,101.47,62.73,99.99,2,100.07,2.4500000000000455,5.75,0.006015164719767263,0.00013909838886760895,6.62273632394984,4.605070180987758,0.1329654255319149,0.6648936170212766,0,City
60005,City,Fire Boat,2013,222,4.0,40.35,17.6,29.99,4,46.47,2.4500000000000455,5.75,0.1287527084825697,0.07913952920935907,5.402677381872279,3.4008639927609177,0.13509009009009007,1.8018018018018018,0,City
60006,City,Police ATV,2013,51,2.0,11.84,6.0,6.99,4,9.0,2.4500000000000455,5.75,0.23998997534839206,0.04493583532503642,3.9318256327243257,1.944480556245719,0.13705882352941176,3.9215686274509802,0,City
60007,City,High Speed Chase,2013,283,3.0,31.88,19.65,29.99,4,38.6,2.4500000000000455,5.75,0.025258567025009837,0.04487118989225869,5.645446897643238,3.4008639927609177,0.10597173144876325,1.0600706713780919,0,City
60008,City,Museum Break-in,2013,563,6.0,49.26,35.47,69.99,3,86.53,2.4500000000000455,5.75,-0.13356072924196705,0.03758272442892685,6.333279628139691,4.248352374701448,0.12431616341030194,1.0657193605683837,0,City
60009,City,Helicopter Arrest,2013,352,5.0,54.38,38.83,49.99,3,50.47,2.4500000000000455,5.75,0.03495351404911973,0.0016633148067954906,5.863631175598097,3.911822985425479,0.14201704545454547,1.4204545454545454,0,City
60010,City,Fire Helicopter,2013,232,2.0,50.05,28.4,39.99,4,34.93,2.4500000000000455,5.75,0.09591432344345918,-0.02325292685161806,5.44673737166631,3.688629422858727,0.1723706896551724,0.8620689655172413,0,City
60011,City,Surfer Rescue,2013,32,2.0,7.22,7.65,6.99,4,12.0,2.4500000000000455,5.75,0.013301730698143333,0.09854562589323779,3.4657359027997265,1.944480556245719,0.2184375,6.25,0,City
60012,City,4x4 & Diving Boat,2013,128,2.0,26.17,18.33,19.99,4,20.13,2.4500000000000455,5.75,0.11622411135031063,0.0012144918794483317,4.852030263919617,2.995232148512309,0.156171875,1.5625,0,City
60013,City,Coast Guard Helicopter,2013,230,4.0,33.92,25.27,39.99,4,40.07,2.4500000000000455,5.75,-0.0649859463429443,0.00034762593647519324,5.438079308923196,3.688629422858727,0.1738695652173913,1.7391304347826086,0,City
60014,City,Coast Guard Patrol,2013,449,6.0,61.92,54.29,79.99,3,106.4,2.4500000000000455,5.75,-0.09923748156970535,0.050869669760810865,6.1070228877422545,4.3819016268607305,0.17815144766146992,1.3363028953229399,0,City
60015,City,Coast Guard Plane,2013,279,3.0,67.71,32.6,44.99,4,46.27,2.4500000000000455,5.75,0.181582386414896,0.004890801125875477,5.631211781821365,3.806440242853081,0.16125448028673836,1.075268817204301,0,City
60016,City,Tanker Truck,2013,191,1.0,25.84,17.27,19.99,4,50.0,2.4500000000000455,5.75,0.11045745630841663,0.17285610341325675,5.25227342804663,2.995232148512309,0.10465968586387434,0.5235602094240838,0,City
60017,City,Flatbed Truck,2013,212,2.0,19.55,15.6,19.99,4,34.53,2.4500000000000455,5.75,-0.009043294704865423,0.09972509729835122,5.356586274672012,2.995232148512309,0.09429245283018867,0.9433962264150944,0,City
60018,City,Cement Mixer,2013,221,2.0,24.72,11.87,19.99,4,46.0,2.4500000000000455,5.75,0.09055409582178142,0.15597106398097105,5.3981627015177525,2.995232148512309,0.0904524886877828,0.9049773755656109,0,City
60019,City,Stunt Plane,2013,140,2.0,24.33,17.11,19.99,4,21.07,2.4500000000000455,5.75,0.0834984434747108,0.009192968452699235,4.941642422609304,2.995232148512309,0.14278571428571427,1.4285714285714286,0,City
60020,City,Cargo Truck,2013,321,3.0,33.4,22.67,39.99,4,43.87,2.4500000000000455,5.75,-0.07086329402495017,0.016234950157674843,5.771441123130016,3.688629422858727,0.12457943925233646,0.9345794392523364,0,City
60021,City,Cargo Heliplane,2013,393,3.0,44.48,32.73,44.99,3,43.0,2.4500000000000455,5.75,-0.004642493387066349,-0.007836977698525649,5.973809611869261,3.806440242853081,0.11447837150127227,0.7633587786259542,0,City
60022,City,Cargo Terminal,2013,658,5.0,102.25,66.0,99.99,3,185.53,2.4500000000000455,5.75,0.009164438215555126,0.11349500740410434,6.489204931325317,4.605070180987758,0.15196048632218845,0.7598784194528876,0,City
60023,City,LEGO City Starter Set,2013,272,5.0,42.33,40.0,29.99,4,32.4,2.4500000000000455,5.75,0.1510403063342367,0.013533266313673797,5.605802066295998,3.4008639927609177,0.11025735294117646,1.838235294117647,0,City
60024,City,City Advent Calendar,2013,244,8.0,46.53,27.37,29.99,4,24.93,2.4500000000000455,5.75,0.19635434529496387,-0.03162682602555167,5.497168225293202,3.4008639927609177,0.12290983606557376,3.278688524590164,0,City
60025,City,Grand Prix Truck,2013,315,3.0,45.95,19.07,29.99,4,63.33,2.4500000000000455,5.75,0.19024494837798533,0.13882742428643446,5.752572638825633,3.4008639927609177,0.0952063492063492,0.9523809523809523,0,City
60026,City,Town Square,2013,914,8.0,121.89,72.59,119.99,2,158.07,2.4500000000000455,5.75,0.006433090823836585,0.04910306662778252,6.81783057145415,4.787408405976297,0.1312800875273523,0.87527352297593,0,City
60027,City,Monster Truck Transporter,2013,299,3.0,35.0,23.5,29.99,4,61.87,2.4500000000000455,5.75,0.06508512115008203,0.13421735168544702,5.700443573390687,3.4008639927609177,0.1003010033444816,1.0033444816053512,0,City
60032,City,Arctic Snowmobile,2014,44,1.0,10.8,5.88,6.99,4,14.53,1.4500000000000455,4.75,0.3499198578426612,0.166548579488897,3.784189633918261,1.944480556245719,0.15886363636363637,2.272727272727273,0,City
60033,City,Arctic Ice Crawler,2014,113,1.0,22.73,0.0,14.99,4,23.93,1.4500000000000455,4.75,0.33256419497826406,0.10348526963041693,4.727387818712341,2.7073833121145063,0.13265486725663717,0.8849557522123894,0,City
60034,City,Arctic Helicrane,2014,262,2.0,43.73,24.6,39.99,4,55.13,1.4500000000000455,4.75,0.06359914985777704,0.0699292763493462,5.568344503761097,3.688629422858727,0.15263358778625954,0.7633587786259542,0,City
60035,City,Arctic Outpost,2014,374,3.0,56.5,21.08,49.99,3,62.73,1.4500000000000455,4.75,0.08809228694674864,0.048953514201023784,5.924255797414532,3.911822985425479,0.13366310160427808,0.8021390374331551,0,City
60036,City,Arctic Base Camp,2014,733,7.0,82.14,71.45,89.99,2,114.6,1.4500000000000455,4.75,-0.061006951712032076,0.052211962416953916,6.597145701886651,4.4996985530458575,0.1227694406548431,0.9549795361527967,0,City
60041,City,Crook Pursuit,2014,38,2.0,9.0,6.93,6.99,4,9.73,1.4500000000000455,4.75,0.19042004215384,0.07210935914024152,3.6375861597263857,1.944480556245719,0.18394736842105264,5.2631578947368425,0,City
60042,City,High Speed Police Chase,2014,110,3.0,22.29,16.5,19.99,4,21.53,1.4500000000000455,4.75,0.07800012176166637,0.015746941507983836,4.700480365792417,2.995232148512309,0.1817272727272727,2.727272727272727,0,City
60043,City,Prisoner Transporter,2014,196,3.0,26.07,11.69,24.99,4,42.13,1.4500000000000455,4.75,0.02960883046536944,0.11622738815381384,5.278114659230517,3.218475744846861,0.1275,1.530612244897959,0,City
60044,City,Mobile Police Unit,2014,375,3.0,44.29,32.27,44.99,3,68.07,1.4500000000000455,4.75,-0.010756438140101965,0.09109107061929556,5.926926025970411,3.806440242853081,0.11997333333333333,0.8,0,City
60045,City,Police Patrol,2014,408,3.0,43.46,34.0,44.99,3,76.13,1.4500000000000455,4.75,-0.023579127949492795,0.11710140281752124,6.0112671744041615,3.806440242853081,0.11026960784313726,0.7352941176470589,0,City
60046,City,Helicopter Surveillance,2014,528,5.0,49.3,40.25,74.99,3,67.4,1.4500000000000455,4.75,-0.25118441820195814,-0.022214747462897533,6.269096283706261,4.317354771313298,0.14202651515151515,0.946969696969697,0,City
60047,City,Police Station,2014,854,7.0,88.47,59.66,99.99,2,99.27,1.4500000000000455,4.75,-0.08095334681654764,-0.0015202685636347413,6.74993119378857,4.605070180987758,0.11708430913348945,0.819672131147541,0,City
60048,City,Police Dog Unit,2014,249,4.0,46.72,11.73,29.99,4,46.2,1.4500000000000455,4.75,0.3576155564053749,0.09523806269213275,5.517452896464707,3.4008639927609177,0.12044176706827309,1.606425702811245,0,City
60049,City,Helicopter Transporter,2014,382,4.0,52.84,31.0,44.99,3,39.2,1.4500000000000455,4.75,0.11730107798147205,-0.02858629559087389,5.945420608606575,3.806440242853081,0.11777486910994765,1.0471204188481675,0,City
60050,City,Train Station,2014,423,5.0,99.52,55.5,64.99,3,119.4,1.4500000000000455,4.75,0.34162217486109436,0.13661181522611998,6.0473721790462776,4.174233411906258,0.15364066193853426,1.1820330969267139,0,City
60051,City,High-Speed Passenger Train,2014,610,3.0,143.65,102.5,149.99,3,142.13,1.4500000000000455,4.75,-0.029346193040562185,-0.01126792929498388,6.413458957167357,5.010568625207268,0.24588524590163935,0.4918032786885246,0,City
60052,City,Cargo Train,2014,888,4.0,176.41,180.0,199.99,2,213.67,1.4500000000000455,4.75,-0.08288439647629398,0.014027026962042832,6.78897174299217,5.2982673652979955,0.22521396396396398,0.45045045045045046,0,City
60053,City,Race Car,2014,100,1.0,13.1,8.6,9.99,4,13.07,1.4500000000000455,4.75,0.20552554898922293,0.05820679821234753,4.605170185988092,2.301584592660462,0.0999,1.0,0,City
60054,City,Light Repair Truck,2014,95,1.0,11.29,0.0,9.99,4,16.8,1.4500000000000455,4.75,0.08802860372503796,0.11564239456505887,4.553876891600541,2.301584592660462,0.1051578947368421,1.0526315789473684,0,City
60055,City,Monster Truck,2014,78,1.0,12.9,4.81,9.99,4,23.0,1.4500000000000455,4.75,0.1928021932963231,0.19191340678307234,4.356708826689592,2.301584592660462,0.1280769230769231,1.2820512820512822,0,City
60056,City,Tow Truck,2014,227,1.0,21.48,14.01,19.99,4,67.27,1.4500000000000455,4.75,0.05082901829770492,0.2910682052416078,5.424950017481403,2.995232148512309,0.08806167400881057,0.44052863436123346,0,City
60057,City,Camper Van,2014,195,2.0,21.1,16.54,19.99,4,41.4,1.4500000000000455,4.75,0.0379728005265918,0.16564364254951203,5.272999558563747,2.995232148512309,0.1025128205128205,1.0256410256410255,0,City
60058,City,SUV with Watercraft,2014,219,2.0,20.44,13.5,19.99,4,24.47,1.4500000000000455,4.75,0.015471299481515377,0.04349090580541892,5.389071729816501,2.995232148512309,0.09127853881278539,0.91324200913242,0,City
60059,City,Logging Truck,2014,228,2.0,22.34,16.4,19.99,4,69.93,1.4500000000000455,4.75,0.07966721426120937,0.30165200415705007,5.429345628954441,2.995232148512309,0.08767543859649123,0.8771929824561403,0,City
60060,City,Auto Transporter,2014,350,2.0,31.36,18.09,29.99,3,61.87,1.4500000000000455,4.75,0.0312857726591953,0.16469254273941636,5.857933154483459,3.4008639927609177,0.08568571428571428,0.5714285714285714,0,City
60061,City,Airport Fire Truck,2014,326,2.0,39.86,15.21,29.99,4,66.2,1.4500000000000455,4.75,0.216786449268227,0.1813976707042646,5.786897381366708,3.4008639927609177,0.09199386503067485,0.6134969325153374,0,City
60062,City,Arctic Ice Breaker,2014,717,7.0,176.28,90.24,99.99,2,128.0,1.4500000000000455,4.75,0.47851302262003004,0.053366890409235035,6.57507584059962,4.605070180987758,0.1394560669456067,0.9762900976290098,0,City
60063,City,City Advent Calendar,2014,218,7.0,48.57,9.52,29.99,4,36.0,1.4500000000000455,4.75,0.39446630916473513,0.03920258387391917,5.384495062789089,3.4008639927609177,0.13756880733944954,3.2110091743119265,0,City
60064,City,Arctic Supply Plane,2014,374,3.0,68.46,35.0,49.99,3,104.6,1.4500000000000455,4.75,0.24215275105374112,0.16816706429276707,5.924255797414532,3.911822985425479,0.13366310160427808,0.8021390374331551,0,City
6024,Castle,Bandit Ambush,1996,59,2.0,31.13,27.18,6.99,4,39.87,19.450000000000045,22.75,0.07982228261118562,0.07953866176381452,4.07753744390572,1.944480556245719,0.11847457627118645,3.389830508474576,0,Castle
6027,Castle,Bat Lord’s Catapult,1997,55,2.0,20.6,16.0,6.99,4,77.47,18.450000000000045,21.75,0.06033035577928314,0.11694085944593158,4.007333185232471,1.944480556245719,0.1270909090909091,3.6363636363636362,0,Castle
6031,Castle,Fright Force,1998,30,4.0,30.6,13.6,5.99,4,29.87,17.450000000000045,20.75,0.09796867189293401,0.080511318392124,3.4011973816621555,1.7900914121273581,0.1996666666666667,13.333333333333334,0,Castle
6032,Castle,Catapault Crusher,2000,56,1.0,9.55,9.13,5.99,4,14.11,15.450000000000045,18.75,0.030651289006812688,0.04675572184654242,4.02535169073515,1.7900914121273581,0.10696428571428572,1.7857142857142858,0,Castle
6033,Castle,Treasure Transport,1998,54,3.0,20.47,15.06,5.99,4,25.67,17.450000000000045,20.75,0.07296118804010066,0.0726493782515496,3.9889840465642745,1.7900914121273581,0.11092592592592593,5.555555555555555,0,Castle
6036,Castle,Skeleton Surprise,1995,74,2.0,25.65,16.38,7.99,4,30.57,20.450000000000045,23.75,0.058692194191194424,0.058124537582749713,4.30406509320417,2.0781907597781832,0.10797297297297298,2.7027027027027026,0,Castle
6037,Castle,Witch’s Windship,1997,56,1.0,25.6,19.87,7.99,4,30.6,18.450000000000045,21.75,0.06514527401282888,0.06368400208151925,4.02535169073515,2.0781907597781832,0.14267857142857143,1.7857142857142858,0,Castle
6044,Castle,King’s Carriage,1995,124,4.0,51.73,35.5,16.99,4,30.29,20.450000000000045,23.75,0.05595505301484538,0.024643713256100375,4.820281565605037,2.8326249356838407,0.13701612903225804,3.225806451612903,0,Castle
6045,Castle,Ninja Surprise,1998,112,3.0,41.6,24.0,12.99,4,29.93,17.450000000000045,20.75,0.06897506456011193,0.04104562220011765,4.718498871295094,2.5641798306825083,0.11598214285714285,2.6785714285714284,0,Castle
6046,Castle,Hemlock Stronghold,1996,216,5.0,102.8,57.2,23.99,4,36.0,19.450000000000045,22.75,0.07768456828303738,0.01800106159265491,5.375278407684165,3.177637076851603,0.11106481481481481,2.314814814814815,0,Castle
6078,Castle,Royal Drawbridge,1995,258,5.0,93.87,49.07,29.99,4,70.75,20.450000000000045,23.75,0.05738292031174552,0.03679939698138068,5.552959584921617,3.4008639927609177,0.11624031007751938,1.937984496124031,0,Castle
6079,Castle,Dark Forest Fortress,1996,464,7.0,248.13,177.2,49.99,3,231.0,19.450000000000045,22.75,0.08585936281285189,0.06959373452576711,6.139884552226255,3.911822985425479,0.10773706896551724,1.5086206896551724,0,Castle
6083-2,Castle,Samurai Stronghold,1998,198,3.0,63.67,42.13,19.99,4,40.5,17.450000000000045,20.75,0.06864192760786958,0.034613018337239065,5.288267030694535,2.995232148512309,0.10095959595959596,1.5151515151515151,0,Castle
6087,Castle,Witch’s Magic Manor,1997,250,6.0,100.73,37.6,43.99,4,55.25,18.450000000000045,21.75,0.04592758973982969,0.010533528088973787,5.521460917862246,3.7839623353606284,0.17596,2.4,0,Castle
6088,Castle,Robber’s Retreat,1998,277,4.0,77.27,41.67,29.99,4,,17.450000000000045,20.75,0.05573515307506338,,5.6240175061873385,3.4008639927609177,0.10826714801444043,1.444043321299639,0,Castle
6089,Castle,Stone Tower Bridge,1998,409,5.0,215.0,58.67,49.99,3,,17.450000000000045,20.75,0.08719362039366252,,6.013715156042802,3.911822985425479,0.12222493887530562,1.2224938875305624,0,Castle
6090,Castle,Royal Knight’s Castle,1995,764,11.0,281.4,160.4,94.99,2,208.64,20.450000000000045,23.75,0.054540792593777754,0.03368495985141218,6.638567789166521,4.553771622902091,0.12433246073298429,1.4397905759162304,0,Castle
6091,Castle,King Leo’s Castle,2000,529,8.0,123.13,111.2,89.99,3,9.0,15.450000000000045,18.75,0.020501313722662395,-0.11555823944937671,6.270988431858299,4.4996985530458575,0.1701134215500945,1.5122873345935728,0,Castle
6093,Castle,Flying Ninja Fortress,1998,694,9.0,164.07,90.27,89.99,2,116.25,17.450000000000045,20.75,0.03501718391629982,0.012415939223160866,6.542471960506805,4.4996985530458575,0.1296685878962536,1.2968299711815563,0,Castle
6094,Castle,Guarded Treasure,2000,103,2.0,25.38,19.73,14.99,4,27.0,15.450000000000045,18.75,0.034670199556095405,0.03188186596279974,4.634728988229636,2.7073833121145063,0.14553398058252429,1.941747572815534,0,Castle
6095,Castle,Royal Joust,2000,101,3.0,42.93,24.53,19.99,4,56.33,15.450000000000045,18.75,0.05071592241583556,0.056808029605765586,4.61512051684126,2.995232148512309,0.1979207920792079,2.9702970297029703,0,Castle
6096,Castle,Bull’s Attack,2000,313,4.0,53.73,41.07,49.99,4,64.27,15.450000000000045,18.75,0.004680727616804825,0.013491262013460625,5.746203190540153,3.911822985425479,0.15971246006389778,1.2779552715654952,0,Castle
6097,Castle,Night Lord’s Castle,1997,601,8.0,187.33,89.13,79.99,3,91.5,18.450000000000045,21.75,0.04720325390475022,0.0062001693440632,6.398594934535208,4.3819016268607305,0.13309484193011648,1.3311148086522462,0,Castle
6098,Castle,King Leo’s Castle,2000,529,8.0,126.5,96.8,89.99,3,120.2,15.450000000000045,18.75,0.022286379187725247,0.015557563195547575,6.270988431858299,4.4996985530458575,0.1701134215500945,1.5122873345935728,0,Castle
6099,Castle,Traitor Transport,1997,140,3.0,29.2,18.93,19.99,4,34.5,18.450000000000045,21.75,0.020750934763895446,0.025408330644277388,4.941642422609304,2.995232148512309,0.14278571428571427,2.142857142857143,0,Castle
6162,Creator,Building Fun with LEGO,2007,286,0.0,28.53,16.2,9.99,4,27.0,8.450000000000045,11.75,0.13222642845881705,0.08830040161846009,5.655991810819852,2.301584592660462,0.03493006993006993,0.0,0,Creator
6163,Creator,A World of LEGO Mosaic,2007,598,0.0,51.93,23.27,19.99,3,29.93,8.450000000000045,11.75,0.11960735555422253,0.034948243315699346,6.393590753950631,2.995232148512309,0.03342809364548495,0.0,0,Creator
6200,Hero factory,Double Pack,2012,45,0.0,23.37,12.6,8.99,4,,3.4500000000000455,6.75,0.3190479572958891,,3.8066624897703196,2.196112848483529,0.19977777777777778,0.0,0,Hero factory
6200-2,Hero factory,Evo,2012,36,0.0,16.1,8.92,8.99,4,30.67,3.4500000000000455,6.75,0.1840022213623531,0.1993782271455602,3.58351893845611,2.196112848483529,0.24972222222222223,0.0,0,Hero factory
6201,Hero factory,Toxic Reapa,2012,42,0.0,24.7,11.5,8.99,4,32.53,3.4500000000000455,6.75,0.34038077993273874,0.20988572128109384,3.7376696182833684,2.196112848483529,0.21404761904761904,0.0,0,Hero factory
6202,Hero factory,Rocka,2012,55,0.0,41.53,12.93,12.99,4,32.73,3.4500000000000455,6.75,0.40057107727313657,0.14671980094677806,4.007333185232471,2.5641798306825083,0.2361818181818182,0.0,0,Hero factory
6203,Hero factory,Black Phantom,2012,124,0.0,116.0,52.47,19.99,4,66.53,3.4500000000000455,6.75,0.664740071202153,0.19498832869612626,4.820281565605037,2.995232148512309,0.16120967741935482,0.0,0,Hero factory
6204,Pirates,Buccaneers,1997,36,5.0,39.75,15.2,5.99,4,53.78,18.450000000000045,21.75,0.10802098159743845,0.10617798351451047,3.58351893845611,1.7900914121273581,0.1663888888888889,13.88888888888889,0,Pirates
6205,Star Wars,V-wing Fighter,2006,118,1.0,22.53,16.07,9.99,4,26.87,9.450000000000045,12.75,0.08987127598381273,0.08069248543571206,4.770684624465665,2.301584592660462,0.08466101694915254,0.847457627118644,1,Star Wars
6206,Star Wars,TIE Interceptor,2006,212,1.0,62.6,29.81,19.99,4,53.93,9.450000000000045,12.75,0.12839600143712437,0.08094924870423692,5.356586274672012,2.995232148512309,0.09429245283018867,0.4716981132075472,1,Star Wars
6207,Star Wars,A-wing Fighter,2006,194,2.0,30.73,18.2,15.99,4,30.0,9.450000000000045,12.75,0.07157520433511788,0.050589751814513306,5.267858159063328,2.771963526845863,0.08242268041237114,1.0309278350515463,1,Star Wars
6208,Star Wars,B-wing Fighter,2006,435,2.0,126.87,43.73,34.99,3,45.6,9.450000000000045,12.75,0.14603360932679155,0.02098943254961605,6.075346031088684,3.5550623063795967,0.0804367816091954,0.45977011494252873,1,Star Wars
6209,Star Wars,Slave I,2006,537,4.0,139.33,69.2,49.99,3,130.6,9.450000000000045,12.75,0.11456919866705939,0.07822796463945858,6.285998094508865,3.911822985425479,0.09309124767225327,0.74487895716946,1,Star Wars
6210,Star Wars,Jabba’s Sail Barge,2006,781,8.0,204.27,113.0,74.99,2,121.33,9.450000000000045,12.75,0.11186751236021886,0.038459107484498434,6.660575149839686,4.317354771313298,0.09601792573623559,1.0243277848911652,1,Star Wars
6211,Star Wars,Imperial Star Destroyer,2006,1367,9.0,252.46,148.6,99.99,1,127.8,9.450000000000045,12.75,0.10297243045367033,0.01943318658166615,7.220373836723949,4.605070180987758,0.07314557425018288,0.6583760058522312,1,Star Wars
6212,Star Wars,X-wing Fighter,2006,437,6.0,66.16,45.11,49.99,3,73.73,9.450000000000045,12.75,0.0301005398939711,0.030946585264186366,6.07993319509559,3.911822985425479,0.11439359267734554,1.3729977116704806,1,Star Wars
6216,Hero factory,Jawblade,2012,45,0.0,41.07,15.47,8.99,4,33.2,3.4500000000000455,6.75,0.5532316628066467,0.21354548295700737,3.8066624897703196,2.196112848483529,0.19977777777777778,0.0,0,Hero factory
6217,Hero factory,Surge,2012,39,0.0,31.93,13.44,8.99,4,26.25,3.4500000000000455,6.75,0.44393486184211683,0.17204327368830175,3.6635616461296463,2.196112848483529,0.23051282051282052,0.0,0,Hero factory
6218,Hero factory,Splitface,2012,50,0.0,40.53,6.56,12.99,4,31.2,3.4500000000000455,6.75,0.39071116981442255,0.13861552905342744,3.912023005428146,2.5641798306825083,0.25980000000000003,0.0,0,Hero factory
6221,Hero factory,Nex,2012,39,0.0,16.58,9.92,8.99,4,22.47,3.4500000000000455,6.75,0.19412743587069015,0.1453540612375377,3.6635616461296463,2.196112848483529,0.23051282051282052,0.0,0,Hero factory
6222,Hero factory,Core Hunter,2012,51,0.0,29.36,15.2,12.99,4,32.8,3.4500000000000455,6.75,0.26663439048082527,0.1470828040204739,3.9318256327243257,2.5641798306825083,0.25470588235294117,0.0,0,Hero factory
6223,Hero factory,Bulk,2012,61,0.0,15.65,12.8,12.99,4,24.07,3.4500000000000455,6.75,0.05548187512403935,0.09568064754663941,4.110873864173311,2.5641798306825083,0.21295081967213114,0.0,0,Hero factory
6227,Hero factory,Breez,2012,55,0.0,16.14,11.3,12.99,4,30.33,3.4500000000000455,6.75,0.06495609668203173,0.1338550009454671,4.007333185232471,2.5641798306825083,0.2361818181818182,0.0,0,Hero factory
6228,Hero factory,Thornraxx,2012,44,0.0,18.85,10.33,8.99,4,23.8,3.4500000000000455,6.75,0.23937685202399872,0.15515322482616067,3.784189633918261,2.196112848483529,0.20431818181818182,0.0,0,Hero factory
6229,Hero factory,XT4,2012,39,0.0,18.5,8.39,8.99,4,21.73,3.4500000000000455,6.75,0.23266217218522134,0.13968593941329654,3.6635616461296463,2.196112848483529,0.23051282051282052,0.0,0,Hero factory
6230,Hero factory,Stormer XL,2012,89,0.0,33.53,18.53,24.99,4,45.0,3.4500000000000455,6.75,0.0889426645549094,0.09104808162014222,4.48863636973214,3.218475744846861,0.2807865168539326,0.0,0,Hero factory
6231,Hero factory,Speeda Demon,2012,192,0.0,39.94,23.33,34.99,4,41.27,3.4500000000000455,6.75,0.039097419039721304,0.02475682328936335,5.2574953720277815,3.5550623063795967,0.18223958333333334,0.0,0,Hero factory
6239,Pirates,Cannon Battle,2009,45,2.0,13.63,10.67,5.99,4,13.93,6.4500000000000455,9.75,0.13595084795540324,0.09041604991283636,3.8066624897703196,1.7900914121273581,0.13311111111111112,4.444444444444445,0,Pirates
6240,Pirates,Kraken Attackin’,2009,78,2.0,25.06,15.73,9.99,4,19.6,6.4500000000000455,9.75,0.15325380421463253,0.07156753390952764,4.356708826689592,2.301584592660462,0.1280769230769231,2.5641025641025643,0,Pirates
6241,Pirates,Loot Island,2009,142,3.0,61.0,28.8,19.99,4,37.67,6.4500000000000455,9.75,0.1888277146665469,0.06714609522255977,4.955827057601261,2.995232148512309,0.14077464788732394,2.112676056338028,0,Pirates
6242,Pirates,Soldiers’ Fort,2009,367,6.0,142.82,77.93,49.99,3,115.6,6.4500000000000455,9.75,0.17674695729627077,0.08978542331673256,5.905361848054571,3.911822985425479,0.13621253405994552,1.6348773841961852,0,Pirates
6243,Pirates,Brickbeard’s Bounty,2009,592,8.0,281.0,175.13,84.99,3,180.13,6.4500000000000455,9.75,0.203698156664617,0.08008585608480145,6.3835066348840055,4.442533602510535,0.14356418918918917,1.3513513513513513,0,Pirates
6244,Pirates,Armada Sentry,1996,71,1.0,29.89,22.73,8.99,4,46.13,19.450000000000045,22.75,0.06371682082602392,0.07453020237843,4.2626798770413155,2.196112848483529,0.12661971830985916,1.408450704225352,0,Pirates
6248,Pirates,Volcano Island,1996,119,2.0,39.2,21.87,11.99,4,47.82,19.450000000000045,22.75,0.06279802706709514,0.06269434302799937,4.77912349311153,2.4840729690394228,0.10075630252100841,1.680672268907563,0,Pirates
6249,Pirates,Pirates Ambush,1997,156,3.0,61.67,34.6,21.99,4,88.4,18.450000000000045,21.75,0.057483606021262235,0.06605731215865096,5.049856007249537,3.09058780456667,0.14096153846153844,1.9230769230769231,0,Pirates
6250,Pirates,Cross Bone Clipper,1997,154,3.0,186.4,81.67,32.99,4,184.73,18.450000000000045,21.75,0.0984043757223303,0.08242530409858517,5.0369526024136295,3.49620448524049,0.21422077922077923,1.948051948051948,0,Pirates
6253,Pirates,Shipwreck Hideout,2009,310,6.0,88.76,46.6,39.99,4,69.87,6.4500000000000455,9.75,0.13157836126635725,0.058900898547785685,5.736572297479192,3.688629422858727,0.129,1.935483870967742,0,Pirates
6254,Pirates,Rocky Reef,1995,103,3.0,35.27,18.4,14.99,4,25.93,20.450000000000045,23.75,0.04272872178882858,0.02334268579498211,4.634728988229636,2.7073833121145063,0.14553398058252429,2.912621359223301,0,Pirates
6263,Pirates,Imperial Outpost,1995,216,4.0,85.13,48.87,27.99,4,112.0,20.450000000000045,23.75,0.05589924884169806,0.060123413491727895,5.375278407684165,3.331847303527362,0.12958333333333333,1.8518518518518519,0,Pirates
6279,Pirates,Skull Island,1995,378,6.0,152.0,62.33,52.99,3,85.67,20.450000000000045,23.75,0.05288019582633874,0.020433306031780285,5.934894195619588,3.9701032165046706,0.1401851851851852,1.5873015873015872,0,Pirates
6280,Pirates,Armada Flagship,1996,284,3.0,154.47,139.88,49.99,4,187.4,19.450000000000045,22.75,0.059719186485512665,0.059804545847758295,5.648974238161206,3.911822985425479,0.1760211267605634,1.056338028169014,0,Pirates
6281,Pirates,Pirates Perilous Pitfall,1997,395,6.0,228.87,167.93,72.99,3,159.29,18.450000000000045,21.75,0.06390074114876843,0.036532122200078954,5.978885764901122,4.2903224454635405,0.18478481012658227,1.518987341772152,0,Pirates
6282,Hero factory,Stringer,2012,42,0.0,24.58,10.0,8.99,4,36.87,3.4500000000000455,6.75,0.33848998686611664,0.23254275150179127,3.7376696182833684,2.196112848483529,0.21404761904761904,0.0,0,Hero factory
6283,Hero factory,Voltix,2012,61,0.0,18.0,5.8,12.99,4,25.33,3.4500000000000455,6.75,0.09916234448625771,0.10399427316785603,4.110873864173311,2.5641798306825083,0.21295081967213114,0.0,0,Hero factory
6289,Pirates,Red Beard Runner,1996,703,7.0,245.47,128.67,98.99,2,200.08,19.450000000000045,22.75,0.047799048942763545,0.031415159048192365,6.555356891810665,4.595018834931716,0.14081081081081082,0.9957325746799431,0,Pirates
6290,Pirates,Red Beard Runner,2001,698,7.0,236.6,144.07,99.99,2,48.67,14.450000000000045,17.75,0.06141782980830657,-0.0397520962354293,6.548219102762372,4.605070180987758,0.14325214899713468,1.002865329512894,0,Pirates
6291,Pirates,Armada Flagship,2001,280,3.0,147.13,97.73,49.99,4,44.83,14.450000000000045,17.75,0.07756669282621931,-0.006118972914280318,5.634789603169249,3.911822985425479,0.1785357142857143,1.0714285714285714,0,Pirates
6292,Pirates,Enchanted Island,2001,419,7.0,196.17,68.81,69.99,3,15.0,14.450000000000045,17.75,0.07392893343659224,-0.0831190010140751,6.037870919922137,4.248352374701448,0.16704057279236276,1.6706443914081146,0,Pirates
6293,Hero factory,Furno,2012,56,0.0,45.93,16.4,12.99,4,30.53,3.4500000000000455,6.75,0.442054999170697,0.1349595749228425,4.02535169073515,2.5641798306825083,0.2319642857142857,0.0,0,Hero factory
6296,Pirates,Shipwreck Island,1996,216,4.0,87.67,49.8,29.99,4,71.67,19.450000000000045,22.75,0.05670173027287073,0.039037567109371896,5.375278407684165,3.4008639927609177,0.13884259259259257,1.8518518518518519,0,Pirates
6299,Pirates,Pirates Advent Calendar,2009,148,8.0,68.47,50.5,39.99,4,68.17,6.4500000000000455,9.75,0.08694892025195289,0.05622913418189723,4.997212273764115,3.688629422858727,0.2702027027027027,5.405405405405405,0,Pirates
65081,Star Wars,R2-D2 / C-3PO Droid Collectors Set,2002,581,0.0,129.07,71.36,39.99,3,108.93,13.450000000000045,16.75,0.09102446972883538,0.061651204176132346,6.364750756851911,3.688629422858727,0.06882960413080895,0.0,1,Star Wars
66208,Creator,Mr. Magorium's Wonder Emporium,2007,324,0.0,39.13,8.5,19.99,4,25.33,8.450000000000045,11.75,0.08273047650321885,0.02035393149072018,5.780743515792329,2.995232148512309,0.061697530864197526,0.0,0,Creator
66373,Miscellaneous,Fun Favor Pack,2010,304,0.0,39.0,17.63,19.99,4,25.0,5.4500000000000455,8.75,0.1304652409174425,0.025888716379064425,5.717027701406222,2.995232148512309,0.06575657894736842,0.0,0,Other
6638,Bionicle,Ultimate Creatures Accessory Set,2006,300,0.0,100.0,23.5,19.99,4,22.5,9.450000000000045,12.75,0.18573615966758572,0.009320276415215378,5.703782474656201,2.995232148512309,0.06663333333333332,0.0,0,Bionicle
66512,Star Wars,Rebels Co-Pack,2014,1163,0.0,111.58,50.0,109.99,2,272.82,1.4500000000000455,4.75,0.009947335174747218,0.21075835383810726,7.0587581525186645,4.700389452569025,0.0945743766122098,0.0,1,Star Wars
6741,Creator,Mini Jet,2009,63,0.0,10.37,6.0,5.99,4,10.36,6.4500000000000455,9.75,0.08881423018966772,0.05779954955294375,4.143134726391533,1.7900914121273581,0.09507936507936508,0.0,0,Creator
6742,Creator,Mini Off-Roader,2009,64,0.0,9.79,7.4,5.99,4,10.0,6.4500000000000455,9.75,0.07914158712624486,0.05396943900551476,4.1588830833596715,1.7900914121273581,0.09359375,0.0,0,Creator
6743,Creator,Street Speeder,2009,165,0.0,23.29,11.47,12.99,4,18.93,6.4500000000000455,9.75,0.09474174799277724,0.03937791213342279,5.10594547390058,2.5641798306825083,0.07872727272727273,0.0,0,Creator
6745,Creator,Propeller Power,2009,247,0.0,35.93,18.13,19.99,4,21.6,6.4500000000000455,9.75,0.09516550342668872,0.00797637814295249,5.5093883366279774,2.995232148512309,0.08093117408906882,0.0,0,Creator
6747,Creator,Race Rider,2009,266,0.0,35.73,12.53,19.99,4,20.36,6.4500000000000455,9.75,0.09421814036560683,0.0018828003155675344,5.583496308781699,2.995232148512309,0.07515037593984962,0.0,0,Creator
6751,Creator,Fiery Legend,2009,479,0.0,77.18,47.29,39.99,3,69.33,6.4500000000000455,9.75,0.10731667589950233,0.05805860278818509,6.171700597410915,3.688629422858727,0.08348643006263048,0.0,0,Creator
6752,Creator,Fire Rescue,2009,771,0.0,74.43,47.53,49.99,2,60.87,6.4500000000000455,9.75,0.06365492892994618,0.02040199486265659,6.647688373563329,3.911822985425479,0.0648378728923476,0.0,0,Creator
6753,Creator,Highway Transport,2009,1294,0.0,167.5,103.4,89.99,1,138.6,6.4500000000000455,9.75,0.10111491383181148,0.045292523133480644,7.165493475060845,4.4996985530458575,0.06954404945904173,0.0,0,Creator
6754,Creator,Family Home,2009,976,0.0,136.47,85.13,59.99,2,104.13,6.4500000000000455,9.75,0.13590595588954546,0.058190347075233184,6.883462586413092,4.094177881665002,0.061465163934426234,0.0,0,Creator
6857,Batman,The Dynamic Duo Funhouse Escape,2012,380,5.0,56.99,36.67,39.99,3,52.73,3.4500000000000455,6.75,0.10813687415885065,0.04182202820074554,5.940171252720432,3.688629422858727,0.10523684210526316,1.3157894736842106,1,Batman
6858,Batman,Catwoman Catcycle City Chase,2012,89,2.0,23.45,17.31,12.99,4,15.13,3.4500000000000455,6.75,0.1867454984627399,0.022849692192276505,4.48863636973214,2.5641798306825083,0.14595505617977528,2.247191011235955,1,Batman
6860,Batman,The Batcave,2012,690,5.0,74.22,47.73,69.99,2,64.07,3.4500000000000455,6.75,0.017154544759121926,-0.013007423980943122,6.536691597591305,4.248352374701448,0.10143478260869565,0.7246376811594203,1,Batman
6862-2,Super Heroes,Superman Vs Power Armor Lex,2012,207,3.0,22.5,18.81,19.99,4,23.2,3.4500000000000455,6.75,0.03487947857463314,0.022307412442372998,5.332718793265369,2.995232148512309,0.09657004830917873,1.4492753623188406,1,Super Heroes
6863,Batman,Batwing Battle Over Gotham City,2012,278,3.0,48.84,31.75,34.99,4,41.2,3.4500000000000455,6.75,0.10148910695798596,0.02449913506014867,5.627621113690637,3.5550623063795967,0.125863309352518,1.079136690647482,1,Batman
6864,Batman,The Batmobile and the Two-Face Chase,2012,531,5.0,86.01,60.13,49.99,3,52.2,3.4500000000000455,6.75,0.17033159776426454,0.006429396621260519,6.274762021241939,3.911822985425479,0.09414312617702449,0.9416195856873822,1,Batman
6865,Super Heroes,Captain America’s Avenging Cycle,2012,72,3.0,25.67,17.67,12.99,4,19.93,3.4500000000000455,6.75,0.21827119587785604,0.06546813630993764,4.276666119016055,2.5641798306825083,0.18041666666666667,4.166666666666667,1,Super Heroes
6866,Super Heroes,Wolverine’s Chopper Showdown,2012,199,3.0,70.4,44.53,19.99,4,80.27,3.4500000000000455,6.75,0.440393391926422,0.22869200516896138,5.293304824724492,2.995232148512309,0.10045226130653266,1.5075376884422111,1,Super Heroes
6867,Super Heroes,Loki’s Cosmic Cube Escape,2012,181,3.0,39.4,19.88,19.99,4,26.13,3.4500000000000455,6.75,0.2173500734643885,0.04047960713547494,5.198497031265826,2.995232148512309,0.11044198895027624,1.6574585635359116,1,Super Heroes
6868,Super Heroes,Hulk’s Helicarrier Breakout,2012,389,4.0,75.59,49.93,49.99,3,55.13,3.4500000000000455,6.75,0.1273337893773494,0.014605040794922308,5.963579343618446,3.911822985425479,0.1285089974293059,1.0282776349614395,1,Super Heroes
6869,Super Heroes,Quinjet Aerial Battle,2012,735,5.0,80.31,51.67,69.99,2,73.5,3.4500000000000455,6.75,0.040672543036000874,0.0072756780641736185,6.5998704992128365,4.248352374701448,0.09522448979591835,0.6802721088435374,1,Super Heroes
6873,Super Heroes,Spider-Man’s Doc Ock Ambush,2012,295,3.0,45.76,27.07,29.99,4,40.67,3.4500000000000455,6.75,0.1302933537803268,0.04616373258921724,5.68697535633982,3.4008639927609177,0.10166101694915254,1.0169491525423728,1,Super Heroes
6910,Creator,Mini Sports Car,2012,70,0.0,14.82,4.73,5.99,4,8.0,3.4500000000000455,6.75,0.30027491136109785,0.04379873244392152,4.248495242049359,1.7900914121273581,0.08557142857142858,0.0,0,Creator
6911,Creator,Mini Fire Truck,2012,69,0.0,18.46,6.4,5.99,4,10.8,3.4500000000000455,6.75,0.3857426132897568,0.09125305256905114,4.23410650459726,1.7900914121273581,0.08681159420289855,0.0,0,Creator
6912,Creator,Super Soarer,2012,130,0.0,21.27,7.4,14.99,4,15.93,3.4500000000000455,6.75,0.10674628919336682,0.009051207309424658,4.867534450455582,2.7073833121145063,0.1153076923076923,0.0,0,Creator
6913,Creator,Blue Roadster,2012,152,0.0,22.76,8.93,14.99,4,18.6,3.4500000000000455,6.75,0.12868095150454328,0.032483588595939805,5.0238805208462765,2.7073833121145063,0.09861842105263158,0.0,0,Creator
6914,Creator,Prehistoric Hunters,2012,191,0.0,49.17,11.4,17.99,4,36.07,3.4500000000000455,6.75,0.3383531876908148,0.10855635165240707,5.25227342804663,2.8898160479624417,0.09418848167539266,0.0,0,Creator
6918,Castle,Blacksmith Attack,2011,104,2.0,23.55,19.13,9.99,4,35.8,4.4500000000000455,7.75,0.21252612972757423,0.1790299673194482,4.6443908991413725,2.301584592660462,0.09605769230769232,1.9230769230769231,0,Castle
70000,Legends of Chima,Razcal’s Glider,2013,109,1.0,18.09,11.41,11.99,4,9.33,2.4500000000000455,5.75,0.18278517083553836,-0.04268615255678887,4.6913478822291435,2.4840729690394228,0.11,0.9174311926605505,0,Legends of Chima
70001,Legends of Chima,Crawley’s Claw Ripper,2013,139,2.0,25.46,10.4,14.99,4,12.33,2.4500000000000455,5.75,0.24136850039201985,-0.03340294306627156,4.9344739331306915,2.7073833121145063,0.10784172661870504,1.4388489208633093,0,Legends of Chima
70002,Legends of Chima,Lennox’ Lion Attack,2013,230,2.0,37.26,15.53,24.99,4,16.4,2.4500000000000455,5.75,0.17708214836055314,-0.07063265799458152,5.438079308923196,3.218475744846861,0.10865217391304346,0.8695652173913043,0,Legends of Chima
70003,Legends of Chima,Eris’ Eagle Interceptor,2013,348,3.0,35.17,23.78,34.99,3,22.93,2.4500000000000455,5.75,0.0020965375684824927,-0.07086243376179502,5.8522024797744745,3.5550623063795967,0.10054597701149426,0.8620689655172413,0,Legends of Chima
70004,Legends of Chima,Wakz’ Pack Tracker,2013,297,3.0,24.55,18.87,29.99,4,23.47,2.4500000000000455,5.75,-0.07844678049676557,-0.04173719740275528,5.6937321388027,3.4008639927609177,0.10097643097643097,1.0101010101010102,0,Legends of Chima
70005,Legends of Chima,Laval’s Royal Fighter,2013,417,3.0,36.14,21.13,39.99,3,37.0,2.4500000000000455,5.75,-0.04047606195260922,-0.013424127079213588,6.0330862217988015,3.688629422858727,0.09589928057553958,0.7194244604316546,0,Legends of Chima
70006,Legends of Chima,Cragger’s Command Ship,2013,609,6.0,61.94,44.0,79.99,3,85.33,2.4500000000000455,5.75,-0.0991187402790974,0.011302432770963433,6.411818267709897,4.3819016268607305,0.13134646962233168,0.9852216748768473,0,Legends of Chima
70007,Legends of Chima,Eglor's Twin Bike,2013,223,2.0,39.91,30.33,24.99,4,23.73,2.4500000000000455,5.75,0.21055884931661373,-0.00895715213728332,5.407171771460119,3.218475744846861,0.11206278026905829,0.8968609865470852,0,Legends of Chima
70008,Legends of Chima,Gorzan's Gorilla Striker,2013,505,4.0,43.63,29.22,49.99,3,39.2,2.4500000000000455,5.75,-0.054027745951035655,-0.04140470682340425,6.22455842927536,3.911822985425479,0.098990099009901,0.7920792079207921,0,Legends of Chima
70009,Legends of Chima,Worriz’ Combat Lair,2013,664,6.0,41.97,21.35,69.99,2,41.93,2.4500000000000455,5.75,-0.18838857237002093,-0.08525001301212887,6.498282149476434,4.248352374701448,0.10540662650602409,0.9036144578313253,0,Legends of Chima
70010,Legends of Chima,The Lion CHI Temple,2013,1258,7.0,144.53,94.8,119.99,1,156.2,2.4500000000000455,5.75,0.07890915251279718,0.046933990655745106,7.1372784372603855,4.787408405976297,0.09538155802861685,0.5564387917329093,0,Legends of Chima
70011,Legends of Chima,Eagles' Castle,2013,369,3.0,34.08,0.0,39.99,3,23.07,2.4500000000000455,5.75,-0.06318827175877018,-0.09123516945832522,5.910796644040527,3.688629422858727,0.1083739837398374,0.8130081300813008,0,Legends of Chima
70012,Legends of Chima,Razar’s CHI Raider,2013,412,3.0,56.59,27.92,39.99,3,19.29,2.4500000000000455,5.75,0.15224873693736196,-0.11908136860854657,6.021023349349527,3.688629422858727,0.09706310679611652,0.7281553398058253,0,Legends of Chima
70013,Legends of Chima,Equila’s Ultra Striker,2013,339,3.0,58.03,22.89,39.99,4,23.8,2.4500000000000455,5.75,0.16412730558156885,-0.08629827676975943,5.82600010738045,3.688629422858727,0.11796460176991151,0.8849557522123894,0,Legends of Chima
70014,Legends of Chima,The Croc Swamp Hideout,2013,647,5.0,69.53,49.33,69.99,3,122.13,2.4500000000000455,5.75,-0.0026878345890751776,0.10166563489925862,6.472346294500901,4.248352374701448,0.10817619783616692,0.7727975270479135,0,Legends of Chima
7009,Castle,The Final Joust,2007,62,2.0,34.44,18.53,7.99,4,29.6,8.450000000000045,11.75,0.18875044878018898,0.11790223383716825,4.127134385045092,2.0781907597781832,0.1288709677419355,3.225806451612903,0,Castle
70100,Legends of Chima,Ring of Fire,2013,83,1.0,18.58,3.5,14.99,4,8.2,2.4500000000000455,5.75,0.09158813599145699,-0.09959705304616007,4.418840607796598,2.7073833121145063,0.18060240963855423,1.2048192771084338,0,Legends of Chima
70101,Legends of Chima,Target Practice,2013,101,1.0,15.44,6.25,14.99,4,8.73,2.4500000000000455,5.75,0.012145917730396416,-0.08973590901277662,4.61512051684126,2.7073833121145063,0.1484158415841584,0.9900990099009901,0,Legends of Chima
70102,Legends of Chima,CHI Waterfall,2013,106,1.0,20.62,0.0,14.99,4,8.67,2.4500000000000455,5.75,0.13900417922411545,-0.09082702988500468,4.663439094112067,2.7073833121145063,0.14141509433962265,0.9433962264150944,0,Legends of Chima
70103,Legends of Chima,Boulder Bowling,2013,93,1.0,15.74,13.0,14.99,4,11.8,2.4500000000000455,5.75,0.020127193186557424,-0.040760571540081614,4.532599493153256,2.7073833121145063,0.16118279569892474,1.075268817204301,0,Legends of Chima
70104,Legends of Chima,Jungle Gates,2013,81,1.0,11.35,0.0,14.99,4,6.27,2.4500000000000455,5.75,-0.10732880322404281,-0.14065414998958603,4.394449154672439,2.7073833121145063,0.18506172839506174,1.2345679012345678,0,Legends of Chima
70105,Legends of Chima,Nest Dive,2013,97,1.0,18.42,0.0,14.99,4,7.2,2.4500000000000455,5.75,0.08774153302999821,-0.11973372527431125,4.574710978503383,2.7073833121145063,0.15453608247422682,1.0309278350515463,0,Legends of Chima
70106,Legends of Chima,Ice Tower,2013,101,1.0,12.25,0.0,14.99,4,8.4,2.4500000000000455,5.75,-0.07908797214032226,-0.09581565550812687,4.61512051684126,2.7073833121145063,0.1484158415841584,0.9900990099009901,0,Legends of Chima
70107,Legends of Chima,Skunk Attack,2013,97,1.0,13.06,10.8,14.99,4,10.27,2.4500000000000455,5.75,-0.054703658291097024,-0.06365034664716474,4.574710978503383,2.7073833121145063,0.15453608247422682,1.0309278350515463,0,Legends of Chima
70108,Legends of Chima,Royal Roost,2013,105,1.0,18.96,0.0,14.99,4,11.53,2.4500000000000455,5.75,0.10064593186505122,-0.044614323279748125,4.653960350157523,2.7073833121145063,0.14276190476190476,0.9523809523809523,0,Legends of Chima
70109,Legends of Chima,Whirling Vines,2013,77,1.0,23.35,0.0,14.99,4,13.07,2.4500000000000455,5.75,0.19829958525126146,-0.02355531837270608,4.343805421853684,2.7073833121145063,0.19467532467532467,1.2987012987012987,0,Legends of Chima
70110,Legends of Chima,Tower Target,2013,92,1.0,12.11,0.0,14.99,4,11.6,2.4500000000000455,5.75,-0.08339838851367565,-0.04360810266363324,4.5217885770490405,2.7073833121145063,0.16293478260869565,1.0869565217391304,0,Legends of Chima
70111,Legends of Chima,Swamp Jump,2013,91,1.0,27.65,0.0,14.99,4,10.47,2.4500000000000455,5.75,0.28389042599199166,-0.060504312130489346,4.51085950651685,2.7073833121145063,0.16472527472527473,1.098901098901099,0,Legends of Chima
70113,Legends of Chima,CHI Battles,2013,93,2.0,14.91,7.09,19.99,4,10.93,2.4500000000000455,5.75,-0.11278991646856507,-0.09967091257267491,4.532599493153256,2.995232148512309,0.21494623655913978,2.150537634408602,0,Legends of Chima
70114,Legends of Chima,Sky Joust,2013,117,2.0,22.7,0.0,19.99,4,14.87,2.4500000000000455,5.75,0.053260856001035695,-0.050156934522535335,4.762173934797756,2.995232148512309,0.17085470085470084,1.7094017094017093,0,Legends of Chima
70115,Legends of Chima,Ultimate Speedor Tournament,2013,246,0.0,29.5,20.44,29.99,4,33.53,2.4500000000000455,5.75,-0.006701415877643946,0.019594113818000913,5.5053315359323625,3.4008639927609177,0.12191056910569105,0.0,0,Legends of Chima
70123,Legends of Chima,Lion Legend Beast,2014,120,0.0,11.21,9.0,9.99,4,11.27,1.4500000000000455,4.75,0.08270571852906383,0.025705836858093578,4.787491742782046,2.301584592660462,0.08325,0.0,0,Legends of Chima
70124,Legends of Chima,Eagle Legend Beast,2014,104,1.0,16.89,0.0,9.99,4,15.47,1.4500000000000455,4.75,0.436433842253136,0.09643823987973632,4.6443908991413725,2.301584592660462,0.09605769230769232,0.9615384615384616,0,Legends of Chima
70125,Legends of Chima,Gorilla Legend Beast,2014,106,1.0,13.84,0.0,9.99,4,14.0,1.4500000000000455,4.75,0.2520881284856127,0.07363156940932924,4.663439094112067,2.301584592660462,0.09424528301886792,0.9433962264150944,0,Legends of Chima
70126,Legends of Chima,Crocodile Legend Beast,2014,122,1.0,10.42,4.0,9.99,4,21.47,1.4500000000000455,4.75,0.029490226761832217,0.1747646075447924,4.804021044733257,2.301584592660462,0.08188524590163934,0.819672131147541,0,Legends of Chima
70127,Legends of Chima,Wolf Legend Beast,2014,110,1.0,15.6,6.77,9.99,4,25.0,1.4500000000000455,4.75,0.3598438499761636,0.21302100165231974,4.700480365792417,2.301584592660462,0.09081818181818183,0.9090909090909091,0,Legends of Chima
70128,Legends of Chima,Braptor’s Wing Striker,2014,146,2.0,24.91,0.0,14.99,4,12.13,1.4500000000000455,4.75,0.4194453812457051,-0.043590160711200254,4.983606621708336,2.7073833121145063,0.10267123287671233,1.36986301369863,0,Legends of Chima
70129,Legends of Chima,Lavertus’ Twin Blade,2014,183,2.0,20.3,12.5,19.99,4,16.13,1.4500000000000455,4.75,0.010669439258829794,-0.04416376752987461,5.209486152841421,2.995232148512309,0.10923497267759562,1.092896174863388,0,Legends of Chima
70130,Legends of Chima,Sparratus’ Spider Stalker,2014,292,2.0,37.6,0.0,24.99,4,21.73,1.4500000000000455,4.75,0.32543891209820264,-0.028998998294861633,5.676753802268282,3.218475744846861,0.08558219178082191,0.684931506849315,0,Legends of Chima
70131,Legends of Chima,Rogon’s Rock Flinger,2014,257,3.0,47.92,0.0,29.99,4,22.67,1.4500000000000455,4.75,0.3815692255965317,-0.057208190538571846,5.54907608489522,3.4008639927609177,0.11669260700389104,1.1673151750972763,0,Legends of Chima
70132,Legends of Chima,Scorm’s Scorpion Stinger,2014,434,3.0,65.61,0.0,39.99,3,45.07,1.4500000000000455,4.75,0.40698255544899387,0.025495897106828425,6.073044534100405,3.688629422858727,0.09214285714285715,0.6912442396313364,0,Legends of Chima
70133,Legends of Chima,Spinlyn’s Cavern,2014,407,3.0,69.05,0.0,39.99,3,32.53,1.4500000000000455,4.75,0.4574533909958445,-0.04253553412469324,6.008813185442595,3.688629422858727,0.09825552825552826,0.7371007371007371,0,Legends of Chima
70134,Legends of Chima,Lavertus’ Outland Base,2014,684,4.0,52.69,40.5,59.99,2,39.2,1.4500000000000455,4.75,-0.08559735518345579,-0.08568413902156835,6.52795791762255,4.094177881665002,0.0877046783625731,0.5847953216374269,0,Legends of Chima
70135,Legends of Chima,Cragger’s Fire Striker,2014,380,3.0,78.15,35.5,39.99,3,24.6,1.4500000000000455,4.75,0.5873554662605776,-0.09723333042551152,5.940171252720432,3.688629422858727,0.10523684210526316,0.7894736842105263,0,Legends of Chima
70137,Legends of Chima,Bat Strike,2014,101,1.0,19.23,0.0,12.99,4,11.53,1.4500000000000455,4.75,0.3106799127591997,-0.024788126617233286,4.61512051684126,2.5641798306825083,0.12861386138613862,0.9900990099009901,0,Legends of Chima
70140,Legends of Chima,Stinger Duel,2014,93,2.0,20.5,0.0,19.99,4,25.13,1.4500000000000455,4.75,0.01752611292657935,0.049354044965308264,4.532599493153256,2.995232148512309,0.21494623655913978,2.150537634408602,0,Legends of Chima
70141,Legends of Chima,Vardy’s Ice Vulture Glider,2014,217,2.0,32.45,20.0,19.99,4,18.73,1.4500000000000455,4.75,0.3967052431348259,-0.01361294318162054,5.37989735354046,2.995232148512309,0.09211981566820276,0.9216589861751152,0,Legends of Chima
70142,Legends of Chima,Eris’ Fire Eagle Flyer,2014,330,3.0,47.78,0.0,29.99,4,21.27,1.4500000000000455,4.75,0.3787843040478005,-0.06977590616380136,5.799092654460526,3.4008639927609177,0.09087878787878788,0.9090909090909091,0,Legends of Chima
70143,Legends of Chima,Sir Fangar’s Sabre-Tooth Walker,2014,415,3.0,65.61,0.0,39.99,3,29.87,1.4500000000000455,4.75,0.40698255544899387,-0.05957772109163406,6.028278520230698,3.688629422858727,0.09636144578313253,0.7228915662650602,0,Legends of Chima
70144,Legends of Chima,Laval's Fire Lion,2014,450,3.0,64.67,0.0,49.99,3,47.93,1.4500000000000455,4.75,0.19430995183800137,-0.008820108861950171,6.1092475827643655,3.911822985425479,0.11108888888888889,0.6666666666666666,0,Legends of Chima
70145,Legends of Chima,Maula’s Ice Mammoth Stamper,2014,604,6.0,129.78,0.0,89.99,3,77.87,1.4500000000000455,4.75,0.2872547266381511,-0.029995210823431706,6.403574197934815,4.4996985530458575,0.14899006622516556,0.9933774834437086,0,Legends of Chima
70146,Legends of Chima,Flying Phoenix Fire Temple,2014,1301,7.0,108.0,86.0,119.99,1,100.73,1.4500000000000455,4.75,-0.07003185948506985,-0.03616453776443318,7.170888478512505,4.787408405976297,0.09222905457340506,0.5380476556495004,0,Legends of Chima
70150,Legends of Chima,Flaming Claws,2014,74,1.0,20.8,0.0,12.99,4,12.27,1.4500000000000455,4.75,0.38357557138119214,-0.011932982435307493,4.30406509320417,2.5641798306825083,0.17554054054054055,1.3513513513513513,0,Legends of Chima
70151,Legends of Chima,Frozen Spikes,2014,77,1.0,22.3,0.0,12.99,4,17.0,1.4500000000000455,4.75,0.4516406184047774,0.058273317711535766,4.343805421853684,2.5641798306825083,0.1687012987012987,1.2987012987012987,0,Legends of Chima
70155,Legends of Chima,Inferno Pit,2014,74,1.0,21.14,0.0,12.99,4,11.53,1.4500000000000455,4.75,0.3991336263365963,-0.024788126617233286,4.30406509320417,2.5641798306825083,0.17554054054054055,1.3513513513513513,0,Legends of Chima
70156,Legends of Chima,Fire vs. Ice,2014,102,2.0,13.22,0.0,19.99,4,36.0,1.4500000000000455,4.75,-0.24811607354266452,0.13184591215848473,4.624972813284271,2.995232148512309,0.19598039215686272,1.9607843137254901,0,Legends of Chima
70160,Agents,Riverside Raid,2014,88,2.0,14.09,0.0,11.99,4,9.0,1.4500000000000455,4.75,0.11773584666104187,-0.05860186875275475,4.477336814478207,2.4840729690394228,0.13625,2.272727272727273,0,Agents
70161,Agents,Tremor Track Infiltration,2014,241,2.0,23.75,0.0,19.99,4,19.67,1.4500000000000455,4.75,0.12621486430912965,-0.0033916072752366855,5.484796933490655,2.995232148512309,0.0829460580912863,0.8298755186721992,0,Agents
70162,Agents,Infearno Interception,2014,313,2.0,44.37,22.67,29.99,4,33.53,1.4500000000000455,4.75,0.31014476179714845,0.023767862079812074,5.746203190540153,3.4008639927609177,0.095814696485623,0.6389776357827476,0,Agents
70163,Agents,Toxikita's Toxic Meltdown,2014,429,4.0,44.0,0.0,39.99,3,26.6,1.4500000000000455,4.75,0.06812373848791253,-0.08225473136511985,6.061456918928017,3.688629422858727,0.09321678321678323,0.9324009324009324,0,Agents
70164,Agents,Hurricane Heist,2014,589,4.0,84.93,0.0,69.99,3,27.2,1.4500000000000455,4.75,0.14274246390965262,-0.1804303339504898,6.3784261836515865,4.248352374701448,0.11882852292020372,0.6791171477079796,0,Agents
70165,Agents,Ultra Agents Mission HQ,2014,1060,5.0,126.0,77.0,99.99,2,157.07,1.4500000000000455,4.75,0.1728730801289562,0.09974483673110979,6.966024187106113,4.605070180987758,0.09433018867924528,0.4716981132075472,0,Agents
70200,Legends of Chima,CHI Laval,2013,55,0.0,22.46,0.0,14.99,4,26.93,2.4500000000000455,5.75,0.17944252774731528,0.10725975881249905,4.007333185232471,2.7073833121145063,0.27254545454545454,0.0,0,Legends of Chima
70201,Legends of Chima,CHI Eris,2013,67,0.0,22.5,0.0,14.99,4,17.33,2.4500000000000455,5.75,0.1802994318356519,0.025547990075536653,4.204692619390966,2.7073833121145063,0.2237313432835821,0.0,0,Legends of Chima
70202,Legends of Chima,CHI Gorzan,2013,59,0.0,20.62,0.0,14.99,4,17.0,2.4500000000000455,5.75,0.13900417922411545,0.022124683464234574,4.07753744390572,2.7073833121145063,0.2540677966101695,0.0,0,Legends of Chima
70203,Legends of Chima,CHI Cragger,2013,65,0.0,13.64,0.0,14.99,4,21.33,2.4500000000000455,5.75,-0.037788584270938674,0.06326520980702943,4.174387269895637,2.7073833121145063,0.2306153846153846,0.0,0,Legends of Chima
70204,Legends of Chima,CHI Worriz,2013,55,0.0,13.26,0.0,14.99,4,22.87,2.4500000000000455,5.75,-0.04882156288621209,0.07623441405713516,4.007333185232471,2.7073833121145063,0.27254545454545454,0.0,0,Legends of Chima
70205,Legends of Chima,CHI Razar,2013,68,0.0,17.5,0.0,14.99,4,15.93,2.4500000000000455,5.75,0.06523011305083903,0.010633672350829348,4.219507705176107,2.7073833121145063,0.22044117647058825,0.0,0,Legends of Chima
70206,Legends of Chima,CHI Laval,2014,49,0.0,25.0,0.0,14.99,4,31.0,1.4500000000000455,4.75,0.4229802744591873,0.1652891346792571,3.8918202981106265,2.7073833121145063,0.3059183673469388,0.0,0,Legends of Chima
70208,Legends of Chima,Panther - Prel,2014,59,0.0,24.0,0.0,14.99,4,34.5,1.4500000000000455,4.75,0.38347763888813646,0.19182969691520602,4.07753744390572,2.7073833121145063,0.2540677966101695,0.0,0,Legends of Chima
70209,Legends of Chima,CHI Mungus,2014,64,0.0,25.0,10.0,14.99,4,38.0,1.4500000000000455,4.75,0.4229802744591873,0.2163227630271034,4.1588830833596715,2.7073833121145063,0.23421875,0.0,0,Legends of Chima
70210,Legends of Chima,CHI Vardy,2014,68,0.0,14.0,0.0,14.99,4,43.2,1.4500000000000455,4.75,-0.04602839033803996,0.24961198507497762,4.219507705176107,2.7073833121145063,0.22044117647058825,0.0,0,Legends of Chima
70211,Legends of Chima,CHI Fluminox,2014,91,0.0,36.0,0.0,19.99,4,63.0,1.4500000000000455,4.75,0.5003749260076056,0.27336588862452094,4.51085950651685,2.995232148512309,0.21967032967032965,0.0,0,Legends of Chima
70212,Legends of Chima,CHI Sir Fangar,2014,97,0.0,29.0,0.0,19.99,4,60.0,1.4500000000000455,4.75,0.2925223798254635,0.2603533108539835,4.574710978503383,2.995232148512309,0.20608247422680412,0.0,0,Legends of Chima
7029,Castle,Skeleton Ship Attack,2007,628,7.0,237.69,125.6,69.99,3,162.85,8.450000000000045,11.75,0.15567912393832928,0.07451607382550463,6.4425401664681985,4.248352374701448,0.11144904458598726,1.1146496815286624,0,Castle
7036,Castle,Dwarves’ Mine,2007,575,7.0,167.13,74.87,49.99,3,121.2,8.450000000000045,11.75,0.15353852601960605,0.07828502293599282,6.354370040797351,3.911822985425479,0.08693913043478262,1.2173913043478262,0,Castle
7037,Castle,Tower Raid,2008,364,5.0,72.0,38.6,29.99,3,63.93,7.4500000000000455,10.75,0.12474611247041367,0.07294972067709526,5.8971538676367405,3.4008639927609177,0.08239010989010989,1.3736263736263736,0,Castle
7038,Castle,Troll Assault Wagon,2008,161,4.0,49.33,31.67,19.99,4,45.8,7.4500000000000455,10.75,0.1289052501483996,0.08017288922526888,5.081404364984463,2.995232148512309,0.1241614906832298,2.484472049689441,0,Castle
7040,Castle,Dwarves’ Mine Defender,2008,86,3.0,26.75,19.15,9.99,4,25.67,7.4500000000000455,10.75,0.1413457374844378,0.09175841243328797,4.454347296253507,2.301584592660462,0.11616279069767442,3.488372093023256,0,Castle
70400,Castle,Forest Ambush,2013,90,4.0,10.88,8.5,11.99,4,19.53,2.4500000000000455,5.75,-0.03887588416344401,0.088552119785833,4.499809670330265,2.4840729690394228,0.13322222222222221,4.444444444444445,0,Castle
70401,Castle,Gold Getaway,2013,199,3.0,17.86,15.82,19.99,4,28.93,2.4500000000000455,5.75,-0.04494578710105346,0.06639780296829056,5.293304824724492,2.995232148512309,0.10045226130653266,1.5075376884422111,0,Castle
70402,Castle,The Gatehouse Raid,2013,248,4.0,28.08,20.27,29.99,4,57.2,2.4500000000000455,5.75,-0.026502245360098597,0.11884163611648968,5.5134287461649825,3.4008639927609177,0.12092741935483871,1.6129032258064515,0,Castle
70403,Castle,Dragon Mountain,2013,376,5.0,45.13,37.6,49.99,3,111.13,2.4500000000000455,5.75,-0.040885880643767414,0.14904969947902158,5.929589143389895,3.911822985425479,0.13295212765957448,1.3297872340425532,0,Castle
70404,Castle,King’s Castle,2013,996,7.0,95.28,74.33,99.99,2,202.13,2.4500000000000455,5.75,-0.019501322370907292,0.13021412789157094,6.903747257584598,4.605070180987758,0.10039156626506024,0.7028112449799196,0,Castle
7041,Castle,Troll Battle Wheel,2008,508,6.0,81.11,40.67,39.99,3,83.0,7.4500000000000455,10.75,0.0995742562701234,0.07028676993917071,6.230481447578482,3.688629422858727,0.07872047244094489,1.1811023622047243,0,Castle
7048,Castle,Troll Warship,2008,493,9.0,155.2,105.67,79.99,3,142.4,7.4500000000000455,10.75,0.09304588090554544,0.055115332783740145,6.20050917404269,4.3819016268607305,0.16225152129817444,1.8255578093306288,0,Castle
7050,Space,Alien Defender,2011,105,2.0,14.35,12.5,9.99,4,14.47,4.4500000000000455,7.75,0.08478897154957932,0.0489666551918293,4.653960350157523,2.301584592660462,0.09514285714285714,1.9047619047619047,0,Space
70500,Ninjago,Kai’s Fire Mech,2013,102,2.0,14.5,12.27,9.99,4,31.2,2.4500000000000455,5.75,0.16423819347626867,0.21903309614768585,4.624972813284271,2.301584592660462,0.09794117647058824,1.9607843137254901,0,Ninjago
70501,Ninjago,Warrior Bike,2013,210,2.0,32.86,15.13,19.99,4,28.53,2.4500000000000455,5.75,0.22490945149916475,0.06381876885152815,5.3471075307174685,2.995232148512309,0.09519047619047619,0.9523809523809523,0,Ninjago
70502,Ninjago,Cole's Earth Driller,2013,171,2.0,27.27,14.4,19.99,4,28.73,2.4500000000000455,5.75,0.13514132952853686,0.0651119937499518,5.14166355650266,2.995232148512309,0.11690058479532163,1.1695906432748537,0,Ninjago
70503,Ninjago,The Golden Dragon,2013,252,3.0,31.39,25.93,29.99,4,92.87,2.4500000000000455,5.75,0.018797085400831914,0.2172330497663595,5.529429087511423,3.4008639927609177,0.11900793650793651,1.1904761904761905,0,Ninjago
70504,Ninjago,Garmatron,2013,328,3.0,30.76,24.0,39.99,4,47.87,2.4500000000000455,5.75,-0.10157124454430844,0.031774284999149804,5.793013608384144,3.688629422858727,0.12192073170731708,0.9146341463414634,0,Ninjago
70505,Ninjago,Temple of Light,2013,565,5.0,74.69,39.47,69.99,3,113.47,2.4500000000000455,5.75,0.02688310003640959,0.08766409763485106,6.336825731146441,4.248352374701448,0.12387610619469025,0.8849557522123894,0,Ninjago
7051,Space,Tripod Invader,2011,166,2.0,21.27,13.8,19.99,4,25.33,4.4500000000000455,7.75,0.014045016378003261,0.031020750112332962,5.111987788356544,2.995232148512309,0.12042168674698794,1.2048192771084338,0,Space
7052,Space,UFO Abduction,2011,211,3.0,29.78,16.6,29.99,4,39.73,4.4500000000000455,7.75,-0.001577847259979115,0.03695586158944186,5.351858133476067,3.4008639927609177,0.14213270142180093,1.4218009478672986,0,Space
7065,Space,Alien Mothership,2011,416,2.0,40.77,23.87,59.99,3,54.2,4.4500000000000455,7.75,-0.08313365071727374,-0.013010999158066361,6.030685260261263,4.094177881665002,0.14420673076923077,0.4807692307692308,0,Space
7066,Space,Earth Defence HQ,2011,879,5.0,83.86,56.0,89.99,2,96.87,4.4500000000000455,7.75,-0.015728878774494137,0.009551302129115147,6.778784897685177,4.4996985530458575,0.10237770193401592,0.5688282138794084,0,Space
7067,Space,Jet-Copter Encounter,2011,375,3.0,32.0,21.27,39.99,3,26.2,4.4500000000000455,7.75,-0.048854690400085166,-0.05310197384439508,5.926926025970411,3.688629422858727,0.10664,0.8,0,Space
70700,Space,Space Swarmer,2013,86,2.0,15.1,8.06,11.99,4,12.8,2.4500000000000455,5.75,0.09870403654418936,0.011433952180762486,4.454347296253507,2.4840729690394228,0.1394186046511628,2.3255813953488373,0,Space
70701,Space,Swarm Interceptor,2013,218,2.0,21.82,10.67,19.99,4,28.33,2.4500000000000455,5.75,0.0363998164571131,0.06251803306667592,5.384495062789089,2.995232148512309,0.09169724770642201,0.9174311926605505,0,Space
70702,Space,Warp Stinger,2013,310,3.0,26.1,22.5,29.99,4,28.2,2.4500000000000455,5.75,-0.055127785169711396,-0.010645886229522339,5.736572297479192,3.4008639927609177,0.09674193548387096,0.967741935483871,0,Space
70703,Space,Star Slicer,2013,311,3.0,30.23,32.88,39.99,4,35.0,2.4500000000000455,5.75,-0.10792215791015591,-0.022912789337293904,5.739792912179234,3.688629422858727,0.12858520900321543,0.9646302250803859,0,Space
70704,Space,Vermin Vaporizer,2013,506,3.0,48.07,36.31,59.99,3,49.93,2.4500000000000455,5.75,-0.0864490800935388,-0.03141860541911412,6.226536669287466,4.094177881665002,0.11855731225296443,0.5928853754940712,0,Space
70705,Space,Bug Obliterator,2013,711,4.0,55.1,37.8,79.99,2,49.33,2.4500000000000455,5.75,-0.14113509291601356,-0.08062777934846121,6.566672429803241,4.3819016268607305,0.11250351617440224,0.5625879043600562,0,Space
70706,Space,Crater Creeper,2013,171,0.0,15.82,14.0,19.99,4,13.13,2.4500000000000455,5.75,-0.09107502962245129,-0.07049333137595548,5.14166355650266,2.995232148512309,0.11690058479532163,0.0,0,Space
70707,Space,CLS-89 Eradicator Mech,2013,440,2.0,39.21,52.67,39.99,3,55.27,2.4500000000000455,5.75,-0.008007606341866702,0.05789216782964601,6.0867747269123065,3.688629422858727,0.09088636363636364,0.45454545454545453,0,Space
70708,Space,Hive Crawler,2013,560,3.0,39.16,47.64,69.99,3,49.67,2.4500000000000455,5.75,-0.21102370494126899,-0.05789985110705986,6.327936783729195,4.248352374701448,0.12498214285714285,0.5357142857142857,0,Space
70709,Space,Galactic Titan,2013,1012,5.0,85.96,76.0,99.99,2,108.33,2.4500000000000455,5.75,-0.059843973949523455,0.014030021589371833,6.919683849847411,4.605070180987758,0.09880434782608695,0.49407114624505927,0,Space
70720,Ninjago,Hover Hunter,2014,79,2.0,18.0,0.0,11.99,4,18.0,1.4500000000000455,4.75,0.323402486253642,0.08930141502500888,4.3694478524670215,2.4840729690394228,0.1517721518987342,2.5316455696202533,0,Ninjago
70721,Ninjago,Kai Fighter,2014,196,2.0,31.33,15.13,19.99,4,57.33,1.4500000000000455,4.75,0.3632783953424681,0.24833269969996286,5.278114659230517,2.995232148512309,0.10198979591836733,1.0204081632653061,0,Ninjago
70722,Ninjago,OverBorg Attack,2014,207,2.0,24.76,17.33,19.99,4,44.47,1.4500000000000455,4.75,0.15903103842404365,0.18333081984109345,5.332718793265369,2.995232148512309,0.09657004830917873,0.966183574879227,0,Ninjago
70723,Ninjago,Thunder Raider,2014,334,3.0,60.17,17.8,29.99,4,65.4,1.4500000000000455,4.75,0.6164198292798195,0.17837760600149455,5.811140992976701,3.4008639927609177,0.08979041916167664,0.8982035928143712,0,Ninjago
70724,Ninjago,NinjaCopter,2014,516,4.0,43.57,0.0,59.99,3,52.2,1.4500000000000455,4.75,-0.19792885027258156,-0.028858639911510275,6.246106765481563,4.094177881665002,0.11625968992248062,0.7751937984496124,0,Ninjago
70725,Ninjago,Nindroid MechDragon,2014,691,5.0,55.22,0.0,89.99,2,65.0,1.4500000000000455,4.75,-0.28595493651748005,-0.0661940138382282,6.53813982376767,4.4996985530458575,0.1302315484804631,0.723589001447178,0,Ninjago
70726,Ninjago,Destructoid,2014,253,3.0,42.19,0.0,34.99,4,32.8,1.4500000000000455,4.75,0.13774577015188783,-0.01351495559465632,5.53338948872752,3.5550623063795967,0.138300395256917,1.1857707509881423,0,Ninjago
70727,Ninjago,X Ninja Charger,2014,426,3.0,45.51,0.0,39.99,3,53.87,1.4500000000000455,4.75,0.09327113971540713,0.06473412350403951,6.054439346269371,3.688629422858727,0.09387323943661972,0.704225352112676,0,Ninjago
70728,Ninjago,Battle for Ninjago City,2014,1223,8.0,102.02,81.0,119.99,1,117.53,1.4500000000000455,4.75,-0.1058567962182555,-0.0043515121582475835,7.109062135687172,4.787408405976297,0.09811120196238757,0.6541291905151267,0,Ninjago
7078,Castle,King’s Battle Chariot,2009,103,4.0,39.42,23.53,19.99,4,42.2,6.4500000000000455,9.75,0.11101909549321176,0.07964758111911574,4.634728988229636,2.995232148512309,0.19407766990291261,3.883495145631068,0,Castle
7079,Castle,Drawbridge Defense,2009,335,7.0,94.13,53.53,39.99,4,49.33,6.4500000000000455,9.75,0.14193081198846746,0.02176192243855235,5.814130531825066,3.688629422858727,0.11937313432835822,2.08955223880597,0,Castle
70800,The Lego movie,Getaway Glider,2014,104,3.0,23.14,13.0,12.99,4,17.8,1.4500000000000455,4.75,0.48913452769232957,0.06856829545551557,4.6443908991413725,2.5641798306825083,0.12490384615384616,2.8846153846153846,1,The Lego movie
70801,The Lego movie,Melting Room,2014,122,3.0,19.7,6.69,12.99,4,19.8,1.4500000000000455,4.75,0.33268962670456004,0.09279352611199854,4.804021044733257,2.5641798306825083,0.10647540983606557,2.459016393442623,1,The Lego movie
70802,The Lego movie,Bad Cop’s Pursuit,2014,314,2.0,35.33,21.78,29.99,4,30.73,1.4500000000000455,4.75,0.11964619376055041,0.005144849176406785,5.749392985908253,3.4008639927609177,0.09550955414012738,0.6369426751592356,1,The Lego movie
70803,The Lego movie,Cloud Cuckoo Palace,2014,197,3.0,28.24,21.33,19.99,4,23.53,1.4500000000000455,4.75,0.26906558751022347,0.03492096765461383,5.2832037287379885,2.995232148512309,0.1014720812182741,1.5228426395939085,1,The Lego movie
70804,The Lego movie,Ice Cream Machine,2014,344,3.0,31.2,0.0,29.99,3,29.87,1.4500000000000455,4.75,0.027654160898737734,-0.0008437197698069054,5.840641657373398,3.4008639927609177,0.08718023255813953,0.872093023255814,1,The Lego movie
70805,The Lego movie,Trash Chomper,2014,389,3.0,33.76,32.67,29.99,3,27.47,1.4500000000000455,4.75,0.0850910658719155,-0.018308120238781922,5.963579343618446,3.4008639927609177,0.07709511568123392,0.7712082262210797,1,The Lego movie
70806,The Lego movie,Castle Cavalry,2014,424,3.0,35.26,16.48,29.99,3,30.47,1.4500000000000455,4.75,0.11811580831892976,0.0033484568060804243,6.049733455231958,3.4008639927609177,0.0707311320754717,0.7075471698113207,1,The Lego movie
70807,The Lego movie,MetalBeard’s Duel,2014,412,3.0,34.0,37.33,34.99,3,93.93,1.4500000000000455,4.75,-0.01959971070594191,0.2310803398625596,6.021023349349527,3.5550623063795967,0.08492718446601942,0.7281553398058253,1,The Lego movie
70808,The Lego movie,Super Cycle Chase,2014,514,5.0,47.84,36.13,49.99,3,71.07,1.4500000000000455,4.75,-0.02986286905412705,0.07688441124578427,6.2422232654551655,3.911822985425479,0.0972568093385214,0.9727626459143969,1,The Lego movie
70809,The Lego movie,Lord Business’ Evil Lair,2014,738,6.0,63.0,46.27,69.99,2,77.65,1.4500000000000455,4.75,-0.06999367835123371,0.02210588230291588,6.6039438246004725,4.248352374701448,0.09483739837398374,0.8130081300813008,1,The Lego movie
70810,The Lego movie,MetalBeard’s Sea Cow,2014,2741,4.0,234.99,196.93,249.99,1,336.19,1.4500000000000455,4.75,-0.04177671409704409,0.06435564876387989,7.916078096302786,5.521420917062225,0.09120394016782196,0.1459321415541773,1,The Lego movie
70811,The Lego movie,The Flying Flusher,2014,351,3.0,41.54,28.39,29.99,3,30.8,1.4500000000000455,4.75,0.25192793030934246,0.0056264424033083404,5.860786223465865,3.4008639927609177,0.08544159544159544,0.8547008547008547,1,The Lego movie
70812,The Lego movie,Creative Ambush,2014,473,4.0,43.07,35.0,39.99,3,36.33,1.4500000000000455,4.75,0.05250236680253506,-0.02000468683722445,6.159095388491933,3.688629422858727,0.08454545454545455,0.8456659619450317,1,The Lego movie
70813,The Lego movie,Rescue Reinforcements,2014,859,5.0,74.64,45.5,69.99,2,68.27,1.4500000000000455,4.75,0.04536018922780061,-0.00522460785800527,6.755768921984255,4.248352374701448,0.08147846332945284,0.5820721769499418,1,The Lego movie
70814,The Lego movie,Emmet’s Constructo-Mech,2014,707,4.0,62.98,45.0,59.99,2,114.6,1.4500000000000455,4.75,0.034113324539316814,0.14598823503766134,6.561030665896573,4.094177881665002,0.08485148514851486,0.5657708628005658,1,The Lego movie
70815,The Lego movie,Super Secret Police Dropship,2014,854,8.0,71.18,70.39,79.99,2,81.93,1.4500000000000455,4.75,-0.07732266403491705,0.00505771512898634,6.74993119378857,4.3819016268607305,0.09366510538641686,0.936768149882904,1,The Lego movie
70816,The Lego movie,"“Benny’s Spaceship, Spaceship, SPACESHIP!”",2014,939,5.0,90.87,81.07,99.99,2,136.73,1.4500000000000455,4.75,-0.063830571022787,0.06810033595551523,6.844815479208263,4.605070180987758,0.10648562300319488,0.5324813631522897,1,The Lego movie
7090,Castle,Crossbow Attack,2007,54,3.0,21.23,10.33,5.99,4,20.4,8.450000000000045,11.75,0.16153507299224867,0.10992568526362478,3.9889840465642745,1.7900914121273581,0.11092592592592593,5.555555555555555,0,Castle
7091,Castle,Knight’s Catapult Defense,2007,123,4.0,19.8,16.73,9.99,4,26.0,8.450000000000045,11.75,0.08432564203475379,0.0848104507332541,4.812184355372417,2.301584592660462,0.08121951219512195,3.252032520325203,0,Castle
7092,Castle,Skeletons' Prison Carriage,2007,193,5.0,81.93,32.33,19.99,4,42.53,8.450000000000045,11.75,0.18168197431653543,0.06636259085729868,5.262690188904886,2.995232148512309,0.10357512953367874,2.5906735751295336,0,Castle
7093,Castle,Skeleton Tower,2007,398,5.0,105.77,82.67,49.99,3,60.67,8.450000000000045,11.75,0.09274359187177139,0.016615363811797845,5.986452005284438,3.911822985425479,0.12560301507537688,1.256281407035176,0,Castle
7094,Castle,King’s Castle Siege,2007,973,10.0,276.4,151.47,99.99,2,221.93,8.450000000000045,11.75,0.12786770702978267,0.07020971471216852,6.880384082186005,4.605070180987758,0.10276464542651592,1.027749229188078,0,Castle
7097,Castle,Trolls' Mountain Fortress,2009,844,10.0,155.0,92.33,99.99,2,184.93,6.4500000000000455,9.75,0.0703246413323817,0.06509862927791388,6.738152494595957,4.605070180987758,0.11847156398104265,1.1848341232227488,0,Castle
71006,The Simpsons,The Simpsons House,2014,2523,6.0,192.96,180.0,199.99,1,251.91,1.4500000000000455,4.75,-0.0243768971353735,0.04979029411218083,7.833203948641057,5.2982673652979955,0.07926674593737615,0.23781212841854935,1,Other
7101,Star Wars,Lightsaber Duel,1999,52,2.0,33.38,17.8,5.99,4,27.13,16.450000000000045,19.75,0.11007714626525167,0.07948435626347039,3.9512437185814275,1.7900914121273581,0.11519230769230769,3.8461538461538463,1,Star Wars
7103,Star Wars,Jedi Duel,2002,82,2.0,41.6,20.83,9.99,4,33.27,13.450000000000045,16.75,0.11188929666879988,0.07446747206968318,4.406719247264253,2.301584592660462,0.12182926829268292,2.4390243902439024,1,Star Wars
7104,Star Wars,Desert Skiff,2000,55,2.0,23.67,15.0,5.99,4,26.27,15.450000000000045,18.75,0.09301464978905805,0.08203615721324287,4.007333185232471,1.7900914121273581,0.10890909090909091,3.6363636363636362,1,Star Wars
7106,Star Wars,Droid Escape,2001,45,2.0,26.2,18.75,5.99,4,23.73,14.450000000000045,17.75,0.10751897153768608,0.08064455239601864,3.8066624897703196,1.7900914121273581,0.13311111111111112,4.444444444444445,1,Star Wars
7110,Star Wars,Landspeeder,1999,49,2.0,31.8,17.67,5.99,4,28.47,16.450000000000045,19.75,0.10680972499642216,0.08212265237893268,3.8918202981106265,1.7900914121273581,0.12224489795918368,4.081632653061225,1,Star Wars
7111,Star Wars,Droid Fighter,1999,62,0.0,18.2,10.0,5.99,4,18.6,16.450000000000045,19.75,0.06989238192179692,0.05904826484311565,4.127134385045092,1.7900914121273581,0.09661290322580646,0.0,1,Star Wars
7113,Star Wars,Tusken Raider Encounter,2002,93,3.0,40.47,23.13,9.99,4,25.47,13.450000000000045,16.75,0.10961500490287723,0.05746615178905179,4.532599493153256,2.301584592660462,0.10741935483870968,3.225806451612903,1,Star Wars
7115,Star Wars,Gungan Patrol,2000,77,2.0,31.87,26.0,9.99,4,29.73,15.450000000000045,18.75,0.07797698099293937,0.059888636146179675,4.343805421853684,2.301584592660462,0.12974025974025974,2.5974025974025974,1,Star Wars
7116,Bionicle,Tahu,2010,19,0.0,38.81,16.19,7.99,4,24.33,5.4500000000000455,8.75,0.3364243457332208,0.1357115373437663,2.9444389791664403,2.0781907597781832,0.4205263157894737,0.0,0,Bionicle
7117,Bionicle,Gresh,2010,19,0.0,19.17,12.06,7.99,4,18.87,5.4500000000000455,8.75,0.1741905838043596,0.10320011775922033,2.9444389791664403,2.0781907597781832,0.4205263157894737,0.0,0,Bionicle
7119,Star Wars,Twin-Pod Cloud Car,2002,118,1.0,29.31,15.07,9.99,4,27.6,13.450000000000045,16.75,0.08331478745795784,0.06254876604011073,4.770684624465665,2.301584592660462,0.08466101694915254,0.847457627118644,1,Star Wars
7121,Star Wars,Naboo Swamp,1999,82,4.0,29.6,18.95,9.99,4,27.87,16.450000000000045,19.75,0.06825852213660388,0.05332060834096275,4.406719247264253,2.301584592660462,0.12182926829268292,4.878048780487805,1,Star Wars
7124,Star Wars,Flash Speeder,2000,106,1.0,30.27,17.83,9.99,4,15.93,15.450000000000045,18.75,0.07438914980863709,0.0251986257129746,4.663439094112067,2.301584592660462,0.09424528301886792,0.9433962264150944,1,Star Wars
7126,Star Wars,Battle Droid Carrier,2001,133,7.0,68.93,30.35,9.99,4,37.27,14.450000000000045,17.75,0.14301361670686563,0.07699513398772773,4.890349128221754,2.301584592660462,0.07511278195488721,5.2631578947368425,1,Star Wars
7127,Star Wars,Imperial AT-ST,2001,107,1.0,43.33,23.67,9.99,4,26.07,14.450000000000045,17.75,0.10687477793731714,0.05552626549875872,4.672828834461906,2.301584592660462,0.0933644859813084,0.9345794392523364,1,Star Wars
7128,Star Wars,Speeder Bikes,1999,93,3.0,37.0,18.07,9.99,4,37.0,16.450000000000045,19.75,0.08284813363054,0.06854227304347837,4.532599493153256,2.301584592660462,0.10741935483870968,3.225806451612903,1,Star Wars
7130,Star Wars,Snowspeeder,1999,215,3.0,56.33,25.41,19.99,4,39.33,16.450000000000045,19.75,0.06500386237610933,0.03485994438195794,5.3706380281276624,2.995232148512309,0.0929767441860465,1.3953488372093024,1,Star Wars
7131,Star Wars,Anakin's Podracer,1999,136,2.0,36.27,19.19,14.99,4,32.87,16.450000000000045,19.75,0.05518356834540983,0.04055664057922215,4.912654885736052,2.7073833121145063,0.11022058823529413,1.4705882352941178,1,Star Wars
7133,Star Wars,Bounty Hunter Pursuit,2002,259,3.0,112.73,44.8,29.99,4,45.53,13.450000000000045,16.75,0.10345751426154881,0.02523906373051865,5.556828061699537,3.4008639927609177,0.11579150579150578,1.1583011583011582,1,Star Wars
7134,Star Wars,A-wing Fighter,2000,125,2.0,32.53,16.81,14.99,4,23.0,15.450000000000045,18.75,0.05142620795796282,0.023095240175441845,4.8283137373023015,2.7073833121145063,0.11992,1.6,1,Star Wars
7135,Bionicle,Takanuva,2010,21,0.0,24.65,12.2,7.99,4,25.6,5.4500000000000455,8.75,0.2296296830241622,0.14233506214114633,3.044522437723423,2.0781907597781832,0.38047619047619047,0.0,0,Bionicle
7136,Bionicle,Skrall,2010,21,0.0,15.5,11.93,7.99,4,17.13,5.4500000000000455,8.75,0.1292876333257924,0.09107005911390242,3.044522437723423,2.0781907597781832,0.38047619047619047,0.0,0,Bionicle
7137,Bionicle,Piraka,2010,15,0.0,21.35,8.25,7.99,4,18.2,5.4500000000000455,8.75,0.19762623979675054,0.09865150576609816,2.70805020110221,2.0781907597781832,0.5326666666666667,0.0,0,Bionicle
7138,Bionicle,Rahkshi,2010,18,0.0,23.0,11.61,7.99,4,24.13,5.4500000000000455,8.75,0.21409705288308833,0.13464067362907906,2.8903717578961645,2.0781907597781832,0.4438888888888889,0.0,0,Bionicle
7139,Star Wars,Ewok Attack,2002,121,4.0,43.6,22.4,12.99,4,36.47,13.450000000000045,16.75,0.09420497956196927,0.06356923876183451,4.795790545596741,2.5641798306825083,0.10735537190082645,3.3057851239669422,1,Star Wars
7140,Star Wars,X-wing Fighter,1999,266,4.0,86.6,34.22,29.99,4,86.13,16.450000000000045,19.75,0.06658737640818813,0.05486986339853517,5.583496308781699,3.4008639927609177,0.11274436090225563,1.5037593984962405,1,Star Wars
7141,Star Wars,Naboo Fighter,1999,179,4.0,37.4,20.87,19.99,4,37.2,16.450000000000045,19.75,0.03881575910339419,0.031946595425967006,5.187385805840755,2.995232148512309,0.11167597765363127,2.2346368715083798,1,Star Wars
7142,Star Wars,X-wing Fighter,2002,267,4.0,87.07,29.0,29.99,4,11.75,13.450000000000045,16.75,0.08246974813312846,-0.05440501932395925,5.58724865840025,3.4008639927609177,0.11232209737827714,1.4981273408239701,1,Star Wars
7143,Star Wars,Jedi Starfighter,2002,139,1.0,53.07,24.27,19.99,4,43.07,13.450000000000045,16.75,0.0752931073374643,0.04689280152819664,4.9344739331306915,2.995232148512309,0.14381294964028776,0.7194244604316546,1,Star Wars
7144,Star Wars,Slave I,2000,166,1.0,88.27,33.94,19.99,4,50.87,15.450000000000045,18.75,0.10089929684321852,0.05107718756208657,5.111987788356544,2.995232148512309,0.12042168674698794,0.6024096385542169,1,Star Wars
7145,Hero factory,Von Nebula,2010,156,0.0,21.15,56.4,19.99,4,61.0,5.4500000000000455,8.75,0.010403794158289736,0.13598703838471615,5.049856007249537,2.995232148512309,0.12814102564102564,0.0,0,Hero factory
7146,Star Wars,TIE Fighter,2001,171,2.0,53.87,35.8,19.99,4,49.67,14.450000000000045,17.75,0.07101302636701634,0.052614559380168124,5.14166355650266,2.995232148512309,0.11690058479532163,1.1695906432748537,1,Star Wars
7147,Hero factory,XPIode,2010,45,0.0,20.76,11.8,12.99,4,24.53,5.4500000000000455,8.75,0.0898359689638113,0.07535772598372859,3.8066624897703196,2.5641798306825083,0.2886666666666667,0.0,0,Hero factory
7148,Hero factory,Meltdown,2010,50,0.0,35.14,17.87,12.99,4,30.07,5.4500000000000455,8.75,0.2003320314423549,0.10067706569583068,3.912023005428146,2.5641798306825083,0.25980000000000003,0.0,0,Hero factory
7150,Star Wars,TIE Fighter & Y-wing,1999,409,3.0,80.93,47.6,49.99,3,67.27,16.450000000000045,19.75,0.0297194838132393,0.015146031223387757,6.013715156042802,3.911822985425479,0.12222493887530562,0.7334963325183375,1,Star Wars
7151,Star Wars,Sith Infiltrator,1999,244,1.0,45.2,21.6,29.99,4,41.27,16.450000000000045,19.75,0.025251739564419173,0.016297034624235485,5.497168225293202,3.4008639927609177,0.12290983606557376,0.4098360655737705,1,Star Wars
7152,Star Wars,TIE Fighter & Y-wing,2002,410,3.0,38.55,17.53,49.99,3,9.5,13.450000000000045,16.75,-0.01913550461377822,-0.09438063691002296,6.016157159698354,3.911822985425479,0.1219268292682927,0.7317073170731707,1,Star Wars
7153,Star Wars,Jango Fett's Slave I,2002,360,2.0,213.0,107.19,49.99,3,133.8,13.450000000000045,16.75,0.11378845343613575,0.060539246864342644,5.886104031450156,3.911822985425479,0.13886111111111113,0.5555555555555556,1,Star Wars
7155,Star Wars,Trade Federation AAT,2000,158,2.0,112.07,38.0,19.99,4,48.8,15.450000000000045,18.75,0.11804177475480171,0.04875096831050052,5.062595033026967,2.995232148512309,0.12651898734177214,1.2658227848101267,1,Star Wars
7156,Hero factory,Corroder,2010,40,0.0,29.33,15.2,12.99,4,24.33,5.4500000000000455,8.75,0.16118018680293522,0.0743520670666038,3.6888794541139363,2.5641798306825083,0.32475,0.0,0,Hero factory
7157,Hero factory,Thunder,2010,47,0.0,36.38,16.63,12.99,4,24.87,5.4500000000000455,8.75,0.20799425925710957,0.07705079782392033,3.8501476017100584,2.5641798306825083,0.2763829787234043,0.0,0,Hero factory
7158,Hero factory,Furno Bike,2010,165,0.0,58.29,39.6,29.99,4,44.33,5.4500000000000455,8.75,0.12968498352730906,0.04567497840733559,5.10594547390058,3.4008639927609177,0.18175757575757576,0.0,0,Hero factory
7159,Star Wars,Star Wars Bucket,2000,292,3.0,94.87,44.2,24.99,4,60.0,15.450000000000045,18.75,0.0901824849166295,0.04782124499048579,5.676753802268282,3.218475744846861,0.08558219178082191,1.0273972602739727,1,Star Wars
7160,Hero factory,Drop Ship,2010,390,0.0,59.63,23.53,49.99,3,36.27,5.4500000000000455,8.75,0.03288431644106371,-0.036002442374002075,5.966146739123692,3.911822985425479,0.12817948717948718,0.0,0,Hero factory
7161,Star Wars,Gungan Sub,1999,379,3.0,71.07,34.67,49.99,3,67.0,16.450000000000045,19.75,0.021618966416233842,0.014939334991335151,5.937536205082426,3.911822985425479,0.13189973614775727,0.7915567282321899,1,Star Wars
7162,Hero factory,Rotor,2010,145,0.0,56.4,33.13,19.99,4,28.8,5.4500000000000455,8.75,0.20963506800564136,0.04261361904260097,4.976733742420574,2.995232148512309,0.13786206896551723,0.0,0,Hero factory
7163,Star Wars,Republic Gunship,2002,693,8.0,174.13,115.8,89.99,2,191.87,13.450000000000045,16.75,0.050302622028320476,0.04623830480573288,6.541029999189903,4.4996985530458575,0.12985569985569984,1.1544011544011543,1,Star Wars
7164,Hero factory,Preston Stormer,2010,17,0.0,20.63,18.87,7.99,4,24.73,5.4500000000000455,8.75,0.1901113725038206,0.13783007798828906,2.833213344056216,2.0781907597781832,0.47000000000000003,0.0,0,Hero factory
7165,Hero factory,Natalie Breez,2010,19,0.0,16.58,13.4,7.99,4,18.33,5.4500000000000455,8.75,0.14333122283653665,0.09954553980945935,2.9444389791664403,2.0781907597781832,0.4205263157894737,0.0,0,Hero factory
7166,Star Wars,Imperial Shuttle,2001,238,4.0,123.13,50.47,34.99,4,65.73,14.450000000000045,17.75,0.09097432121467808,0.036159137898032156,5.472270673671475,3.5550623063795967,0.14701680672268908,1.680672268907563,1,Star Wars
7167,Hero factory,William Furno,2010,19,0.0,16.69,18.87,7.99,4,21.67,5.4500000000000455,8.75,0.1447192901239538,0.12078261690010117,2.9444389791664403,2.0781907597781832,0.4205263157894737,0.0,0,Hero factory
7168,Hero factory,Duncan Bulk,2010,17,0.0,32.5,15.6,7.99,4,24.23,5.4500000000000455,8.75,0.2936145073845964,0.1351770841101525,2.833213344056216,2.0781907597781832,0.47000000000000003,0.0,0,Hero factory
7169,Hero factory,Mark Surge,2010,19,0.0,19.2,15.88,7.99,4,24.25,5.4500000000000455,8.75,0.17452753262172815,0.1352841308495245,2.9444389791664403,2.0781907597781832,0.4205263157894737,0.0,0,Hero factory
7170,Hero factory,Jim Stringer,2010,17,0.0,25.87,17.13,7.99,4,,5.4500000000000455,8.75,0.24057718194162758,,2.833213344056216,2.0781907597781832,0.47000000000000003,0.0,0,Hero factory
7171,Star Wars,Mos Espa Podrace,1999,896,7.0,115.93,56.27,89.99,2,84.53,16.450000000000045,19.75,0.015516598721218688,-0.003164201158320501,6.79794041297493,4.4996985530458575,0.10043526785714285,0.78125,1,Star Wars
7179,Hero factory,Duncan Bulk and Vapour,2010,89,0.0,63.35,38.27,24.99,4,36.33,5.4500000000000455,8.75,0.18610964451884526,0.04368953892833205,4.48863636973214,3.218475744846861,0.2807865168539326,0.0,0,Hero factory
7180,Star Wars,B-wing at Rebel Control Center,2000,338,3.0,61.93,25.8,29.99,4,54.87,15.450000000000045,18.75,0.04805354230065517,0.03274345907978704,5.823045895483019,3.4008639927609177,0.08872781065088757,0.8875739644970414,1,Star Wars
7181,Star Wars,TIE Interceptor,2000,703,0.0,697.8,179.53,99.99,2,369.33,15.450000000000045,18.75,0.13400045696128293,0.07217191671227541,6.555356891810665,4.605070180987758,0.14223328591749643,0.0,1,Star Wars
7184,Star Wars,Trade Federation MTT,2000,470,7.0,130.6,72.13,49.99,3,83.07,15.450000000000045,18.75,0.06412875121843697,0.02745605829351261,6.152732694704104,3.911822985425479,0.10636170212765958,1.4893617021276595,1,Star Wars
7186,Star Wars,Watto’s Junkyard,2001,443,2.0,168.13,67.5,49.99,3,89.67,14.450000000000045,17.75,0.08756224597229623,0.0334668849814157,6.093569770045136,3.911822985425479,0.11284424379232506,0.45146726862302483,1,Star Wars
7187,Castle,Escape from Dragon’s Prison,2011,185,4.0,49.07,23.6,19.99,4,61.33,4.4500000000000455,7.75,0.2236048307351719,0.1556349483549102,5.220355825078324,2.995232148512309,0.10805405405405405,2.1621621621621623,0,Castle
7188,Castle,King’s Carriage Ambush,2011,285,4.0,35.06,25.6,39.99,4,48.67,4.4500000000000455,7.75,-0.029133167508807123,0.025670192521694668,5.652489180268651,3.688629422858727,0.14031578947368423,1.4035087719298245,0,Castle
7189,Castle,Mill Village Raid,2011,663,6.0,118.21,81.4,69.99,2,165.73,4.4500000000000455,7.75,0.12499388719383564,0.11764834394962342,6.4967749901858625,4.248352374701448,0.1055656108597285,0.9049773755656109,0,Castle
7190,Star Wars,Millennium Falcon,2000,663,6.0,282.2,104.87,99.99,2,146.33,15.450000000000045,18.75,0.06946130854576382,0.020516653490115555,6.4967749901858625,4.605070180987758,0.15081447963800904,0.9049773755656109,1,Star Wars
7191,Star Wars,X-wing Fighter,2000,1300,1.0,923.33,305.13,149.99,1,444.2,15.450000000000045,18.75,0.12483036528816749,0.05961362320695063,7.170119543449628,5.010568625207268,0.11537692307692309,0.07692307692307693,1,Star Wars
7194,Star Wars,Yoda,2002,1075,0.0,451.27,199.53,99.99,2,296.07,13.450000000000045,16.75,0.11856239639429389,0.06695362285030315,6.980075940561763,4.605070180987758,0.09301395348837209,0.0,1,Star Wars
7195,Indiana Jones,Ambush In Cairo,2009,79,4.0,50.0,30.53,10.99,4,47.4,6.4500000000000455,9.75,0.264768996587208,0.16173134574553538,4.3694478524670215,2.39698576841553,0.13911392405063291,5.063291139240507,1,Indiana Jones
7196,Indiana Jones,Chauchilla Cemetery Battle,2009,187,5.0,81.82,47.07,19.99,4,52.67,6.4500000000000455,9.75,0.2442021810173418,0.10446993899720702,5.231108616854587,2.995232148512309,0.10689839572192512,2.6737967914438503,1,Indiana Jones
7197,Indiana Jones,Venice Canal Chase,2009,420,4.0,63.36,46.87,39.99,3,77.6,6.4500000000000455,9.75,0.07395634984521338,0.07035850255026177,6.040254711277414,3.688629422858727,0.09521428571428572,0.9523809523809523,1,Indiana Jones
7198,Indiana Jones,Fighter Plane Attack,2009,384,3.0,95.8,57.93,49.99,3,100.8,6.4500000000000455,9.75,0.1061033728861478,0.07457988609151456,5.950642552587727,3.911822985425479,0.13018229166666667,0.78125,1,Indiana Jones
7199,Indiana Jones,The Temple of Doom,2009,652,6.0,227.0,157.8,89.99,3,228.07,6.4500000000000455,9.75,0.15424891159171383,0.10007669729568058,6.480044561926653,4.4996985530458575,0.13802147239263804,0.9202453987730062,1,Indiana Jones
7200,Star Wars,Final Duel I,2002,31,2.0,49.57,24.0,6.99,4,30.4,13.450000000000045,16.75,0.15678373668513856,0.09172490652819643,3.4339872044851463,1.944480556245719,0.22548387096774195,6.451612903225806,1,Star Wars
7201,Star Wars,Final Duel II,2002,26,3.0,20.44,15.47,6.99,4,19.16,13.450000000000045,16.75,0.08304653289874642,0.0620485683719465,3.258096538021482,1.944480556245719,0.26884615384615385,11.538461538461538,1,Star Wars
7203,Star Wars,Jedi Defense I,2002,111,1.0,35.13,18.19,6.99,4,30.07,13.450000000000045,16.75,0.12754504660575772,0.09101375000859924,4.709530201312334,1.944480556245719,0.06297297297297297,0.9009009009009009,1,Star Wars
7204,Star Wars,Jedi Defense II,2002,53,3.0,22.07,16.0,6.99,4,32.53,13.450000000000045,16.75,0.08924242160921936,0.09614767723002804,3.970291913552122,1.944480556245719,0.1318867924528302,5.660377358490566,1,Star Wars
7206,City,Fire Helicopter,2010,342,3.0,55.25,29.8,39.99,3,48.07,5.4500000000000455,8.75,0.06110401863634274,0.021254598099946342,5.834810737062605,3.688629422858727,0.11692982456140351,0.8771929824561403,0,City
7207,City,Fire Boat,2010,306,4.0,131.0,51.33,49.99,4,46.87,5.4500000000000455,8.75,0.19335173681407536,-0.007338106339528028,5.723585101952381,3.911822985425479,0.16336601307189544,1.3071895424836601,0,City
7208,City,Fire Station,2010,662,4.0,108.06,54.33,79.99,2,120.07,5.4500000000000455,8.75,0.05674127981684962,0.047514068565135625,6.495265555937008,4.3819016268607305,0.12083081570996979,0.6042296072507553,0,City
7213,City,Off-Road Fire Truck & Fireboat,2010,388,3.0,56.43,30.2,39.99,3,53.2,5.4500000000000455,8.75,0.06522647897360145,0.0331583338198298,5.961005339623274,3.688629422858727,0.10306701030927835,0.7731958762886598,0,City
7237,City,Police Station,2005,586,5.0,149.67,84.2,69.99,3,54.0,10.450000000000045,13.75,0.07544547993415152,-0.018686355289324386,6.373319789577012,4.248352374701448,0.11943686006825938,0.8532423208191127,0,City
7238,City,Fire Helicopter,2005,75,1.0,19.07,14.67,9.99,4,17.17,10.450000000000045,13.75,0.06382305388447174,0.040173545201581895,4.31748811353631,2.301584592660462,0.1332,1.3333333333333333,0,City
7239,City,Fire Truck,2005,214,2.0,47.63,22.73,19.99,4,37.47,10.450000000000045,13.75,0.08663337994308784,0.04675527052763706,5.365976015021851,2.995232148512309,0.09341121495327102,0.9345794392523364,0,City
7240,City,Fire Station,2005,260,3.0,77.4,34.8,29.99,4,43.73,10.450000000000045,13.75,0.09497272401329582,0.027810254392619527,5.560681631015528,3.4008639927609177,0.11534615384615383,1.1538461538461537,0,City
7243,City,Construction Site,2005,298,3.0,128.8,58.33,39.99,4,80.53,10.450000000000045,13.75,0.1184305957984444,0.05222725968881825,5.697093486505405,3.688629422858727,0.13419463087248323,1.0067114093959733,0,City
7244,City,Speedboat,2005,107,2.0,47.8,35.07,29.99,4,37.8,10.450000000000045,13.75,0.04561870249529876,0.016974834198987487,4.672828834461906,3.4008639927609177,0.2802803738317757,1.8691588785046729,0,City
7245,City,Prisoner Transport,2005,98,2.0,30.0,17.27,9.99,4,21.86,10.450000000000045,13.75,0.110961775095195,0.05860375584354127,4.584967478670572,2.301584592660462,0.10193877551020408,2.0408163265306123,0,City
7248,City,Digger,2005,127,1.0,60.87,31.47,19.99,4,34.53,10.450000000000045,13.75,0.11244001845255513,0.04055316664645625,4.844187086458591,2.995232148512309,0.1574015748031496,0.7874015748031497,0,City
7249,City,XXL Mobile Crane,2005,524,2.0,188.93,91.93,49.99,3,132.53,10.450000000000045,13.75,0.13567820358231852,0.07348254287225764,6.261491684321042,3.911822985425479,0.09540076335877863,0.3816793893129771,0,City
7250,Star Wars,Clone Scout Walker,2005,108,1.0,42.2,18.18,9.99,4,21.87,10.450000000000045,13.75,0.1478366622455003,0.05863896766417964,4.68213122712422,2.301584592660462,0.0925,0.9259259259259259,1,Star Wars
7251,Star Wars,Darth Vader Transformation,2005,53,2.0,62.4,34.67,6.99,4,26.27,10.450000000000045,13.75,0.2330389228758456,0.1010750910423821,3.970291913552122,1.944480556245719,0.1318867924528302,3.7735849056603774,1,Star Wars
7252,Star Wars,Droid Tri-Fighter,2005,148,1.0,30.67,15.4,14.99,4,24.8,10.450000000000045,13.75,0.07090848159987484,0.03729389454872445,4.997212273764115,2.7073833121145063,0.10128378378378379,0.6756756756756757,1,Star Wars
7255,Star Wars,General Grievous Chase,2005,111,2.0,144.13,40.07,19.99,4,30.0,10.450000000000045,13.75,0.20809106948663447,0.029964920844528065,4.709530201312334,2.995232148512309,0.18009009009009008,1.8018018018018018,1,Star Wars
7256,Star Wars,Jedi Starfighter and Vulture Droid,2005,202,1.0,70.0,25.53,19.99,4,29.4,10.450000000000045,13.75,0.1274173462757815,0.028452717150115214,5.308267697401205,2.995232148512309,0.09896039603960395,0.49504950495049505,1,Star Wars
7257,Star Wars,Ultimate Lightsaber Duel,2005,282,2.0,202.0,92.93,29.99,4,41.93,10.450000000000045,13.75,0.20024616145251706,0.024673106605696216,5.641907070938114,3.4008639927609177,0.10634751773049644,0.7092198581560284,1,Star Wars
7258,Star Wars,Wookiee Attack,2005,366,4.0,133.27,52.2,29.99,3,49.2,10.450000000000045,13.75,0.15341664272726807,0.03665808044802921,5.902633333401366,3.4008639927609177,0.0819398907103825,1.092896174863388,1,Star Wars
7259,Star Wars,ARC70 Fighter,2005,396,4.0,74.87,36.27,39.99,3,71.13,10.450000000000045,13.75,0.061849131505048005,0.04277159630276861,5.981414211254481,3.688629422858727,0.1009848484848485,1.0101010101010102,1,Star Wars
7260,Star Wars,Wookiee Catamaran,2005,376,6.0,156.6,71.13,49.99,3,21.13,10.450000000000045,13.75,0.11546351665076271,-0.06070677499615029,5.929589143389895,3.911822985425479,0.13295212765957448,1.5957446808510638,1,Star Wars
7261,Star Wars,Clone Turbo Tank,2005,801,8.0,240.67,138.2,89.99,2,21.88,10.450000000000045,13.75,0.09870989066023683,-0.09773363388484912,6.68586094706836,4.4996985530458575,0.11234706616729088,0.9987515605493134,1,Star Wars
7261-2,Star Wars,Clone Turbo Tank (non-light-up),2006,801,8.0,21.0,12.55,89.99,2,85.5,9.450000000000045,12.75,-0.14271674051615624,-0.004006241915137765,6.68586094706836,4.4996985530458575,0.11234706616729088,0.9987515605493134,1,Star Wars
7262,Star Wars,TIE Fighter and Y-Wing,2004,412,3.0,83.6,44.8,49.99,3,57.7,11.450000000000045,14.75,0.0459338161521301,0.009771786877138311,6.021023349349527,3.911822985425479,0.12133495145631068,0.7281553398058253,1,Star Wars
7263,Star Wars,TIE Fighter,2005,159,2.0,69.93,33.47,19.99,4,41.73,10.450000000000045,13.75,0.12730941063603463,0.054984854208823375,5.0689042022202315,2.995232148512309,0.12572327044025156,1.2578616352201257,1,Star Wars
7264,Star Wars,Imperial Inspection,2005,367,10.0,228.67,151.33,49.99,3,95.44,10.450000000000045,13.75,0.15661573466296885,0.04815439025084034,5.905361848054571,3.911822985425479,0.13621253405994552,2.7247956403269753,1,Star Wars
7279,City,Police Minifigure Collection,2011,57,4.0,16.25,14.33,9.99,4,13.27,4.4500000000000455,7.75,0.11552786174092677,0.037314332761208435,4.04305126783455,2.301584592660462,0.17526315789473684,7.017543859649122,0,City
7280,City,Straight & Crossroad Plates,2005,2,0.0,21.0,11.11,14.99,4,18.47,10.450000000000045,13.75,0.032788181461313126,0.015298716763313847,0.6931471805599453,2.7073833121145063,7.495,0.0,0,City
7281,City,T-Junction & Curved Road Plates,2005,2,0.0,16.7,11.0,14.99,4,17.93,10.450000000000045,13.75,0.010390974639157058,0.01311006405180426,0.6931471805599453,2.7073833121145063,7.495,0.0,0,City
7283,Star Wars,Ultimate Space Battle,2005,567,2.0,307.07,121.67,49.99,3,183.0,10.450000000000045,13.75,0.18970859270148877,0.09897233595016508,6.340359303727752,3.911822985425479,0.08816578483245151,0.3527336860670194,1,Star Wars
7285,City,Police Dog Unit,2011,96,1.0,33.47,15.8,12.99,4,23.07,4.4500000000000455,7.75,0.23700089477236386,0.0769253637976175,4.564348191467836,2.5641798306825083,0.1353125,1.0416666666666667,0,City
7286,City,Prisoner Transport,2011,173,2.0,23.47,16.4,19.99,4,32.13,4.4500000000000455,7.75,0.03672360670978825,0.06314691052056487,5.153291594497779,2.995232148512309,0.11554913294797688,1.1560693641618498,0,City
7287,City,Police Boat,2011,172,3.0,90.93,56.27,39.99,4,35.13,4.4500000000000455,7.75,0.20273469673084388,-0.016580229724057594,5.147494476813453,3.688629422858727,0.2325,1.744186046511628,0,City
7288,City,Mobile Police Unit,2011,408,3.0,57.0,30.87,44.99,3,49.47,4.4500000000000455,7.75,0.05460998577577203,0.012323860232896777,6.0112671744041615,3.806440242853081,0.11026960784313726,0.7352941176470589,0,City
7291,Creator,Street Rebel,2012,196,0.0,22.27,11.15,19.99,4,16.93,3.4500000000000455,6.75,0.03180197413404495,-0.02431361106557728,5.278114659230517,2.995232148512309,0.10198979591836733,0.0,0,Creator
7292,Creator,Propeller Adventures,2012,241,0.0,32.25,15.07,19.99,4,22.8,3.4500000000000455,6.75,0.14870312964428978,0.019676772152495525,5.484796933490655,2.995232148512309,0.0829460580912863,0.0,0,Creator
7311,Space,Red Planet Cruiser,2001,73,1.0,13.06,9.07,6.99,4,13.73,14.450000000000045,17.75,0.04420693804805964,0.03876650138910698,4.290459441148391,1.944480556245719,0.09575342465753425,1.36986301369863,0,Space
7312,Space,T-3 Trike,2001,99,1.0,21.3,10.6,9.99,4,20.27,14.450000000000045,17.75,0.053792982334911255,0.040667554869149525,4.59511985013459,2.301584592660462,0.1009090909090909,1.0101010101010102,0,Space
7313,Space,Red Planet Protector,2001,194,1.0,23.33,15.27,19.99,4,21.13,14.450000000000045,17.75,0.010749960877064257,0.0031294885223736024,5.267858159063328,2.995232148512309,0.10304123711340206,0.5154639175257731,0,Space
7314,Space,Recon Mech RP,2001,194,1.0,26.2,17.93,19.99,4,27.73,14.450000000000045,17.75,0.018897957970061663,0.01860950065860134,5.267858159063328,2.995232148512309,0.10304123711340206,0.5154639175257731,0,Space
7315,Space,Solar Explorer,2001,242,3.0,35.67,27.47,34.99,4,27.64,14.450000000000045,17.75,0.0013329078092427782,-0.013196563326921984,5.488937726156687,3.5550623063795967,0.14458677685950413,1.2396694214876034,0,Space
7316,Space,Excavation Searcher,2001,471,3.0,30.71,17.56,49.99,3,38.0,14.450000000000045,17.75,-0.033156522813573286,-0.015331223635766333,6.154858094016418,3.911822985425479,0.10613588110403398,0.6369426751592356,0,Space
7317,Space,Aero Tube Hanger,2001,706,5.0,102.07,48.6,89.99,2,60.14,14.450000000000045,17.75,0.008755079203095484,-0.022449711373660697,6.559615237493242,4.4996985530458575,0.12746458923512746,0.7082152974504249,0,Space
7324,City,City Advent Calendar,2005,203,9.0,42.6,16.4,14.99,4,21.63,10.450000000000045,13.75,0.10511496729648329,0.027027738885530672,5.313205979041787,2.7073833121145063,0.0738423645320197,4.433497536945813,0,City
7344,City,Dump Truck,2005,187,1.0,82.29,40.6,29.99,4,49.5,10.450000000000045,13.75,0.10141082205790397,0.03711650121270571,5.231108616854587,3.4008639927609177,0.16037433155080213,0.5347593582887701,0,City
7345,Creator,Transport Chopper,2012,383,0.0,42.94,20.27,34.99,3,25.07,3.4500000000000455,6.75,0.06114165152217299,-0.0481912616909862,5.948034989180646,3.5550623063795967,0.09135770234986945,0.0,0,Creator
7346,Creator,Seaside House,2012,415,1.0,49.04,32.4,49.99,3,55.8,3.4500000000000455,6.75,-0.005545924783422307,0.016422409206419797,6.028278520230698,3.911822985425479,0.1204578313253012,0.24096385542168675,0,Creator
7347,Creator,Highway Pickup,2012,805,0.0,71.05,39.53,79.99,2,74.13,3.4500000000000455,6.75,-0.033769613132707654,-0.011208023209423157,6.690842277418564,4.3819016268607305,0.09936645962732919,0.0,0,Creator
7467,Discovery,International Space Station,2003,162,0.0,139.0,53.53,14.99,4,99.87,12.450000000000045,15.75,0.1958805557950103,0.12796126315382716,5.087596335232384,2.7073833121145063,0.09253086419753087,0.0,1,Other
7468,Discovery,Saturn V Moon Mission,2003,178,0.0,191.4,71.27,19.99,4,93.73,12.450000000000045,15.75,0.19896237161183983,0.10308087219144468,5.181783550292085,2.995232148512309,0.11230337078651685,0.0,1,Other
7469,Discovery,Mission To Mars,2003,418,0.0,79.87,48.8,29.99,3,89.73,12.450000000000045,15.75,0.08185549302778217,0.07206164564068862,6.035481432524756,3.4008639927609177,0.07174641148325359,0.0,1,Other
7470,Discovery,Space Shuttle Discovery-STS-31,2003,828,0.0,175.33,76.33,49.99,2,170.27,12.450000000000045,15.75,0.10604536322798563,0.08092103450677546,6.71901315438526,3.911822985425479,0.060374396135265705,0.0,1,Other
7471,Discovery,Mars Exploration Rover,2003,870,0.0,177.93,97.4,89.99,2,127.13,12.450000000000045,15.75,0.0562811076858587,0.022179637078088232,6.76849321164863,4.4996985530458575,0.1034367816091954,0.0,1,Other
7498,City,Police Station,2011,783,6.0,136.82,84.42,99.99,2,134.6,4.4500000000000455,7.75,0.07301346662247132,0.03909816899750629,6.663132695990803,4.605070180987758,0.12770114942528735,0.7662835249042146,0,City
7499,City,Flexible and Straight Tracks,2011,24,0.0,24.21,21.0,19.99,4,22.38,4.4500000000000455,7.75,0.04398097223847208,0.014679023621451792,3.1780538303479458,2.995232148512309,0.8329166666666666,0.0,0,City
75000,Star Wars,Clone Troopers vs. Droidekas,2013,124,4.0,13.1,9.59,12.99,4,24.75,2.4500000000000455,5.75,0.0034477255043083854,0.11863846372256104,4.820281565605037,2.5641798306825083,0.10475806451612904,3.225806451612903,1,Star Wars
75001,Star Wars,Republic Troopers vs. Sith Troopers,2013,63,4.0,16.5,9.83,12.99,4,21.27,2.4500000000000455,5.75,0.10254893669325749,0.08954438902239636,4.143134726391533,2.5641798306825083,0.2061904761904762,6.349206349206349,1,Star Wars
75002,Star Wars,AT-RT,2013,222,4.0,19.16,14.47,19.99,4,40.0,2.4500000000000455,5.75,-0.017160190598384806,0.12821226551177167,5.402677381872279,2.995232148512309,0.09004504504504504,1.8018018018018018,1,Star Wars
75003,Star Wars,A-wing Starfighter,2013,177,3.0,27.63,16.56,24.99,4,33.87,2.4500000000000455,5.75,0.041842067280109196,0.05430200670673191,5.176149732573829,3.218475744846861,0.1411864406779661,1.694915254237288,1,Star Wars
75004,Star Wars,Z-95 Headhunter,2013,373,3.0,34.32,26.6,49.99,3,33.33,2.4500000000000455,5.75,-0.14230613617060672,-0.06807065481899233,5.921578419643816,3.911822985425479,0.13402144772117963,0.8042895442359249,1,Star Wars
75005,Star Wars,Rancor Pit,2013,380,4.0,40.63,32.53,59.99,3,134.2,2.4500000000000455,5.75,-0.1470458273302352,0.15030447514254108,5.940171252720432,4.094177881665002,0.15786842105263157,1.0526315789473684,1,Star Wars
75006,Star Wars,Jedi Starfigher & Kamino,2013,61,1.0,12.74,8.3,9.99,4,12.07,2.4500000000000455,5.75,0.10434215117357115,0.03344061888917871,4.110873864173311,2.301584592660462,0.16377049180327868,1.639344262295082,1,Star Wars
75007,Star Wars,Republic Assault Ship & Coruscant,2013,74,1.0,16.27,11.95,9.99,4,15.67,2.4500000000000455,5.75,0.22027576343359567,0.08143547057775291,4.30406509320417,2.301584592660462,0.135,1.3513513513513513,1,Star Wars
75008,Star Wars,TIE Bomber & Asteroid Field,2013,60,1.0,13.06,2.0,9.99,4,12.93,2.4500000000000455,5.75,0.11558097034783787,0.04588517327195696,4.0943445622221,2.301584592660462,0.1665,1.6666666666666667,1,Star Wars
75009,Star Wars,Snowspeeder & Hoth,2013,69,1.0,35.17,28.0,9.99,4,42.07,2.4500000000000455,5.75,0.6714941040324334,0.2840813131926012,4.23410650459726,2.301584592660462,0.14478260869565218,1.4492753623188406,1,Star Wars
75010,Star Wars,B-wing Starfighter & Endor,2013,83,1.0,24.39,0.0,9.99,4,27.33,2.4500000000000455,5.75,0.43953750589470664,0.19127737738558692,4.418840607796598,2.301584592660462,0.12036144578313253,1.2048192771084338,1,Star Wars
75011,Star Wars,Tantive IV & Alderaan,2013,102,1.0,25.42,25.0,9.99,4,43.73,2.4500000000000455,5.75,0.46404735969005495,0.2927527680781028,4.624972813284271,2.301584592660462,0.09794117647058824,0.9803921568627451,1,Star Wars
75012,Star Wars,BARC Speeder with Sidecar,2013,226,4.0,34.88,16.0,24.99,4,55.83,2.4500000000000455,5.75,0.14579312562407343,0.15004088989058117,5.420534999272286,3.218475744846861,0.11057522123893805,1.7699115044247788,1,Star Wars
75013,Star Wars,Umbaran MHC (Mobile Heavy Cannon),2013,493,4.0,27.19,30.93,49.99,3,68.33,2.4500000000000455,5.75,-0.22007748564889473,0.055856551314620306,6.20050917404269,3.911822985425479,0.10139959432048681,0.8113590263691683,1,Star Wars
75014,Star Wars,Battle of Hoth,2013,426,6.0,75.72,46.53,49.99,3,63.33,2.4500000000000455,5.75,0.1846854330512986,0.04199456185218109,6.054439346269371,3.911822985425479,0.1173474178403756,1.408450704225352,1,Star Wars
75015,Star Wars,Corporate Alliance Tank Droid,2013,271,3.0,18.64,11.2,19.99,4,45.93,2.4500000000000455,5.75,-0.028136319064397286,0.1556649434434214,5.602118820879701,2.995232148512309,0.07376383763837638,1.1070110701107012,1,Star Wars
75016,Star Wars,Homing Spider Droid,2013,295,4.0,25.97,17.0,29.99,4,34.8,2.4500000000000455,5.75,-0.057051546447523416,0.026207692378802827,5.68697535633982,3.4008639927609177,0.10166101694915254,1.3559322033898304,1,Star Wars
75017,Star Wars,Duel on Geonosis,2013,391,4.0,35.94,24.27,39.99,3,65.87,2.4500000000000455,5.75,-0.04264698434437231,0.09066973606829554,5.968707559985366,3.688629422858727,0.1022762148337596,1.0230179028132993,1,Star Wars
75018,Star Wars,JEK4’s Stealth Starfighter,2013,550,4.0,57.76,26.93,69.99,3,78.8,2.4500000000000455,5.75,-0.07539638270043791,0.02083328375574789,6.309918278226516,4.248352374701448,0.12725454545454545,0.7272727272727273,1,Star Wars
75019,Star Wars,AT-TE,2013,794,5.0,67.77,54.63,89.99,2,157.07,2.4500000000000455,5.75,-0.10929901585385182,0.10171532331019484,6.677083461247136,4.4996985530458575,0.11333753148614609,0.6297229219143576,1,Star Wars
75020,Star Wars,Jabba’s Sail Barge,2013,850,6.0,76.45,60.67,119.99,2,140.8,2.4500000000000455,5.75,-0.1680545095322411,0.028204695589449713,6.745236349484363,4.787408405976297,0.14116470588235294,0.7058823529411765,1,Star Wars
75021,Star Wars,Republic Gunship,2013,1175,7.0,95.2,79.2,119.99,2,242.0,2.4500000000000455,5.75,-0.090136415293255,0.1297598625939731,7.069023426578259,4.787408405976297,0.1021191489361702,0.5957446808510638,1,Star Wars
75022,Star Wars,Mandalorian Speeder,2013,211,3.0,27.34,15.87,24.99,4,41.67,2.4500000000000455,5.75,0.0373648595203373,0.09299619783402613,5.351858133476067,3.218475744846861,0.11843601895734597,1.4218009478672986,1,Star Wars
75023,Star Wars,Star Wars Advent Calendar,2013,254,9.0,66.81,0.0,39.99,4,18.4,2.4500000000000455,5.75,0.23303537896762472,-0.12628845813324463,5.537334267018537,3.688629422858727,0.15744094488188978,3.543307086614173,1,Star Wars
75024,Star Wars,HH-87 Starhopper,2013,362,3.0,30.88,9.27,39.99,3,40.47,2.4500000000000455,5.75,-0.10014231156632847,0.0020772041498111626,5.8916442118257715,3.688629422858727,0.11046961325966852,0.8287292817679558,1,Star Wars
75025,Star Wars,Jedi Defender-Class Cruiser,2013,927,4.0,80.52,49.0,89.99,2,115.2,2.4500000000000455,5.75,-0.04437039022635403,0.043887277837888705,6.831953565565855,4.4996985530458575,0.09707659115426105,0.43149946062567424,1,Star Wars
75028,Star Wars,Clone Turbo Tank,2014,96,1.0,11.85,8.63,9.99,4,20.93,1.4500000000000455,4.75,0.12496731590325694,0.1684814978869229,4.564348191467836,2.301584592660462,0.1040625,1.0416666666666667,1,Star Wars
75029,Star Wars,A AT,2014,95,1.0,12.85,8.67,9.99,4,14.93,1.4500000000000455,4.75,0.18961181421684015,0.08826746643853922,4.553876891600541,2.301584592660462,0.1051578947368421,1.0526315789473684,1,Star Wars
75030,Star Wars,Millennium Falcon,2014,94,1.0,14.87,9.0,9.99,4,21.93,1.4500000000000455,4.75,0.31563316858048274,0.18001922471681797,4.543294782270004,2.301584592660462,0.10627659574468086,1.0638297872340425,1,Star Wars
75031,Star Wars,TIE Interceptor,2014,92,1.0,15.0,6.77,9.99,4,15.07,1.4500000000000455,4.75,0.3235547498078355,0.09040793431346184,4.5217885770490405,2.301584592660462,0.10858695652173914,1.0869565217391304,1,Star Wars
75032,Star Wars,X-Wing Fighter,2014,97,1.0,14.84,6.91,9.99,4,20.0,1.4500000000000455,4.75,0.31380206397074617,0.15735398699007686,4.574710978503383,2.301584592660462,0.10298969072164949,1.0309278350515463,1,Star Wars
75033,Star Wars,Star Destroyer,2014,97,1.0,11.0,10.0,9.99,4,13.67,1.4500000000000455,4.75,0.06867670490985356,0.06825349245250556,4.574710978503383,2.301584592660462,0.10298969072164949,1.0309278350515463,1,Star Wars
75034,Star Wars,Death Star Troopers,2014,100,4.0,32.18,19.5,12.99,4,19.33,1.4500000000000455,4.75,0.8694256579108928,0.08728055631649845,4.605170185988092,2.5641798306825083,0.12990000000000002,4.0,1,Star Wars
75035,Star Wars,Kashyyyk Troopers,2014,99,4.0,26.07,11.0,12.99,4,29.95,1.4500000000000455,4.75,0.6167492789444469,0.19227476704144486,4.59511985013459,2.5641798306825083,0.13121212121212122,4.040404040404041,1,Star Wars
75036,Star Wars,Utapau Troopers,2014,83,4.0,19.1,15.4,12.99,4,28.67,1.4500000000000455,4.75,0.30456275898742446,0.1813616023211162,4.418840607796598,2.5641798306825083,0.15650602409638553,4.819277108433735,1,Star Wars
75037,Star Wars,Battle on Saleucami,2014,178,5.0,30.35,19.67,14.99,4,29.07,1.4500000000000455,4.75,0.6265998683045229,0.14962580880693332,5.181783550292085,2.7073833121145063,0.08421348314606741,2.808988764044944,1,Star Wars
75038,Star Wars,Jedi Interceptor,2014,223,2.0,40.72,19.22,24.99,4,48.93,1.4500000000000455,4.75,0.40034655185926193,0.15194956524753134,5.407171771460119,3.218475744846861,0.11206278026905829,0.8968609865470852,1,Star Wars
75039,Star Wars,V-Wing Starfighter,2014,201,2.0,23.18,20.19,24.99,4,44.47,1.4500000000000455,4.75,-0.050530954031679176,0.12900254444323989,5.303304908059076,3.218475744846861,0.12432835820895521,0.9950248756218906,1,Star Wars
75040,Star Wars,General Grievousi Wheel Bike,2014,261,2.0,42.4,15.77,24.99,4,37.87,1.4500000000000455,4.75,0.4399405170020574,0.09145570582489637,5.564520407322694,3.218475744846861,0.0957471264367816,0.7662835249042146,1,Star Wars
75041,Star Wars,Vulture Droid,2014,205,3.0,30.5,19.57,24.99,4,46.4,1.4500000000000455,4.75,0.14730353908826177,0.13914579250004055,5.3230099791384085,3.218475744846861,0.12190243902439024,1.4634146341463414,1,Star Wars
75042,Star Wars,Droid Gunship,2014,439,4.0,60.6,35.66,49.99,3,45.93,1.4500000000000455,4.75,0.14195219165176098,-0.01767446507048731,6.0844994130751715,3.911822985425479,0.11387243735763099,0.9111617312072893,1,Star Wars
75043,Star Wars,AT-AP,2014,717,5.0,49.12,35.87,59.99,2,78.6,1.4500000000000455,4.75,-0.1287881168406001,0.05853185858945986,6.57507584059962,4.094177881665002,0.08366806136680614,0.697350069735007,1,Star Wars
75044,Star Wars,Droid Tri-Fighter,2014,262,4.0,31.65,0.0,29.99,4,34.0,1.4500000000000455,4.75,0.037853450437992375,0.026772433337532986,5.568344503761097,3.4008639927609177,0.11446564885496183,1.5267175572519085,1,Star Wars
75045,Star Wars,Republic AV-7 Anti-Vehicle Cannon,2014,434,4.0,54.68,27.56,39.99,3,32.8,1.4500000000000455,4.75,0.2408187459090294,-0.04086793923259868,6.073044534100405,3.688629422858727,0.09214285714285715,0.9216589861751152,1,Star Wars
75046,Star Wars,Coruscant Police Gunship,2014,481,4.0,90.06,44.95,49.99,3,27.4,1.4500000000000455,4.75,0.5007540405219593,-0.11890097375622599,6.175867270105761,3.911822985425479,0.10392931392931393,0.8316008316008316,1,Star Wars
75048,Star Wars,Phantom,2014,234,2.0,25.08,18.72,29.99,4,29.33,1.4500000000000455,4.75,-0.11600662284019925,-0.00467390835117798,5.455321115357702,3.4008639927609177,0.12816239316239317,0.8547008547008547,1,Star Wars
75049,Star Wars,Snowspeeder,2014,279,3.0,32.27,32.0,29.99,4,48.93,1.4500000000000455,4.75,0.05183241708576469,0.1085559864250798,5.631211781821365,3.4008639927609177,0.10749103942652329,1.075268817204301,1,Star Wars
75050,Star Wars,B-Wing,2014,448,3.0,38.43,44.44,49.99,3,72.73,1.4500000000000455,4.75,-0.16587222126560497,0.08213163882544028,6.104793232414985,3.911822985425479,0.11158482142857143,0.6696428571428571,1,Star Wars
75051,Star Wars,Jedi Scout Fighter,2014,490,4.0,50.57,43.75,59.99,3,72.47,1.4500000000000455,4.75,-0.1111319322443246,0.04059054034368814,6.194405391104672,4.094177881665002,0.12242857142857143,0.8163265306122449,1,Star Wars
75052,Star Wars,Mos Eisley Cantina,2014,616,8.0,62.45,53.77,69.99,3,82.82,1.4500000000000455,4.75,-0.07560067403786341,0.0360705093289031,6.423246963533519,4.248352374701448,0.11362012987012986,1.2987012987012987,1,Star Wars
75053,Star Wars,The Ghost,2014,929,4.0,70.58,87.67,89.99,2,181.8,1.4500000000000455,4.75,-0.1542681404913211,0.15956382541095682,6.834108738813838,4.4996985530458575,0.09686759956942949,0.43057050592034446,1,Star Wars
75054,Star Wars,AT-AT,2014,1137,5.0,98.59,85.63,99.99,2,175.13,1.4500000000000455,4.75,-0.009677246599821276,0.1252342505521511,7.036148493750536,4.605070180987758,0.0879419525065963,0.4397537379067722,1,Star Wars
75055,Star Wars,Imperial Star Destroyer,2014,1359,6.0,106.23,95.89,129.99,1,197.13,1.4500000000000455,4.75,-0.12995258190446746,0.09162170889051069,7.214504414151143,4.867457524419928,0.09565121412803533,0.44150110375275936,1,Star Wars
75056,Star Wars,Advent Calendar,2014,274,9.0,55.28,177.0,39.99,4,57.6,1.4500000000000455,4.75,0.25019277968741394,0.07984726456996039,5.6131281063880705,3.688629422858727,0.14594890510948905,3.2846715328467155,1,Star Wars
75059,Star Wars,Sandcrawler,2014,3296,7.0,303.0,250.0,299.99,1,292.69,1.4500000000000455,4.75,0.006909044106616413,-0.005172913599190365,8.100464891029363,5.7037491407673,0.09101638349514564,0.21237864077669902,1,Star Wars
75060,Star Wars,UCS Slave I,2014,1996,4.0,208.0,0.0,199.99,1,236.42,1.4500000000000455,4.75,0.02745333604195843,0.03585793287560568,7.59890045687141,5.2982673652979955,0.10019539078156313,0.20040080160320642,1,Star Wars
7553,City,Advent Calendar,2011,232,6.0,42.06,24.6,34.99,4,34.33,4.4500000000000455,7.75,0.042223226412116954,-0.0024541061855981594,5.44673737166631,3.5550623063795967,0.1508189655172414,2.586206896551724,0,City
7567,City,Traveller,2010,21,1.0,12.93,6.18,5.0,4,11.47,5.4500000000000455,8.75,0.1904513590205792,0.09953909544015849,3.044522437723423,1.6094379124341003,0.23809523809523808,4.761904761904762,0,City
7569,Prince of Persia,Desert Attack,2010,67,4.0,10.46,9.06,10.99,4,13.07,5.4500000000000455,8.75,-0.009028229719331593,0.020007084114498364,4.204692619390966,2.39698576841553,0.16402985074626866,5.970149253731344,1,Other
7570,Prince of Persia,The Ostrich Race,2010,169,3.0,19.7,10.67,19.99,4,22.47,5.4500000000000455,8.75,-0.002677786805244997,0.013455311684184013,5.1298987149230735,2.995232148512309,0.11828402366863905,1.7751479289940828,1,Other
7571,Prince of Persia,The Fight for the Dagger,2010,258,4.0,28.44,16.0,29.99,4,22.53,5.4500000000000455,8.75,-0.009689882970254415,-0.03215910520228882,5.552959584921617,3.4008639927609177,0.11624031007751938,1.550387596899225,1,Other
7572,Prince of Persia,Quest Against Time,2010,506,4.0,35.78,21.53,49.99,3,34.8,5.4500000000000455,8.75,-0.05951917608717683,-0.040549856267709794,6.226536669287466,3.911822985425479,0.09879446640316206,0.7905138339920948,1,Other
7573,Prince of Persia,Battle of Alamut,2010,821,7.0,72.88,51.4,79.99,2,81.67,5.4500000000000455,8.75,-0.01693521153806088,0.0023782647968495496,6.710523109452428,4.3819016268607305,0.09742996345919609,0.8526187576126675,1,Other
7590,Toy story,Woody and Buzz to the Rescue,2010,92,2.0,39.05,21.73,19.99,4,47.07,5.4500000000000455,8.75,0.13073103108616668,0.10282460285201123,4.5217885770490405,2.995232148512309,0.21728260869565216,2.1739130434782608,1,Other
7591,Toy story,Construct-a-Zurg,2010,118,1.0,20.94,10.67,24.99,4,30.67,5.4500000000000455,8.75,-0.03192240496018239,0.02368285785097779,4.770684624465665,3.218475744846861,0.21177966101694914,0.847457627118644,1,Other
7592,Toy story,Construct-a-Buzz,2010,205,1.0,34.56,19.4,24.99,4,76.33,5.4500000000000455,8.75,0.06129528411073526,0.1361101971299381,5.3230099791384085,3.218475744846861,0.12190243902439024,0.4878048780487805,1,Other
7593,Toy story,Buzz’s Star Command Spaceship,2010,257,2.0,38.81,20.13,29.99,4,58.73,5.4500000000000455,8.75,0.04844206258908068,0.07983678629729196,5.54907608489522,3.4008639927609177,0.11669260700389104,0.7782101167315175,1,Other
7594,Toy story,Woody’s Roundup!,2010,502,4.0,49.23,36.13,49.99,3,98.0,5.4500000000000455,8.75,-0.0028070238663514546,0.07996733923309729,6.218600119691729,3.911822985425479,0.09958167330677291,0.796812749003984,1,Other
7595,Toy story,Army Men on Patrol,2010,90,4.0,16.89,14.72,10.99,4,25.13,5.4500000000000455,8.75,0.08204269102150441,0.09913448478195863,4.499809670330265,2.39698576841553,0.12211111111111111,4.444444444444445,1,Other
7596,Toy story,Trash Compactor Escape,2010,370,5.0,52.76,30.2,49.99,3,87.47,5.4500000000000455,8.75,0.009944597788665188,0.06602817831582519,5.91350300563827,3.911822985425479,0.1351081081081081,1.3513513513513513,1,Other
7597,Toy story,Western Train Chase,2010,584,6.0,118.89,76.33,79.99,3,171.13,5.4500000000000455,8.75,0.07542406034439475,0.09080590527337318,6.369900982828227,4.3819016268607305,0.13696917808219178,1.0273972602739727,1,Other
7598,Toy story,Pizza Planet Truck Rescue,2010,225,4.0,47.74,31.8,39.99,4,104.33,5.4500000000000455,8.75,0.03303677390079285,0.11582266191961521,5.41610040220442,3.688629422858727,0.17773333333333335,1.7777777777777777,1,Other
7599,Toy story,Garbage Truck Getaway,2010,402,4.0,52.37,28.27,49.99,3,83.73,5.4500000000000455,8.75,0.008570633653550042,0.06071757866121663,5.996452088619021,3.911822985425479,0.12435323383084577,0.9950248756218906,1,Other
76000,Batman,Arctic Batman vs. Mr Freeze: Aquaman on Ice,2013,198,3.0,34.94,11.56,19.99,4,19.93,2.4500000000000455,5.75,0.25598287211187953,-0.000522648465179687,5.288267030694535,2.995232148512309,0.10095959595959596,1.5151515151515151,1,Batman
76001,Batman,The Bat vs. Bane : Tumbler Chase,2013,367,3.0,42.87,26.4,39.99,3,33.07,2.4500000000000455,5.75,0.028791528275534217,-0.03250399364925749,5.905361848054571,3.688629422858727,0.10896457765667575,0.8174386920980926,1,Batman
76002,Super Heroes,Superman: Metropolis Showdown,2013,119,2.0,16.6,7.75,12.99,4,13.07,2.4500000000000455,5.75,0.10527145471476951,0.0010683436561937931,4.77912349311153,2.5641798306825083,0.10915966386554622,1.680672268907563,1,Super Heroes
76003,Super Heroes,Superman: Battle of Smallville,2013,418,5.0,29.47,29.07,49.99,3,27.0,2.4500000000000455,5.75,-0.1940180687748373,-0.10158934959442623,6.035481432524756,3.911822985425479,0.11959330143540671,1.1961722488038278,1,Super Heroes
76004,Super Heroes,Spider-Man : Spider-Cycle Chase,2013,237,3.0,21.93,14.13,19.99,4,27.13,2.4500000000000455,5.75,0.03852919340792571,0.05455031144515465,5.4680601411351315,2.995232148512309,0.08434599156118143,1.2658227848101267,1,Super Heroes
76005,Super Heroes,Spider-Man : Daily Bugle Showdown,2013,476,5.0,40.7,31.07,49.99,3,59.44,2.4500000000000455,5.75,-0.08049176851636708,0.0305700257019772,6.16541785423142,3.911822985425479,0.10502100840336134,1.050420168067227,1,Super Heroes
76006,Super Heroes,Iron Man: Extremis Sea Port Battle,2013,195,3.0,21.78,15.6,19.99,4,34.05,2.4500000000000455,5.75,0.03562392272048798,0.09705105302059192,5.272999558563747,2.995232148512309,0.1025128205128205,1.5384615384615385,1,Super Heroes
76007,Super Heroes,Iron Man: Malibu Mansion Attack,2013,364,5.0,26.88,27.4,39.99,3,58.87,2.4500000000000455,5.75,-0.14967920496763754,0.06956556986029816,5.8971538676367405,3.688629422858727,0.10986263736263736,1.3736263736263736,1,Super Heroes
76008,Super Heroes,Iron Man vs. The Mandarin: Ultimate Showdown,2013,91,2.0,12.32,9.8,12.99,4,22.88,2.4500000000000455,5.75,-0.021382719475272705,0.1034584309246438,4.51085950651685,2.5641798306825083,0.14274725274725275,2.197802197802198,1,Super Heroes
76009,Super Heroes,Superman Black Zero Escape,2013,168,3.0,16.2,12.27,19.99,4,15.6,2.4500000000000455,5.75,-0.08222631709621264,-0.04220708945669016,5.123963979403259,2.995232148512309,0.11898809523809523,1.7857142857142858,1,Super Heroes
76010,Batman,Batman: The Penguin Face off,2014,136,2.0,15.55,8.47,12.99,4,19.87,1.4500000000000455,4.75,0.1320789595665388,0.09360574322242265,4.912654885736052,2.5641798306825083,0.09551470588235295,1.4705882352941178,1,Batman
76011,Batman,Batman: Man-Bat Attack,2014,184,3.0,21.49,27.17,19.99,4,22.67,1.4500000000000455,4.75,0.05116638204309876,0.02684026398156414,5.214935757608986,2.995232148512309,0.10864130434782608,1.6304347826086956,1,Batman
76012,Batman,Batman: The Riddler Chase,2014,304,3.0,32.48,32.63,29.99,4,27.07,1.4500000000000455,4.75,0.05654828193298056,-0.021334990685276667,5.717027701406222,3.4008639927609177,0.09865131578947368,0.9868421052631579,1,Batman
76013,Batman,Batman: The Joker Steam Roller,2014,486,5.0,54.58,34.73,49.99,3,38.39,1.4500000000000455,4.75,0.06245517679700163,-0.05406783159218165,6.186208623900494,3.911822985425479,0.10286008230452676,1.02880658436214,1,Batman
76014,Super Heroes,Spider-Trike vs. Electro,2014,70,2.0,19.88,7.93,12.99,4,11.27,1.4500000000000455,4.75,0.3410756015253693,-0.02945956299083763,4.248495242049359,2.5641798306825083,0.18557142857142858,2.857142857142857,1,Super Heroes
76015,Super Heroes,Doc Ock Truck Heist,2014,237,3.0,23.37,11.46,19.99,4,28.33,1.4500000000000455,4.75,0.11375659443670205,0.07616978854070688,5.4680601411351315,2.995232148512309,0.08434599156118143,1.2658227848101267,1,Super Heroes
76016,Super Heroes,Spider-Helicopter Rescue,2014,299,4.0,41.27,29.99,44.99,4,29.47,1.4500000000000455,4.75,-0.057783570260565575,-0.0852155642062915,5.700443573390687,3.806440242853081,0.15046822742474916,1.3377926421404682,1,Super Heroes
76017,Super Heroes,Captain America vs. Hydra,2014,172,3.0,28.33,21.0,19.99,4,27.1,1.4500000000000455,4.75,0.27185350140605213,0.06616008753712821,5.147494476813453,2.995232148512309,0.11622093023255813,1.744186046511628,1,Super Heroes
76018,Super Heroes,Hulk Lab Smash,2014,398,5.0,46.81,42.3,49.99,3,50.6,1.4500000000000455,4.75,-0.04431638331525534,0.002556650221501533,5.986452005284438,3.911822985425479,0.12560301507537688,1.256281407035176,1,Super Heroes
76019,Super Heroes,Starblaster Showdown,2014,196,3.0,27.81,28.18,19.99,4,26.67,1.4500000000000455,4.75,0.2557072744340796,0.06257610815876014,5.278114659230517,2.995232148512309,0.10198979591836733,1.530612244897959,1,Super Heroes
76020,Super Heroes,Knowhere Escape Mission,2014,433,3.0,59.76,26.47,39.99,3,50.67,1.4500000000000455,4.75,0.3192183362651375,0.0510950722567074,6.07073772800249,3.688629422858727,0.09235565819861433,0.6928406466512702,1,Super Heroes
76021,Super Heroes,The Milano Spaceship Rescue,2014,665,5.0,65.87,56.67,74.99,2,90.73,1.4500000000000455,4.75,-0.08554657050962422,0.040927634630710585,6.499787040655854,4.317354771313298,0.11276691729323307,0.7518796992481203,1,Super Heroes
76022,Super Heroes,X-Men vs. The Sentinel,2014,336,4.0,46.16,23.0,49.99,4,45.54,1.4500000000000455,4.75,-0.053488326086266635,-0.019436402996082958,5.817111159963204,3.911822985425479,0.14877976190476191,1.1904761904761905,1,Super Heroes
76023,Batman,The Tumbler,2014,1869,2.0,269.67,208.87,199.99,1,253.24,1.4500000000000455,4.75,0.2289495015196812,0.050954720328106884,7.533158807455563,5.2982673652979955,0.10700374531835206,0.10700909577314072,1,Batman
7620,Indiana Jones,Indiana Jones Motorcycle Chase,2008,79,3.0,55.81,31.0,9.99,4,43.47,7.4500000000000455,10.75,0.2597609019117546,0.1465866948561001,4.3694478524670215,2.301584592660462,0.12645569620253164,3.7974683544303796,1,Indiana Jones
7621,Indiana Jones,Indiana Jones Lost Tomb and the Lost Tomb,2008,277,3.0,97.42,49.63,19.99,4,47.67,7.4500000000000455,10.75,0.23687807167489727,0.08420145750670693,5.6240175061873385,2.995232148512309,0.07216606498194945,1.0830324909747293,1,Indiana Jones
7622,Indiana Jones,Race for Treasure the Stolen Treasure,2008,272,4.0,139.47,68.4,29.99,4,74.27,7.4500000000000455,10.75,0.22913022213083223,0.08801778902208812,5.605802066295998,3.4008639927609177,0.11025735294117646,1.4705882352941178,1,Indiana Jones
7623,Indiana Jones,Temple Escape,2008,554,6.0,200.69,121.87,59.99,3,137.67,7.4500000000000455,10.75,0.17596813299216008,0.08033665512510035,6.317164686747284,4.094177881665002,0.10828519855595668,1.0830324909747293,1,Indiana Jones
7624,Indiana Jones,Jungle Duel,2008,90,3.0,53.33,34.73,9.99,4,45.8,7.4500000000000455,10.75,0.2520982313202411,0.15216924434050716,4.499809670330265,2.301584592660462,0.111,3.3333333333333335,1,Indiana Jones
7625,Indiana Jones,River Chase,2008,234,4.0,79.87,39.4,19.99,4,49.27,7.4500000000000455,10.75,0.2043362829612736,0.08753614356205053,5.455321115357702,2.995232148512309,0.08542735042735042,1.7094017094017093,1,Indiana Jones
7626,Indiana Jones,Jungle Cutter,2008,511,4.0,82.61,40.2,39.99,3,55.87,7.4500000000000455,10.75,0.10228216598249107,0.03159567631848903,6.236369590203704,3.688629422858727,0.07825831702544031,0.7827788649706457,1,Indiana Jones
7627,Indiana Jones,Temple of Skull the Crystal Skull,2008,929,10.0,149.86,91.33,79.99,2,96.27,7.4500000000000455,10.75,0.08792089903148237,0.017382379523643188,6.834108738813838,4.3819016268607305,0.08610333692142087,1.0764262648008611,1,Indiana Jones
7628,Indiana Jones,Peril in Peru,2008,625,6.0,124.79,69.27,49.99,3,100.8,7.4500000000000455,10.75,0.1306505780919507,0.06741372063112161,6.437751649736401,3.911822985425479,0.079984,0.96,1,Indiana Jones
7630,City,Front-End Loader,2009,108,1.0,37.53,27.2,12.99,4,31.0,6.4500000000000455,9.75,0.1787918331976015,0.0933113345615948,4.68213122712422,2.5641798306825083,0.12027777777777778,0.9259259259259259,0,City
7631,City,Dump Truck,2009,189,1.0,39.67,22.4,19.99,4,35.73,6.4500000000000455,9.75,0.11210858872607976,0.06137472344201034,5.241747015059643,2.995232148512309,0.10576719576719576,0.5291005291005291,0,City
7632,City,Crawler Crane,2009,481,2.0,149.6,78.53,64.99,3,105.33,6.4500000000000455,9.75,0.13798678310522794,0.050771442700214386,6.175867270105761,4.174233411906258,0.1351143451143451,0.4158004158004158,0,City
7633,City,Construction Site,2009,898,5.0,243.0,136.47,99.99,2,81.07,6.4500000000000455,9.75,0.1476002970053354,-0.021283793208346613,6.8001700683022,4.605070180987758,0.11134743875278395,0.5567928730512249,0,City
7634,City,Tractor,2009,78,1.0,45.22,24.47,12.99,4,32.6,6.4500000000000455,9.75,0.21335480697306197,0.09896910132579784,4.356708826689592,2.5641798306825083,0.16653846153846155,1.2820512820512822,0,City
7635,City,4WD with Horse Trailer,2009,176,2.0,48.94,26.2,22.99,4,43.73,6.4500000000000455,9.75,0.12427380528300902,0.06816920173405694,5.170483995038151,3.1350593387750902,0.130625,1.1363636363636365,0,City
7636,City,Combine Harvester,2009,360,1.0,199.13,83.07,44.99,3,179.87,6.4500000000000455,9.75,0.2593842224137004,0.15272964106196318,5.886104031450156,3.806440242853081,0.12497222222222223,0.2777777777777778,0,City
7637,City,Farm,2009,609,3.0,198.2,112.0,89.99,3,242.73,6.4500000000000455,9.75,0.130223278131943,0.1071280830638579,6.411818267709897,4.4996985530458575,0.14776683087027914,0.49261083743842365,0,City
7638,City,Tow Truck,2009,129,1.0,38.67,17.13,12.99,4,26.07,6.4500000000000455,9.75,0.18427330879148052,0.07406090969006818,4.859812404361672,2.5641798306825083,0.10069767441860465,0.7751937984496124,0,City
7639,City,Camper,2009,165,2.0,37.24,16.6,16.99,4,34.93,6.4500000000000455,9.75,0.1293790710934024,0.0767207884285086,5.10594547390058,2.8326249356838407,0.10296969696969696,1.2121212121212122,0,City
7641,City,City Corner,2009,483,5.0,110.4,55.6,59.99,3,61.27,6.4500000000000455,9.75,0.09917856293640015,0.002167725107980356,6.180016653652572,4.094177881665002,0.12420289855072464,1.0351966873706004,0,City
7642,City,Garage,2009,953,4.0,198.6,120.53,99.99,2,125.2,6.4500000000000455,9.75,0.11225679088162943,0.023328701222967707,6.859614903654202,4.605070180987758,0.10492130115424973,0.4197271773347324,0,City
7644,Space,MX-81 Hypersonic Operations Aircraft,2008,795,5.0,173.07,88.0,79.99,2,116.13,7.4500000000000455,10.75,0.10915290855404391,0.035288231224817945,6.678342114654332,4.3819016268607305,0.10061635220125785,0.6289308176100629,0,Space
7645,Space,MT-61 Crystal Reaper,2008,600,6.0,124.4,58.07,49.99,3,91.73,7.4500000000000455,10.75,0.13017563097955964,0.05809231178674579,6.396929655216146,3.911822985425479,0.08331666666666666,1.0,0,Space
7646,Space,ETX Alien Infiltraitor,2008,333,4.0,64.75,37.8,29.99,4,49.47,7.4500000000000455,10.75,0.10883661398273281,0.04765922476543083,5.808142489980444,3.4008639927609177,0.09006006006006005,1.2012012012012012,0,Space
7647,Space,MX-41 Switch Fighter,2008,235,2.0,68.27,29.0,19.99,4,39.67,7.4500000000000455,10.75,0.1792329668793453,0.06583092441732252,5.459585514144159,2.995232148512309,0.08506382978723404,0.851063829787234,0,Space
7648,Space,MT-21 Mobile Mining Unit,2008,130,2.0,34.93,24.07,9.99,4,26.75,7.4500000000000455,10.75,0.1829622490773224,0.09595183864106294,4.867534450455582,2.301584592660462,0.07684615384615384,1.5384615384615385,0,Space
7649,Space,MT-201 Ultra-Drill Walker,2008,759,3.0,115.26,73.07,69.99,2,84.4,7.4500000000000455,10.75,0.06925070811308576,0.01756788274685772,6.63200177739563,4.248352374701448,0.09221343873517786,0.3952569169960474,0,Space
7654,Star Wars,Droids Battle Pack,2007,102,7.0,31.88,21.53,9.99,4,28.8,8.450000000000045,11.75,0.14720065824418183,0.09429449065899376,4.624972813284271,2.301584592660462,0.09794117647058824,6.862745098039215,1,Star Wars
7655,Star Wars,Clone Troopers Battle Pack,2007,58,4.0,44.37,30.73,9.99,4,23.13,8.450000000000045,11.75,0.1929714549437076,0.07406521247781006,4.060443010546419,2.301584592660462,0.17224137931034483,6.896551724137931,1,Star Wars
7656,Star Wars,General Grievous Starfighter,2007,232,1.0,47.87,29.4,19.99,4,32.67,8.450000000000045,11.75,0.10887280291882684,0.04269258301669776,5.44673737166631,2.995232148512309,0.08616379310344827,0.43103448275862066,1,Star Wars
7657,Star Wars,AT-ST,2007,244,1.0,92.08,42.11,19.99,4,25.93,8.450000000000045,11.75,0.19812810686141802,0.02238894913433276,5.497168225293202,2.995232148512309,0.08192622950819671,0.4098360655737705,1,Star Wars
7658,Star Wars,Y-wing Fighter,2007,454,2.0,58.23,38.24,39.99,3,34.33,8.450000000000045,11.75,0.045473582707675986,-0.012904088398366542,6.118097198041348,3.688629422858727,0.08808370044052864,0.44052863436123346,1,Star Wars
7659,Star Wars,Imperial Landing Craft,2007,471,5.0,81.2,43.27,49.99,3,84.67,8.450000000000045,11.75,0.05908716101735756,0.04586659373857738,6.154858094016418,3.911822985425479,0.10613588110403398,1.0615711252653928,1,Star Wars
7660,Star Wars,Naboo N Starfighter with Vulture Droid,2007,280,3.0,48.89,24.87,29.99,4,30.33,8.450000000000045,11.75,0.05954055010956161,0.0009598926525276053,5.634789603169249,3.4008639927609177,0.10710714285714285,1.0714285714285714,1,Star Wars
7661,Star Wars,Jedi Starfighter with Hyperdrive Booster Ring,2007,575,2.0,117.21,51.61,49.99,3,64.33,8.450000000000045,11.75,0.1061057008389461,0.02169610426692281,6.354370040797351,3.911822985425479,0.08693913043478262,0.34782608695652173,1,Star Wars
7662,Star Wars,Trade Federation MTT,2007,1330,20.0,385.67,185.61,99.99,1,187.27,8.450000000000045,11.75,0.17322091777587056,0.05485430633466848,7.1929342212158,4.605070180987758,0.07518045112781954,1.5037593984962405,1,Star Wars
7663,Star Wars,Sith Infiltrator,2007,310,1.0,52.67,26.6,29.99,4,47.53,8.450000000000045,11.75,0.06891996715225623,0.03996935083856612,5.736572297479192,3.4008639927609177,0.09674193548387096,0.3225806451612903,1,Star Wars
7664,Star Wars,TIE Crawler,2007,548,2.0,67.0,44.2,49.99,3,91.0,8.450000000000045,11.75,0.0352667554874746,0.05230377441494527,6.306275286948016,3.911822985425479,0.09122262773722628,0.36496350364963503,1,Star Wars
7665,Star Wars,Republic Cruiser,2007,919,5.0,187.2,93.2,89.99,2,146.4,8.450000000000045,11.75,0.09055190899986432,0.0422861427148995,6.823286122355687,4.4996985530458575,0.09792165397170838,0.544069640914037,1,Star Wars
7666,Star Wars,Hoth Rebel Base,2007,548,7.0,144.11,81.27,49.99,3,110.13,8.450000000000045,11.75,0.13348427836567245,0.06953106771071482,6.306275286948016,3.911822985425479,0.09122262773722628,1.2773722627737227,1,Star Wars
7667,Star Wars,Imperial Dropship,2008,81,4.0,47.59,27.52,9.99,4,25.4,7.4500000000000455,10.75,0.23310491576868464,0.09068507454469787,4.394449154672439,2.301584592660462,0.12333333333333334,4.938271604938271,1,Star Wars
7668,Star Wars,Rebel Scout Speeder,2008,82,4.0,29.76,19.2,9.99,4,31.4,7.4500000000000455,10.75,0.15779911493866972,0.1124139681006302,4.406719247264253,2.301584592660462,0.12182926829268292,4.878048780487805,1,Star Wars
7669,Star Wars,Anakin’s Jedi Starfighter,2008,153,2.0,62.18,21.94,19.99,4,22.2,7.4500000000000455,10.75,0.1645355246801392,0.009802161195729742,5.030437921392435,2.995232148512309,0.13065359477124183,1.3071895424836601,1,Star Wars
7670,Star Wars,Hailfire Droid & Spider Droid,2008,249,4.0,71.19,28.73,20.0,4,34.13,7.4500000000000455,10.75,0.18580136502257583,0.050972332324335845,5.517452896464707,2.995732273553991,0.08032128514056225,1.606425702811245,1,Star Wars
7671,Star Wars,AT-AP Walker,2008,392,2.0,94.27,37.13,39.99,3,63.93,7.4500000000000455,10.75,0.12199144115317284,0.044609077268891184,5.971261839790462,3.688629422858727,0.10201530612244898,0.5102040816326531,1,Star Wars
7672,Star Wars,Rogue Shadow,2008,482,3.0,162.8,78.47,49.99,3,34.6,7.4500000000000455,10.75,0.17173218047274275,-0.03365049388942121,6.1779441140506,3.911822985425479,0.10371369294605809,0.6224066390041494,1,Star Wars
7673,Star Wars,MagnaGuard Starfighter,2008,431,2.0,62.4,39.67,44.99,3,66.47,7.4500000000000455,10.75,0.044887684129518046,0.03697513504371064,6.066108090103747,3.806440242853081,0.10438515081206497,0.46403712296983757,1,Star Wars
7674,Star Wars,V9 Torrent,2008,471,1.0,71.57,39.47,54.99,3,35.4,7.4500000000000455,10.75,0.036005481725926325,-0.040143148927688777,6.154858094016418,4.007151350519723,0.1167515923566879,0.21231422505307856,1,Star Wars
7675,Star Wars,AT-TE Walker,2008,798,6.0,151.8,61.2,89.99,2,103.2,7.4500000000000455,10.75,0.07270475070183058,0.01282294103886139,6.682108597449809,4.4996985530458575,0.11276942355889724,0.7518796992481203,1,Star Wars
7676,Star Wars,Republic Attack Gunship,2008,1034,5.0,201.12,74.63,119.99,2,207.4,7.4500000000000455,10.75,0.07178766029808048,0.05222411561756468,6.9411900550683745,4.787408405976297,0.11604448742746615,0.4835589941972921,1,Star Wars
7678,Star Wars,Droid Gunship,2008,329,3.0,83.2,30.73,29.99,4,34.8,7.4500000000000455,10.75,0.1467871028233041,0.01393370670122085,5.796057750765372,3.4008639927609177,0.09115501519756838,0.9118541033434651,1,Star Wars
7679,Star Wars,Republic Fighter Tank,2008,592,2.0,129.05,57.87,49.99,3,70.8,7.4500000000000455,10.75,0.13575646534642383,0.03290522984506339,6.3835066348840055,3.911822985425479,0.08444256756756757,0.33783783783783783,1,Star Wars
7680,Star Wars,The Twilight,2008,882,4.0,106.0,58.33,99.99,2,119.8,7.4500000000000455,10.75,0.007865525431393294,0.01695643513454992,6.782192056006791,4.605070180987758,0.11336734693877551,0.45351473922902497,1,Star Wars
7681,Star Wars,Separatist Spider Droid,2008,206,5.0,66.88,40.6,29.99,4,21.87,7.4500000000000455,10.75,0.11366439590295108,-0.0289447592003248,5.327876168789581,3.4008639927609177,0.14558252427184465,2.4271844660194173,1,Star Wars
7682,Indiana Jones,Shanghai Chase,2009,244,5.0,94.07,49.47,29.99,4,57.0,6.4500000000000455,9.75,0.19391337736193548,0.0680829024539995,5.497168225293202,3.4008639927609177,0.12290983606557376,2.0491803278688523,1,Indiana Jones
7683,Indiana Jones,Fight on Wing the Flying,2009,376,4.0,154.5,76.27,39.99,3,128.4,6.4500000000000455,9.75,0.2331167539014054,0.1270946056897262,5.929589143389895,3.688629422858727,0.10635638297872341,1.0638297872340425,1,Indiana Jones
7684,City,Pig Farm & Tractor,2010,256,2.0,104.29,50.13,34.99,4,79.27,5.4500000000000455,8.75,0.22187643461870254,0.09796949967207014,5.545177444479562,3.5550623063795967,0.1366796875,0.78125,0,City
7685,City,Dozer,2009,352,1.0,92.83,51.33,39.99,3,33.93,6.4500000000000455,9.75,0.1394713301811339,-0.01671310315684127,5.863631175598097,3.688629422858727,0.11360795454545455,0.2840909090909091,0,City
7686,City,Helicopter Transporter,2009,377,3.0,76.59,35.0,39.99,3,37.93,6.4500000000000455,9.75,0.10600003807844005,-0.005409629550038875,5.932245187448011,3.688629422858727,0.10607427055702918,0.7957559681697612,0,City
7687,City,City Advent Calendar,2009,257,8.0,47.27,16.6,29.99,4,40.4,6.4500000000000455,9.75,0.07309229220170854,0.031032362605685204,5.54907608489522,3.4008639927609177,0.11669260700389104,3.11284046692607,0,City
7690,Space,MB-01 Eagle Command Base,2007,760,8.0,206.87,94.87,89.99,2,98.36,8.450000000000045,11.75,0.10352315727147965,0.007597709939646924,6.633318433280377,4.4996985530458575,0.1184078947368421,1.0526315789473684,0,Space
7691,Space,ETX Alien Mothership Assault,2007,434,7.0,118.5,63.4,49.99,3,44.47,8.450000000000045,11.75,0.1075394304976256,-0.009908724922653933,6.073044534100405,3.911822985425479,0.11518433179723503,1.6129032258064515,0,Space
7692,Space,MX-71 Recon Dropship,2007,435,6.0,75.67,39.93,39.99,3,56.33,8.450000000000045,11.75,0.07839481359906864,0.029586496711530907,6.075346031088684,3.688629422858727,0.09193103448275862,1.3793103448275863,0,Space
7693,Space,ETX Alien Strike,2007,246,3.0,52.6,24.0,19.99,4,37.14,8.450000000000045,11.75,0.12130719657103439,0.054134662126076316,5.5053315359323625,2.995232148512309,0.08126016260162601,1.2195121951219512,0,Space
7694,Space,MT-31 Trike,2007,95,2.0,34.19,18.6,9.99,4,28.08,8.450000000000045,11.75,0.15673731874776742,0.09193914504271672,4.553876891600541,2.301584592660462,0.1051578947368421,2.1052631578947367,0,Space
7697,Space,MT-51 Claw-Tank Ambush,2007,374,3.0,55.41,30.73,29.99,3,52.64,8.450000000000045,11.75,0.07535455398916446,0.04904675284167115,5.924255797414532,3.4008639927609177,0.08018716577540107,0.8021390374331551,0,Space
7699,Space,MT01 Armoured Drilling Unit,2007,635,5.0,104.07,62.13,79.99,3,86.93,8.450000000000045,11.75,0.03163347746815015,0.00710611415134621,6.453624998892692,4.3819016268607305,0.12596850393700787,0.7874015748031497,0,Space
7723,City,Police Pontoon Plane,2008,215,1.0,82.67,33.93,39.99,4,20.33,7.4500000000000455,10.75,0.1023895942647155,-0.06099379363927704,5.3706380281276624,3.688629422858727,0.186,0.46511627906976744,0,City
7724,City,City Advent Calendar,2008,196,10.0,42.67,22.83,29.99,4,32.75,7.4500000000000455,10.75,0.048471268370432474,0.00822329866045779,5.278114659230517,3.4008639927609177,0.15301020408163266,5.1020408163265305,0,City
7726,City,Coast Guard Truck with Speed Boat,2008,361,2.0,74.73,44.0,39.99,3,37.45,7.4500000000000455,10.75,0.087548922459729,-0.0060858441797544405,5.8888779583328805,3.688629422858727,0.11077562326869807,0.554016620498615,0,City
7731,City,Mail Van,2008,66,1.0,35.73,17.33,7.99,4,19.25,7.4500000000000455,10.75,0.2226821975200286,0.08523574218836827,4.189654742026425,2.0781907597781832,0.12106060606060606,1.5151515151515151,0,City
7732,City,Air Mail,2008,88,1.0,40.71,29.67,14.99,4,24.22,7.4500000000000455,10.75,0.1435141408876588,0.045643131183005003,4.477336814478207,2.7073833121145063,0.1703409090909091,1.1363636363636365,0,City
7733,City,Truck & Forklift,2008,343,2.0,118.47,50.27,24.99,3,61.87,7.4500000000000455,10.75,0.23230174862722275,0.08798910173906105,5.8377304471659395,3.218475744846861,0.07285714285714286,0.5830903790087464,0,City
7734,City,Cargo Plane,2008,463,3.0,207.13,74.6,39.99,3,86.58,7.4500000000000455,10.75,0.24703334735320293,0.07449934733645458,6.137727054086234,3.688629422858727,0.08637149028077754,0.6479481641468683,0,City
7737,City,Coast Guard 4WD & Jet Scooter,2008,130,1.0,27.81,15.33,9.99,4,21.53,7.4500000000000455,10.75,0.1473148572006675,0.07404198780511195,4.867534450455582,2.301584592660462,0.07684615384615384,0.7692307692307693,0,City
7738,City,Coast Guard Helicopter & Life Raft,2008,445,4.0,81.33,41.6,39.99,3,31.93,7.4500000000000455,10.75,0.09997411557374725,-0.020720314332621448,6.09807428216624,3.688629422858727,0.08986516853932584,0.898876404494382,0,City
7739,City,Coast Guard Patrol Boat & Tower,2008,444,4.0,184.53,68.07,59.99,3,85.73,7.4500000000000455,10.75,0.1627912660686155,0.0337692848535589,6.095824562432225,4.094177881665002,0.13511261261261262,0.9009009009009009,0,City
7741,City,Police Helicopter,2008,94,1.0,21.12,9.47,9.99,4,21.4,7.4500000000000455,10.75,0.10571041260540248,0.07343705901993824,4.543294782270004,2.301584592660462,0.10627659574468086,1.0638297872340425,0,City
7743,City,Police Command Centre,2008,524,4.0,92.73,38.8,44.99,3,49.0,7.4500000000000455,10.75,0.10194938415986177,0.007973954697527708,6.261491684321042,3.806440242853081,0.0858587786259542,0.7633587786259542,0,City
7744,City,Police Headquarters,2008,953,7.0,211.56,81.0,89.99,2,27.0,7.4500000000000455,10.75,0.12158135077444254,-0.10594423936459396,6.859614903654202,4.4996985530458575,0.09442812172088143,0.7345225603357818,0,City
7746,City,Single-Drum Roller,2009,208,2.0,40.13,24.6,29.99,4,41.73,6.4500000000000455,9.75,0.04619170040864784,0.03446325461406685,5.337538079701318,3.4008639927609177,0.1441826923076923,0.9615384615384616,0,City
7747,City,Wind Turbine Transport,2009,444,2.0,88.84,68.2,59.99,3,124.4,6.4500000000000455,9.75,0.06276859220855058,0.07767128134546541,6.095824562432225,4.094177881665002,0.13511261261261262,0.45045045045045046,0,City
7748,Star Wars,Corporate Alliance Tank Droid,2009,216,4.0,27.63,17.67,24.99,4,37.13,6.4500000000000455,9.75,0.015691827320944318,0.04144607857010163,5.375278407684165,3.218475744846861,0.11569444444444443,1.8518518518518519,1,Star Wars
7749,Star Wars,Echo Base,2009,155,5.0,35.47,26.59,24.99,4,34.07,6.4500000000000455,9.75,0.05579745224490362,0.03229953335331537,5.043425116919247,3.218475744846861,0.16122580645161289,3.225806451612903,1,Star Wars
7751,Star Wars,Ahsoka’s Starfighter and Droids,2009,291,2.0,135.94,63.27,39.99,4,74.2,6.4500000000000455,9.75,0.2088904736906103,0.06545126622514919,5.673323267171493,3.688629422858727,0.13742268041237113,0.6872852233676976,1,Star Wars
7752,Star Wars,Count Dooku’s Solar Sailer,2009,385,4.0,60.38,38.47,54.99,3,36.73,6.4500000000000455,9.75,0.014602736448874998,-0.040545621539037735,5.953243334287785,4.007151350519723,0.14283116883116884,1.0389610389610389,1,Star Wars
7753,Star Wars,Pirate Tank,2009,372,3.0,45.81,30.73,39.99,3,46.4,6.4500000000000455,9.75,0.021289024632011433,0.015365055943005412,5.918893854273146,3.688629422858727,0.10750000000000001,0.8064516129032258,1,Star Wars
7754,Star Wars,Home One Mon Calimari Star Cruiser,2009,789,6.0,76.2,55.07,109.99,2,99.6,6.4500000000000455,9.75,-0.0553148336714645,-0.010125545707861505,6.670766320845874,4.700389452569025,0.139404309252218,0.7604562737642585,1,Star Wars
7778,Star Wars,Midi-scale Millennium Falcon,2009,356,0.0,75.13,38.53,39.99,3,82.6,6.4500000000000455,9.75,0.10270469184038333,0.07723543312718095,5.87493073085203,3.688629422858727,0.11233146067415731,0.0,1,Star Wars
7779,Batman,The Batman Dragster: Catwoman Pursuit,2006,92,2.0,96.13,52.67,9.99,4,24.0,9.450000000000045,12.75,0.2707268817726498,0.0711605483383817,4.5217885770490405,2.301584592660462,0.10858695652173914,2.1739130434782608,1,Batman
7780,Batman,The Batboat: Hunt for Killer Croc,2006,188,2.0,200.4,96.33,19.99,4,18.67,9.450000000000045,12.75,0.27624752387539164,-0.005343647411074626,5.236441962829949,2.995232148512309,0.10632978723404254,1.0638297872340425,1,Batman
7781,Batman,The Batmobile: Two-Face’s Escape,2006,386,3.0,210.07,112.87,29.99,3,75.73,9.450000000000045,12.75,0.22873718684616517,0.07535602771697936,5.955837369464831,3.4008639927609177,0.07769430051813471,0.7772020725388601,1,Batman
7782,Batman,The Batwing: The Joker’s Aerial Assault,2006,523,3.0,172.69,117.33,49.99,3,120.93,9.450000000000045,12.75,0.1401759010244099,0.07174204323551203,6.259581464064923,3.911822985425479,0.09558317399617591,0.5736137667304015,1,Batman
7783,Batman,The Batcave: Penguin and Mr. Freeze’s Invasion,2006,1071,7.0,554.0,330.6,89.99,2,209.92,9.450000000000045,12.75,0.21206371766092547,0.06868996321183674,6.976348070447749,4.4996985530458575,0.08402427637721754,0.6535947712418301,1,Batman
7784,Batman,The Batmobile: Ultimate Collectors’ Edition,2006,1045,0.0,380.29,211.06,69.99,2,208.33,9.450000000000045,12.75,0.1961513320638506,0.08931675081895185,6.951772164398911,4.248352374701448,0.06697607655502393,0.0,1,Batman
7785,Batman,Arkham Asylum,2006,860,7.0,234.67,244.13,79.99,2,170.53,9.450000000000045,12.75,0.1206310006675062,0.06117130475973087,6.756932389247553,4.3819016268607305,0.09301162790697674,0.813953488372093,1,Batman
7786,Batman,The Batcopter: The Chase for Scarecrow,2007,293,2.0,189.32,167.4,29.99,4,125.47,8.450000000000045,11.75,0.24365693301923863,0.12953323898548663,5.680172609017068,3.4008639927609177,0.10235494880546074,0.6825938566552902,1,Batman
7787,Batman,The Bat-Tank: The Riddler and Bane’s Hideout,2007,645,3.0,208.71,210.07,49.99,3,23.67,8.450000000000045,11.75,0.18427047471513025,-0.06164484467277298,6.4692503167957724,3.911822985425479,0.07750387596899225,0.46511627906976744,1,Batman
7789,Toy story,Lotso’s Dump Truck,2010,129,3.0,13.12,9.87,19.99,4,28.6,5.4500000000000455,8.75,-0.07435549422860499,0.04178359195008552,4.859812404361672,2.995232148512309,0.15496124031007752,2.3255813953488373,1,Other
7848,City,Toys R Us City Truck,2010,356,3.0,57.29,38.87,49.99,3,77.33,5.4500000000000455,8.75,0.025325110904058867,0.05112200585366389,5.87493073085203,3.911822985425479,0.14042134831460676,0.8426966292134831,0,City
7868,Star Wars,Mace Windu’s Jedi Starfighter,2011,313,5.0,55.56,40.67,39.99,4,73.33,4.4500000000000455,7.75,0.0766940721516749,0.0813794215043544,5.746203190540153,3.688629422858727,0.1277635782747604,1.597444089456869,1,Star Wars
7869,Star Wars,Battle for Geonosis,2011,331,5.0,64.98,36.0,39.99,4,99.33,4.4500000000000455,7.75,0.11526262107133034,0.12456455557246082,5.802118375377063,3.688629422858727,0.12081570996978852,1.5105740181268883,1,Star Wars
7877,Star Wars,Naboo Starfighter,2011,318,5.0,56.75,30.27,49.99,4,44.4,4.4500000000000455,7.75,0.02891178447714826,-0.015184631805442828,5.762051382780177,3.911822985425479,0.15720125786163522,1.5723270440251573,1,Star Wars
7879,Star Wars,Hoth Echo Base,2011,773,8.0,124.89,82.47,89.99,2,96.33,4.4500000000000455,7.75,0.07642812570889435,0.00882337511602449,6.650279048587422,4.4996985530458575,0.11641655886157826,1.034928848641656,1,Star Wars
7884,Batman,Batman’s Buggy: The Escape of Mr. Freeze,2008,76,2.0,148.53,70.33,9.99,4,21.8,7.4500000000000455,10.75,0.4366428568227585,0.0752878650509401,4.330733340286331,2.301584592660462,0.13144736842105265,2.6315789473684212,1,Batman
7885,Batman,Robin’s Scuba Jet: Attack of The Penguin,2008,207,2.0,180.13,73.47,19.99,4,60.33,7.4500000000000455,10.75,0.3432519629050155,0.108217912918537,5.332718793265369,2.995232148512309,0.09657004830917873,0.966183574879227,1,Batman
7886,Batman,The Batcycle: Harley Quinn’s Hammer Truck,2008,267,2.0,199.27,119.53,29.99,4,72.75,7.4500000000000455,10.75,0.2894308233924101,0.08592694062456308,5.58724865840025,3.4008639927609177,0.11232209737827714,0.7490636704119851,1,Batman
7888,Batman,The Tumbler: Joker’s Ice Cream Surprise,2008,449,3.0,487.07,228.13,49.99,3,53.6,7.4500000000000455,10.75,0.3574145998906928,0.006507227828934203,6.1070228877422545,3.911822985425479,0.11133630289532294,0.6681514476614699,1,Batman
7890,City,Ambulance,2006,118,1.0,30.33,21.47,7.99,4,26.2,9.450000000000045,12.75,0.15160700933273308,0.09761828759935498,4.770684624465665,2.0781907597781832,0.06771186440677966,0.847457627118644,0,City
7891,City,Airport Fire Truck,2006,148,1.0,39.73,22.8,14.99,4,40.6,9.450000000000045,12.75,0.10865250484177635,0.08128248623108347,4.997212273764115,2.7073833121145063,0.10128378378378379,0.6756756756756757,0,City
7892,City,Hospital,2006,382,4.0,206.0,78.93,49.99,3,54.0,9.450000000000045,12.75,0.16165637686186907,0.006070197361462526,5.945420608606575,3.911822985425479,0.13086387434554975,1.0471204188481675,0,City
7893,City,Passenger Plane,2006,401,4.0,271.87,119.5,39.99,3,116.27,9.450000000000045,12.75,0.22485788390527595,0.08731209018630204,5.993961427306569,3.688629422858727,0.09972568578553616,0.9975062344139651,0,City
7894,City,Airport,2006,700,5.0,285.0,161.8,79.99,2,125.0,9.450000000000045,12.75,0.14391170536649445,0.03563287631613976,6.551080335043404,4.3819016268607305,0.11427142857142857,0.7142857142857143,0,City
7895,City,Switching Tracks,2006,8,0.0,23.89,18.88,15.99,4,23.53,9.450000000000045,12.75,0.043401860987119845,0.030762720356576567,2.0794415416798357,2.771963526845863,1.99875,0.0,0,City
7896,City,Straight and Curved Rails,2006,16,0.0,45.0,31.5,15.99,4,31.47,9.450000000000045,12.75,0.11571109360710352,0.05453891319775894,2.772588722239781,2.771963526845863,0.999375,0.0,0,City
7898,City,Cargo Train Deluxe,2006,856,5.0,352.47,212.47,149.99,2,45.73,9.450000000000045,12.75,0.09462558030325474,-0.0889540001679372,6.752270376141742,5.010568625207268,0.17522196261682244,0.5841121495327103,0,City
7899,City,Police Boat,2006,199,3.0,95.5,47.67,24.99,4,33.09,9.450000000000045,12.75,0.15242426268781983,0.02226425978447666,5.293304824724492,3.218475744846861,0.12557788944723616,1.5075376884422111,0,City
7900,City,Heavy Loader,2006,347,1.0,97.35,83.87,24.99,3,74.27,9.450000000000045,12.75,0.15476642473902702,0.08918521804699298,5.849324779946859,3.218475744846861,0.07201729106628242,0.2881844380403458,0,City
79000,Lord of the Rings,Riddles for the Ring,2012,105,2.0,14.47,8.2,9.99,4,23.4,3.4500000000000455,6.75,0.11336755991313274,0.1343916409871042,4.653960350157523,2.301584592660462,0.09514285714285714,1.9047619047619047,1,Lord of the Rings
79001,Lord of the Rings,Escape from Mirkwood Spiders,2012,298,4.0,30.86,19.4,29.99,4,27.2,3.4500000000000455,6.75,0.008323391643385358,-0.01436209201297256,5.697093486505405,3.4008639927609177,0.10063758389261744,1.342281879194631,1,Lord of the Rings
79002,Lord of the Rings,Attack of the Wargs,2012,400,5.0,42.21,31.6,49.99,3,41.2,3.4500000000000455,6.75,-0.04785083700553794,-0.028243081350579735,5.991464547107982,3.911822985425479,0.124975,1.25,1,Lord of the Rings
79003,Lord of the Rings,An Unexpected Gathering,2012,652,6.0,66.87,47.8,69.99,3,108.07,3.4500000000000455,6.75,-0.013130979709623847,0.06647575404449801,6.480044561926653,4.248352374701448,0.10734662576687115,0.9202453987730062,1,Lord of the Rings
79004,Lord of the Rings,Barrel Escape,2012,334,5.0,38.99,27.73,39.99,4,47.07,3.4500000000000455,6.75,-0.007313478985019994,0.024443052109501373,5.811140992976701,3.688629422858727,0.1197305389221557,1.4970059880239521,1,Lord of the Rings
79005,Lord of the Rings,The Wizard Battle,2013,113,2.0,16.86,12.27,12.99,4,22.93,2.4500000000000455,5.75,0.11230488506542424,0.10387742748101059,4.727387818712341,2.5641798306825083,0.11495575221238938,1.7699115044247788,1,Lord of the Rings
79006,Lord of the Rings,The Council of Elrond,2013,243,4.0,24.98,15.67,29.99,4,40.0,2.4500000000000455,5.75,-0.07189234571201875,0.05136534227366285,5.493061443340548,3.4008639927609177,0.12341563786008229,1.646090534979424,1,Lord of the Rings
79007,Lord of the Rings,Battle at the Black Gate,2013,656,6.0,38.2,37.07,59.99,3,86.2,2.4500000000000455,5.75,-0.1682483446623233,0.06507171874174222,6.486160788944089,4.094177881665002,0.09144817073170732,0.9146341463414634,1,Lord of the Rings
79008,Lord of the Rings,Pirate Ship Ambush,2013,756,9.0,77.18,59.4,99.99,2,131.07,2.4500000000000455,5.75,-0.10029256687137789,0.04819699361624541,6.628041376179533,4.605070180987758,0.13226190476190475,1.1904761904761905,1,Lord of the Rings
79010,Lord of the Rings,The Goblin King Battle,2012,841,8.0,71.01,58.27,99.99,2,84.67,3.4500000000000455,6.75,-0.0944409077852909,-0.02433729913775684,6.734591659972948,4.605070180987758,0.11889417360285374,0.9512485136741974,1,Lord of the Rings
79011,Lord of the Rings,Dol Guldur Ambush,2013,217,3.0,16.95,18.08,19.99,4,22.07,2.4500000000000455,5.75,-0.06511558096619297,0.0173641774757185,5.37989735354046,2.995232148512309,0.09211981566820276,1.3824884792626728,1,Lord of the Rings
79012,Lord of the Rings,Mirkwood Elf Army,2013,276,6.0,46.5,30.29,29.99,4,51.2,2.4500000000000455,5.75,0.1960394509731347,0.09748569632287873,5.62040086571715,3.4008639927609177,0.10865942028985506,2.1739130434782608,1,Lord of the Rings
79013,Lord of the Rings,Lake Town Chase,2013,470,5.0,50.94,45.0,49.99,3,66.53,2.4500000000000455,5.75,0.007713467766254922,0.05096581288468238,6.152732694704104,3.911822985425479,0.10636170212765958,1.0638297872340425,1,Lord of the Rings
79014,Lord of the Rings,Dol Guldur Battle,2013,797,6.0,37.58,52.0,69.99,2,75.53,2.4500000000000455,5.75,-0.22417533137622536,0.013336417362740605,6.680854678790215,4.248352374701448,0.08781681304893349,0.7528230865746549,1,Lord of the Rings
79015,Lord of the Rings,Witch-King Battle,2014,101,3.0,23.2,0.0,14.99,4,21.8,1.4500000000000455,4.75,0.35150660912417653,0.08203953373689177,4.61512051684126,2.7073833121145063,0.1484158415841584,2.9702970297029703,1,Lord of the Rings
79016,Lord of the Rings,Attack on Lake-town,2014,313,5.0,48.58,0.0,29.99,4,45.0,1.4500000000000455,4.75,0.39466430590779056,0.08918669083154795,5.746203190540153,3.4008639927609177,0.095814696485623,1.597444089456869,1,Lord of the Rings
79017,Lord of the Rings,The Battle of Five Armies,2014,472,7.0,69.38,0.0,59.99,3,73.73,1.4500000000000455,4.75,0.10549166225080953,0.04437355845366331,6.156978985585555,4.094177881665002,0.12709745762711866,1.4830508474576272,1,Lord of the Rings
79018,Lord of the Rings,The Lonely Mountain,2014,866,5.0,128.0,107.0,129.99,2,187.87,1.4500000000000455,4.75,-0.010583090823191088,0.08062038561507712,6.763884908562435,4.867457524419928,0.15010392609699771,0.5773672055427251,1,Lord of the Rings
7902,City,Doctor’s Car,2006,66,1.0,19.73,13.27,5.99,4,20.54,9.450000000000045,12.75,0.13444408906516903,0.10147438327865577,4.189654742026425,1.7900914121273581,0.09075757575757576,1.5151515151515151,0,City
7903,City,Rescue Helicopter,2006,249,3.0,36.07,20.73,19.99,4,22.86,9.450000000000045,12.75,0.06444989148454527,0.010577630948641836,5.517452896464707,2.995232148512309,0.08028112449799196,1.2048192771084338,0,City
7904,City,City Advent Calendar,2006,257,9.0,10.95,15.25,19.99,4,24.86,9.450000000000045,12.75,-0.06170637732202089,0.017247276314741766,5.54907608489522,2.995232148512309,0.07778210116731517,3.501945525291829,0,City
7905,City,Building Crane,2006,721,3.0,349.2,194.67,69.99,2,241.07,9.450000000000045,12.75,0.1854042516739478,0.1018590749861159,6.580639137284949,4.248352374701448,0.09707350901525658,0.4160887656033287,0,City
7906,City,Fireboat,2007,187,3.0,103.22,37.47,34.99,4,21.93,8.450000000000045,11.75,0.13657994757318237,-0.03898213106617254,5.231108616854587,3.5550623063795967,0.18711229946524066,1.6042780748663101,0,City
7907,City,City Advent Calendar,2007,232,8.0,44.39,22.8,24.99,4,31.2,8.450000000000045,11.75,0.07035751498088061,0.019068230850761703,5.44673737166631,3.218475744846861,0.1077155172413793,3.4482758620689653,0,City
79100,Teenage mutant ninja turtle,Kraang Lab Escape,2013,90,3.0,21.32,9.67,12.99,4,26.13,2.4500000000000455,5.75,0.22413065902854434,0.12924420635800682,4.499809670330265,2.5641798306825083,0.14433333333333334,3.3333333333333335,1,Other
79101,Teenage mutant ninja turtle,Shredder’s Dragon Bike,2013,198,3.0,25.98,17.2,24.99,4,27.13,2.4500000000000455,5.75,0.015984059691612096,0.014392040042235488,5.288267030694535,3.218475744846861,0.1262121212121212,1.5151515151515151,1,Other
79102,Teenage mutant ninja turtle,Stealth Shell in Pursuit,2013,162,3.0,24.23,12.13,19.99,4,23.47,2.4500000000000455,5.75,0.08167853666394431,0.02830462828066871,5.087596335232384,2.995232148512309,0.12339506172839505,1.8518518518518519,1,Other
79103,Teenage mutant ninja turtle,Turtle Lair Attack,2013,488,5.0,60.57,34.07,49.99,3,57.8,2.4500000000000455,5.75,0.08150960899824233,0.025567609199543373,6.1903154058531475,3.911822985425479,0.10243852459016393,1.0245901639344261,1,Other
79104,Teenage mutant ninja turtle,The Shellraiser Street Chase,2013,620,5.0,45.16,37.0,59.99,3,56.07,2.4500000000000455,5.75,-0.10943977492610313,-0.011683725715437632,6.429719478039138,4.094177881665002,0.09675806451612903,0.8064516129032258,1,Other
79105,Teenage mutant ninja turtle,Baxter Robot Rampage,2013,397,5.0,40.61,41.06,39.99,3,39.07,2.4500000000000455,5.75,0.006299316473816097,-0.004039560465256331,5.983936280687191,3.688629422858727,0.10073047858942066,1.2594458438287153,1,Other
79106,Lone Ranger,Cavalry Builder Set,2013,69,4.0,21.13,13.0,12.99,4,32.0,2.4500000000000455,5.75,0.21966611278454518,0.16975270166242606,4.23410650459726,2.5641798306825083,0.1882608695652174,5.797101449275362,1,Other
79107,Lone Ranger,Comanche Camp,2013,161,3.0,24.75,17.13,19.99,4,33.73,2.4500000000000455,5.75,0.09109410112365368,0.09525100500528838,5.081404364984463,2.995232148512309,0.1241614906832298,1.8633540372670807,1,Other
79108,Lone Ranger,Stagecoach Escape,2013,279,5.0,36.71,29.47,29.99,4,44.4,2.4500000000000455,5.75,0.08602536041032471,0.07062138476128177,5.631211781821365,3.4008639927609177,0.10749103942652329,1.7921146953405018,1,Other
79109,Lone Ranger,Colby City Showdown,2013,587,5.0,48.27,32.73,49.99,3,67.47,2.4500000000000455,5.75,-0.014189282167805572,0.05353331534933714,6.375024819828097,3.911822985425479,0.0851618398637138,0.8517887563884157,1,Other
79110,Lone Ranger,Silver Mine Shootout,2013,644,5.0,51.83,45.33,69.99,3,62.27,2.4500000000000455,5.75,-0.11538734265816797,-0.0201204965856997,6.467698726104354,4.248352374701448,0.10868012422360247,0.7763975155279503,1,Other
79111,Lone Ranger,Constitution Train Chase,2013,699,7.0,101.98,72.6,99.99,2,129.47,2.4500000000000455,5.75,0.008075919246915086,0.0459603729291469,6.54965074223381,4.605070180987758,0.1430472103004292,1.0014306151645207,1,Other
79115,Teenage mutant ninja turtle,Turtle Van Takedown,2014,368,4.0,43.91,38.67,39.99,3,51.53,1.4500000000000455,4.75,0.06661650219327497,0.05482590528913489,5.908082938168931,3.688629422858727,0.10866847826086957,1.0869565217391304,1,Other
79116,Teenage mutant ninja turtle,Big Rig Snow Getaway,2014,741,6.0,60.31,0.0,69.99,2,53.67,1.4500000000000455,4.75,-0.09756466243995088,-0.05436096780135369,6.608000625296087,4.248352374701448,0.09445344129554656,0.8097165991902834,1,Other
79117,Teenage mutant ninja turtle,Turtle Lair Invasion,2014,888,6.0,76.93,73.33,99.99,2,76.53,1.4500000000000455,4.75,-0.1654059474081203,-0.05473699290499123,6.78897174299217,4.605070180987758,0.11260135135135134,0.6756756756756757,1,Other
79118,Teenage mutant ninja turtle,Karai Bike Escape,2014,88,2.0,13.1,0.0,12.99,4,19.87,1.4500000000000455,4.75,0.005832390492321871,0.09360574322242265,4.477336814478207,2.5641798306825083,0.14761363636363636,2.272727272727273,1,Other
79119,Teenage mutant ninja turtle,Mutation Chamber Unleashed,2014,196,3.0,25.24,11.4,24.99,4,27.73,1.4500000000000455,4.75,0.006888647866450048,0.022144602534745372,5.278114659230517,3.218475744846861,0.1275,1.530612244897959,1,Other
79120,Teenage mutant ninja turtle,T-Rawket Sky Strike,2014,286,4.0,37.73,0.0,34.99,4,32.6,1.4500000000000455,4.75,0.053370822603861834,-0.014784362680306584,5.655991810819852,3.5550623063795967,0.12234265734265735,1.3986013986013985,1,Other
79121,Teenage mutant ninja turtle,Turtle Sub Undersea Chase,2014,684,5.0,52.14,0.0,59.99,2,36.2,1.4500000000000455,4.75,-0.09219076491487788,-0.10088181658318107,6.52795791762255,4.094177881665002,0.0877046783625731,0.7309941520467836,1,Other
79122,Teenage mutant ninja turtle,Shredder’s Lair Rescue,2014,478,5.0,53.44,0.0,49.99,3,65.6,1.4500000000000455,4.75,0.047100800310790225,0.05887931300039262,6.169610732491456,3.911822985425479,0.104581589958159,1.0460251046025104,1,Other
7913,Star Wars,Clone Trooper Battle Pack,2011,85,4.0,22.98,12.84,12.99,4,29.87,4.4500000000000455,7.75,0.13676869794676616,0.11342617980397796,4.442651256490317,2.5641798306825083,0.15282352941176472,4.705882352941177,1,Star Wars
7914,Star Wars,Mandalorian Battle Pack,2011,68,4.0,19.65,15.39,11.99,4,30.13,4.4500000000000455,7.75,0.11740855906188408,0.12625341901893306,4.219507705176107,2.4840729690394228,0.1763235294117647,5.882352941176471,1,Star Wars
7915,Star Wars,Imperial V-wing Starfighter,2011,139,2.0,21.75,18.4,19.99,4,29.67,4.4500000000000455,7.75,0.0191430828315442,0.052275952010548465,4.9344739331306915,2.995232148512309,0.14381294964028776,1.4388489208633093,1,Star Wars
7929,Star Wars,The Battle of Naboo,2011,241,12.0,43.06,26.47,24.99,4,46.0,4.4500000000000455,7.75,0.13006355640685396,0.0819133043288045,5.484796933490655,3.218475744846861,0.10369294605809128,4.979253112033195,1,Star Wars
7930,Star Wars,Bounty Hunter Assault Gunship,2011,389,4.0,46.14,32.53,49.99,3,38.73,4.4500000000000455,7.75,-0.01784839914090386,-0.03239383418223629,5.963579343618446,3.911822985425479,0.1285089974293059,1.0282776349614395,1,Star Wars
7931,Star Wars,T-6 Jedi Shuttle,2011,389,4.0,48.88,33.0,59.99,3,44.92,4.4500000000000455,7.75,-0.0449815523272713,-0.0366402406514329,5.963579343618446,4.094177881665002,0.1542159383033419,1.0282776349614395,1,Star Wars
7936,City,Level Crossing,2010,142,1.0,135.56,75.47,19.99,4,86.2,5.4500000000000455,8.75,0.42080852221404674,0.18177966035363968,4.955827057601261,2.995232148512309,0.14077464788732394,0.704225352112676,0,City
7937,City,Train Station,2010,361,4.0,64.82,43.47,49.99,3,93.33,5.4500000000000455,8.75,0.04882250631383145,0.07395779550068782,5.8888779583328805,3.911822985425479,0.13847645429362881,1.10803324099723,0,City
7938,City,Passenger Train,2010,669,3.0,176.48,122.0,129.99,2,139.93,5.4500000000000455,8.75,0.05770442519657881,0.008456674277122822,6.505784060128229,4.867457524419928,0.194304932735426,0.4484304932735426,0,City
7939,City,Cargo Train,2010,839,4.0,207.41,152.0,179.99,2,175.47,5.4500000000000455,8.75,0.026359068136593722,-0.0029024318531326587,6.732210706467206,5.192901293791388,0.21452920143027415,0.4767580452920143,0,City
7942,City,Off-Road Fire Rescue,2007,131,1.0,18.96,11.0,9.99,4,20.67,8.450000000000045,11.75,0.07877704738531288,0.06383547193421846,4.875197323201151,2.301584592660462,0.07625954198473282,0.7633587786259542,0,City
7944,City,Fire Hovercraft,2007,274,3.0,99.73,39.07,29.99,4,37.6,8.450000000000045,11.75,0.1528088979396962,0.019432359764212093,5.6131281063880705,3.4008639927609177,0.10945255474452555,1.094890510948905,0,City
7945,City,Fire Station,2007,600,4.0,124.73,66.4,59.99,3,55.2,8.450000000000045,11.75,0.0904866725194875,-0.007057102439164686,6.396929655216146,4.094177881665002,0.09998333333333334,0.6666666666666666,0,City
7946,Castle,King’s Castle,2010,933,8.0,178.0,110.33,99.99,2,213.0,5.4500000000000455,8.75,0.11162061810201118,0.09026999748537512,6.838405200847344,4.605070180987758,0.10717041800643086,0.857449088960343,0,Castle
7947,Castle,Prison Tower Rescue,2010,365,5.0,86.27,50.73,49.99,3,75.8,5.4500000000000455,8.75,0.10530454591324756,0.04872414026879168,5.8998973535824915,3.911822985425479,0.13695890410958905,1.36986301369863,0,Castle
7948,Castle,Outpost Attack,2010,194,3.0,54.11,19.53,19.99,4,38.2,5.4500000000000455,8.75,0.2004700469604912,0.07681952630244138,5.267858159063328,2.995232148512309,0.10304123711340206,1.5463917525773196,0,Castle
7949,Castle,Prison Carriage Rescue,2010,50,3.0,14.0,12.47,9.99,4,26.2,5.4500000000000455,8.75,0.06387893665967259,0.1164917552200413,3.912023005428146,2.301584592660462,0.1998,6.0,0,Castle
7950,Castle,Knight’s Showdown,2010,61,2.0,19.07,10.13,6.99,4,25.0,5.4500000000000455,8.75,0.20220018970974718,0.15678565708129844,4.110873864173311,1.944480556245719,0.11459016393442624,3.278688524590164,0,Castle
7952,Castle,Kingdoms Advent Calendar,2010,167,9.0,66.33,36.57,34.99,4,59.93,5.4500000000000455,8.75,0.12451757813237818,0.06342927001015464,5.117993812416755,3.5550623063795967,0.20952095808383234,5.389221556886228,0,Castle
7956,Star Wars,Ewok Attack,2011,166,3.0,40.17,25.0,24.99,4,48.4,4.4500000000000455,7.75,0.11255784713266781,0.08903657390727382,5.111987788356544,3.218475744846861,0.15054216867469877,1.8072289156626506,1,Star Wars
7957,Star Wars,Sith Nightspeeder,2011,214,3.0,31.26,21.8,24.99,4,39.47,4.4500000000000455,7.75,0.05159327885808551,0.0607499391335633,5.365976015021851,3.218475744846861,0.11677570093457944,1.4018691588785046,1,Star Wars
7958,Star Wars,Star Wars Advent Calendar,2011,266,8.0,46.63,24.6,39.99,4,42.67,4.4500000000000455,7.75,0.035122890651713146,0.00840501895214718,5.583496308781699,3.688629422858727,0.15033834586466166,3.007518796992481,1,Star Wars
7959,Star Wars,Geonosian Starfighter,2011,155,3.0,28.0,13.67,29.99,4,40.8,4.4500000000000455,7.75,-0.015310678503417496,0.04051778874811518,5.043425116919247,3.4008639927609177,0.19348387096774192,1.935483870967742,1,Star Wars
7961,Star Wars,Darth Maul’s Sith Infiltrator,2011,479,4.0,66.81,48.0,69.99,3,66.07,4.4500000000000455,7.75,-0.010394944597004963,-0.007409521356034343,6.171700597410915,4.248352374701448,0.14611691022964507,0.8350730688935282,1,Star Wars
7962,Star Wars,Anakin’s & Sebulba’s Podracers,2011,810,5.0,77.36,51.13,89.99,2,109.8,4.4500000000000455,7.75,-0.033413008786519094,0.026004890222625088,6.697034247666484,4.4996985530458575,0.11109876543209876,0.6172839506172839,1,Star Wars
7964,Star Wars,Republic Frigate,2011,1022,5.0,159.33,89.83,119.99,2,196.87,4.4500000000000455,7.75,0.06579755529895182,0.06597344413085704,6.92951677076365,4.787408405976297,0.11740704500978473,0.4892367906066536,1,Star Wars
7965,Star Wars,Millennium Falcon,2011,1254,6.0,156.12,105.89,139.99,1,177.07,4.4500000000000455,7.75,0.024809258293194247,0.03078355318010595,7.134093721192866,4.941570991486734,0.1116347687400319,0.4784688995215311,1,Star Wars
7977,Atlantis,Seabed Strider,2011,105,2.0,16.74,9.6,9.99,4,14.87,4.4500000000000455,7.75,0.12300002909334662,0.05266392393436492,4.653960350157523,2.301584592660462,0.09514285714285714,1.9047619047619047,0,Atlantis
7978,Atlantis,Angler Attack,2011,200,2.0,38.53,16.2,19.99,4,40.47,4.4500000000000455,7.75,0.15888901445658932,0.09528014319400491,5.298317366548036,2.995232148512309,0.09995,1.0,0,Atlantis
7979,Castle,Castle Advent Calendar,2008,176,9.0,76.38,51.0,29.99,4,9.25,7.4500000000000455,10.75,0.13369719538608904,-0.1036440824414212,5.170483995038151,3.4008639927609177,0.17039772727272726,5.113636363636363,0,Castle
7984,Atlantis,Deep Sea Raider,2011,265,2.0,30.86,17.8,29.99,4,28.27,4.4500000000000455,7.75,0.006446952071497369,-0.007592042908820096,5.579729825986222,3.4008639927609177,0.11316981132075471,0.7547169811320755,0,Atlantis
7985,Atlantis,City of Atlantis,2011,686,5.0,95.44,58.67,69.99,2,100.67,4.4500000000000455,7.75,0.07218175537303995,0.048019969705012544,6.530877627725885,4.248352374701448,0.10202623906705538,0.7288629737609329,0,Atlantis
7990,City,Cement Mixer,2007,213,1.0,54.79,24.73,14.99,4,27.13,8.450000000000045,11.75,0.16577663103761364,0.05178628408234087,5.3612921657094255,2.7073833121145063,0.07037558685446009,0.4694835680751174,0,City
7991,City,Recycle Truck,2007,206,1.0,44.93,25.93,14.99,4,26.93,8.450000000000045,11.75,0.13872359045868188,0.051124160840338995,5.327876168789581,2.7073833121145063,0.07276699029126214,0.4854368932038835,0,City
7992,City,Container Stacker,2007,218,1.0,48.71,32.27,19.99,4,40.67,8.450000000000045,11.75,0.11115790262855052,0.062311865094928365,5.384495062789089,2.995232148512309,0.09169724770642201,0.45871559633027525,0,City
7993,City,Service Station,2007,402,3.0,168.8,62.73,39.99,3,82.87,8.450000000000045,11.75,0.1858078582234335,0.06397535611649485,5.996452088619021,3.688629422858727,0.09947761194029851,0.746268656716418,0,City
7994,City,LEGO City Harbour,2007,659,5.0,292.87,166.53,89.99,3,166.07,8.450000000000045,11.75,0.14986960942834315,0.05352912816180422,6.490723534502507,4.4996985530458575,0.1365553869499241,0.7587253414264037,0,City
7996,City,Train Rail Crossing,2007,4,0.0,136.2,140.8,24.99,4,119.33,8.450000000000045,11.75,0.22221951340664425,0.14231484298523656,1.3862943611198906,3.218475744846861,6.2475,0.0,0,City
7997,City,Train Station,2007,387,5.0,165.05,79.33,44.99,3,115.27,8.450000000000045,11.75,0.16628496967895412,0.08336423363036416,5.958424693029782,3.806440242853081,0.11625322997416021,1.2919896640826873,0,City
7998,City,Heavy Hauler,2007,332,1.0,94.2,46.53,34.99,4,31.67,8.450000000000045,11.75,0.12434665451043503,-0.008448571992969,5.805134968916488,3.5550623063795967,0.10539156626506024,0.30120481927710846,0,City
8000,Star Wars,Pit Droid,2000,223,0.0,42.67,22.73,19.99,4,28.8,15.450000000000045,18.75,0.05030287266264977,0.01966516730869583,5.407171771460119,2.995232148512309,0.08964125560538116,0.0,1,Star Wars
8001,Star Wars,Battle Droid,2000,363,0.0,62.73,26.93,29.99,3,47.67,15.450000000000045,18.75,0.04892457451266874,0.025024698172009918,5.8944028342648505,3.4008639927609177,0.08261707988980715,0.0,1,Star Wars
8002,Star Wars,Destroyer Droid,2000,558,0.0,142.53,75.0,49.99,3,94.13,15.450000000000045,18.75,0.0701664619753799,0.03432827229306312,6.324358962381311,3.911822985425479,0.08958781362007169,0.0,1,Star Wars
8007,Star Wars,C-3PO,2001,341,0.0,82.73,33.0,34.99,3,63.8,14.450000000000045,17.75,0.06136047926248378,0.03442088626383577,5.831882477283517,3.5550623063795967,0.10260997067448681,0.0,1,Star Wars
8008,Star Wars,Stormtrooper,2001,361,0.0,57.93,23.4,34.99,3,39.0,14.450000000000045,17.75,0.03550669830539532,0.006131359160110872,5.8888779583328805,3.5550623063795967,0.09692520775623269,0.0,1,Star Wars
8009,Star Wars,R2-D2,2002,240,0.0,52.2,23.13,19.99,4,49.6,13.450000000000045,16.75,0.07397244359049826,0.055752993089149605,5.480638923341991,2.995232148512309,0.08329166666666667,0.0,1,Star Wars
8010,Star Wars,Darth Vader,2002,391,0.0,115.07,50.67,39.99,3,48.33,13.450000000000045,16.75,0.0817507133378903,0.011373026239006157,5.968707559985366,3.688629422858727,0.1022762148337596,0.0,1,Star Wars
8011,Star Wars,Jango Fett,2002,422,0.0,63.27,30.67,29.99,3,24.8,13.450000000000045,16.75,0.05707469857020597,-0.011280391716264049,6.045005314036012,3.4008639927609177,0.07106635071090046,0.0,1,Star Wars
8012,Star Wars,Super Battle Droid,2002,379,0.0,52.47,23.0,34.99,3,36.67,13.450000000000045,16.75,0.030583197207972868,0.0028037246393124438,5.937536205082426,3.5550623063795967,0.09232189973614777,0.0,1,Star Wars
8014,Star Wars,Clone Walker Battle Pack,2009,72,4.0,28.54,19.73,11.99,4,37.53,6.4500000000000455,9.75,0.14391298542522124,0.12415605284228115,4.276666119016055,2.4840729690394228,0.16652777777777777,5.555555555555555,1,Star Wars
8015,Star Wars,Assassin Droids Battle Pack,2009,94,5.0,17.79,12.27,9.99,4,20.13,6.4500000000000455,9.75,0.09358950785851539,0.07450398229856803,4.543294782270004,2.301584592660462,0.10627659574468086,5.319148936170213,1,Star Wars
8016,Star Wars,Hyena Droid Bomber,2009,232,3.0,29.71,17.67,19.99,4,42.73,6.4500000000000455,9.75,0.06336068188184796,0.08103052889522311,5.44673737166631,2.995232148512309,0.08616379310344827,1.293103448275862,1,Star Wars
8017,Star Wars,Darth Vader’s TIE Fighter,2009,251,1.0,116.4,53.33,29.99,4,49.2,6.4500000000000455,9.75,0.23399723989324617,0.05208327488567832,5.5254529391317835,3.4008639927609177,0.1194820717131474,0.398406374501992,1,Star Wars
8018,Star Wars,Armored Assault Tank (AAT),2009,407,7.0,117.75,46.73,49.99,3,42.87,6.4500000000000455,9.75,0.14205357433797605,-0.015635522597128304,6.008813185442595,3.911822985425479,0.12282555282555283,1.71990171990172,1,Star Wars
8019,Star Wars,Republic Attack Shuttle,2009,636,3.0,94.71,48.07,59.99,3,50.6,6.4500000000000455,9.75,0.07336348732526221,-0.017307581137150363,6.455198563340122,4.094177881665002,0.09432389937106919,0.4716981132075472,1,Star Wars
8036,Star Wars,Separatist Shuttle,2009,259,5.0,33.47,22.6,29.99,4,33.93,6.4500000000000455,9.75,0.017166694028617924,0.012740537926535955,5.556828061699537,3.4008639927609177,0.11579150579150578,1.9305019305019304,1,Star Wars
8037,Star Wars,Anakin’s Y-wing Starfighter,2009,570,3.0,76.69,44.38,59.99,3,63.13,6.4500000000000455,9.75,0.03881070129118691,0.005246351151294126,6.345636360828596,4.094177881665002,0.10524561403508773,0.5263157894736842,1,Star Wars
8038,Star Wars,The Battle of Endor,2009,890,12.0,138.71,96.29,99.99,2,151.4,6.4500000000000455,9.75,0.052056214910254583,0.04346744293846605,6.7912214627261855,4.605070180987758,0.11234831460674156,1.348314606741573,1,Star Wars
8039,Star Wars,Venator-Class Republic Attack Cruiser,2009,1170,5.0,295.36,151.68,119.99,2,233.4,6.4500000000000455,9.75,0.14987912566624195,0.07062281048492225,7.064759027791802,4.787408405976297,0.10255555555555555,0.42735042735042733,1,Star Wars
8041,Technic,Race Truck,2010,608,0.0,82.86,53.2,59.99,3,57.27,5.4500000000000455,8.75,0.06105254902790458,-0.005288930411073256,6.410174881966167,4.094177881665002,0.09866776315789474,0.0,0,Technic
8043,Technic,Motorized Excavator,2010,1123,0.0,390.47,258.2,199.99,2,383.87,5.4500000000000455,8.75,0.1306217078912182,0.07736523929543293,7.023758954738443,5.2982673652979955,0.17808548530721283,0.0,0,Technic
8045,Technic,Mini Telehandler,2010,117,0.0,26.58,14.33,10.99,4,23.91,5.4500000000000455,8.75,0.1759192051502778,0.09290090781625193,4.762173934797756,2.39698576841553,0.09393162393162394,0.0,0,Technic
8046,Technic,Helicopter,2010,152,0.0,39.12,12.53,19.99,4,24.13,5.4500000000000455,8.75,0.1311026708786054,0.021744319182706473,5.0238805208462765,2.995232148512309,0.13151315789473683,0.0,0,Technic
8047,Technic,Compact Excavator,2010,252,0.0,62.33,29.6,24.99,4,60.87,5.4500000000000455,8.75,0.18258223986150335,0.10710061221764233,5.529429087511423,3.218475744846861,0.09916666666666667,0.0,0,Technic
8048,Technic,Buggy,2010,314,0.0,63.69,39.0,39.99,4,39.4,5.4500000000000455,8.75,0.08914627391089192,-0.0016972559213238592,5.749392985908253,3.688629422858727,0.12735668789808918,0.0,0,Technic
8049,Technic,Tractor with Log Loader,2010,525,0.0,112.18,69.87,59.99,3,92.47,5.4500000000000455,8.75,0.12170400474760279,0.05069532405790311,6.263398262591624,4.094177881665002,0.11426666666666667,0.0,0,Technic
8051,Technic,Motorbike,2010,467,0.0,140.13,67.6,39.99,3,110.73,5.4500000000000455,8.75,0.2587018891380297,0.1234407157176145,6.1463292576688975,3.688629422858727,0.08563169164882227,0.0,0,Technic
8052,Technic,Container Truck,2010,686,0.0,208.03,77.33,69.99,2,147.93,5.4500000000000455,8.75,0.2212525965653238,0.08929415430564736,6.530877627725885,4.248352374701448,0.10202623906705538,0.0,0,Technic
8053,Technic,Mobile Crane,2010,1289,0.0,204.25,118.8,99.99,1,195.6,5.4500000000000455,8.75,0.14003566951337665,0.07970288247796042,7.161622002939187,4.605070180987758,0.07757176105508146,0.0,0,Technic
8056,Atlantis,Monster Crab Clash,2010,68,1.0,13.27,8.07,6.99,4,11.0,5.4500000000000455,8.75,0.12481583456986045,0.05318491418589244,4.219507705176107,1.944480556245719,0.10279411764705883,1.4705882352941178,0,Atlantis
8057,Atlantis,Wreck Raider,2010,64,2.0,13.15,6.31,9.99,4,11.13,5.4500000000000455,8.75,0.05172201783036101,0.01242623744958582,4.1588830833596715,2.301584592660462,0.15609375,3.125,0,Atlantis
8058,Atlantis,Guardian of the Deep,2010,144,1.0,26.61,11.53,14.99,4,27.87,5.4500000000000455,8.75,0.11104770059437064,0.07344842035345822,4.969813299576001,2.7073833121145063,0.10409722222222223,0.6944444444444444,0,Atlantis
8059,Atlantis,Seabed Scavenger,2010,119,2.0,21.87,8.87,14.99,4,18.73,5.4500000000000455,8.75,0.07176703371793436,0.025783146488000508,4.77912349311153,2.7073833121145063,0.12596638655462186,1.680672268907563,0,Atlantis
8060,Atlantis,Typhoon Turbo Sub,2010,197,2.0,25.94,12.47,24.99,4,22.2,5.4500000000000455,8.75,0.0068694382907492635,-0.013438424995791065,5.2832037287379885,3.218475744846861,0.12685279187817258,1.015228426395939,0,Atlantis
8061,Atlantis,Gateway of the Squid,2010,354,3.0,33.79,23.47,39.99,3,58.13,5.4500000000000455,8.75,-0.03043806364008339,0.043675745316555714,5.869296913133774,3.688629422858727,0.11296610169491526,0.847457627118644,0,Atlantis
8063,Technic,Tractor with Trailer,2009,1100,0.0,166.0,93.2,99.99,2,180.33,6.4500000000000455,9.75,0.08176273983241678,0.06235052624813564,7.003065458786462,4.605070180987758,0.0909,0.0,0,Technic
8065,Technic,Mini Container Truck,2011,119,0.0,23.0,12.64,10.99,4,17.0,4.4500000000000455,7.75,0.18052228445453977,0.05790171179396131,4.77912349311153,2.39698576841553,0.0923529411764706,0.0,0,Technic
8066,Technic,Off-Roader,2011,141,0.0,27.47,16.4,19.99,4,29.67,4.4500000000000455,7.75,0.0740426878855982,0.052275952010548465,4.948759890378168,2.995232148512309,0.14177304964539006,0.0,0,Technic
8067,Technic,Mini Mobile Crane,2011,292,0.0,50.05,26.33,24.99,4,63.8,4.4500000000000455,7.75,0.1689172860190169,0.12855609681675628,5.676753802268282,3.218475744846861,0.08558219178082191,0.0,0,Technic
8068,Technic,Rescue Helicopter,2011,408,0.0,56.8,36.0,39.99,3,47.87,4.4500000000000455,7.75,0.08204793730428173,0.02347908160669787,6.0112671744041615,3.688629422858727,0.09801470588235295,0.0,0,Technic
8069,Technic,Backhoe Loader,2011,609,0.0,81.13,49.95,59.99,3,104.13,4.4500000000000455,7.75,0.07019091922532494,0.07374916606722692,6.411818267709897,4.094177881665002,0.09850574712643678,0.0,0,Technic
8070,Technic,Super Car,2011,1281,0.0,221.53,144.33,119.99,1,215.0,4.4500000000000455,7.75,0.14773040357748823,0.07815951551547728,7.155396301896734,4.787408405976297,0.09366900858704137,0.0,0,Technic
8071,Technic,Lift Truck,2011,593,0.0,72.96,38.4,49.99,3,74.53,4.4500000000000455,7.75,0.08867752138159268,0.05288365828922226,6.385194398997726,3.911822985425479,0.08430016863406409,0.0,0,Technic
8075,Atlantis,Neptune Carrier,2010,476,4.0,45.53,25.4,59.99,3,50.93,5.4500000000000455,8.75,-0.049347496937636626,-0.018537539659797098,6.16541785423142,4.094177881665002,0.1260294117647059,0.8403361344537815,0,Atlantis
8076,Atlantis,Deep Sea Striker,2010,260,1.0,19.57,10.8,19.99,4,24.93,5.4500000000000455,8.75,-0.003888633753382442,0.02556002419928216,5.560681631015528,2.995232148512309,0.07688461538461538,0.38461538461538464,0,Atlantis
8077,Atlantis,Atlantis Exploration HQ,2010,473,3.0,51.73,29.13,49.99,3,51.93,5.4500000000000455,8.75,0.006297710757527275,0.0043607574001840455,6.159095388491933,3.911822985425479,0.10568710359408034,0.6342494714587738,0,Atlantis
8078,Atlantis,Portal of Atlantis,2010,1007,7.0,78.07,42.8,99.99,2,101.53,5.4500000000000455,8.75,-0.04439085856646796,0.0017482853663093323,6.914730892718563,4.605070180987758,0.09929493545183714,0.6951340615690169,0,Atlantis
8079,Atlantis,Shadow Snapper,2010,246,1.0,26.41,18.16,29.99,4,28.53,5.4500000000000455,8.75,-0.023055077876961705,-0.005687516208949472,5.5053315359323625,3.4008639927609177,0.12191056910569105,0.4065040650406504,0,Atlantis
8080,Atlantis,Undersea Explorer,2010,364,1.0,38.47,22.8,39.99,3,45.67,5.4500000000000455,8.75,-0.007085003481758001,0.015294316684914211,5.8971538676367405,3.688629422858727,0.10986263736263736,0.27472527472527475,0,Atlantis
8081,Technic,Extreme Cruiser,2011,590,0.0,122.0,88.47,59.9,3,115.2,4.4500000000000455,7.75,0.17333803206033238,0.08804904432386196,6.380122536899765,4.092676505121403,0.10152542372881355,0.0,0,Technic
8083,Star Wars,Rebel Trooper Battle Pack,2010,79,4.0,33.05,12.31,11.99,4,17.27,5.4500000000000455,8.75,0.20447720035939754,0.04258438867611125,4.3694478524670215,2.4840729690394228,0.1517721518987342,5.063291139240507,1,Star Wars
8084,Star Wars,Snowtrooper Battle Pack,2010,74,4.0,18.71,12.45,11.99,4,21.4,5.4500000000000455,8.75,0.08507450764428914,0.0684486814752614,4.30406509320417,2.4840729690394228,0.16202702702702704,5.405405405405405,1,Star Wars
8085,Star Wars,Freeco Speeder,2010,177,2.0,22.65,16.2,24.99,4,23.0,5.4500000000000455,8.75,-0.017877873588718618,-0.009438775759865514,5.176149732573829,3.218475744846861,0.1411864406779661,1.1299435028248588,1,Star Wars
8086,Star Wars,Droid Tri-Fighter,2010,268,3.0,28.56,14.8,24.99,4,30.67,5.4500000000000455,8.75,0.024803793158944654,0.02368285785097779,5.5909869805108565,3.218475744846861,0.09324626865671641,1.1194029850746268,1,Star Wars
8087,Star Wars,TIE Defender,2010,304,2.0,49.98,34.67,49.99,4,82.6,5.4500000000000455,8.75,-3.670758656693085e-05,0.05907169517555988,5.717027701406222,3.911822985425479,0.1644407894736842,0.6578947368421053,1,Star Wars
8088,Star Wars,ARC70 Starfighter,2010,396,4.0,71.59,45.47,59.99,3,103.33,5.4500000000000455,8.75,0.032968030849377605,0.06411433422131663,5.981414211254481,4.094177881665002,0.151489898989899,1.0101010101010102,1,Star Wars
8089,Star Wars,Hoth Wampa Cave,2010,297,3.0,57.25,37.39,39.99,4,59.07,5.4500000000000455,8.75,0.06804997840445837,0.04559086201472873,5.6937321388027,3.688629422858727,0.13464646464646465,1.0101010101010102,1,Star Wars
8091,Star Wars,Republic Swamp Speeder,2010,176,5.0,22.49,16.73,29.99,4,25.27,5.4500000000000455,8.75,-0.05143607563443231,-0.019380711230892467,5.170483995038151,3.4008639927609177,0.17039772727272726,2.840909090909091,1,Star Wars
8092,Star Wars,Luke’s Landspeeder,2010,163,5.0,36.13,23.3,24.99,4,28.07,5.4500000000000455,8.75,0.06998197038300713,0.013371540943195814,5.093750200806762,3.218475744846861,0.1533128834355828,3.067484662576687,1,Star Wars
8093,Star Wars,Plo Koon’s Jedi Starfighter,2010,175,2.0,32.85,19.67,24.99,4,25.93,5.4500000000000455,8.75,0.05145937757907104,0.004228900062954288,5.1647859739235145,3.218475744846861,0.14279999999999998,1.1428571428571428,1,Star Wars
8095,Star Wars,General Grievous' Starfighter,2010,454,3.0,66.67,37.47,49.99,3,72.4,5.4500000000000455,8.75,0.05425206920303127,0.04323819163130116,6.118097198041348,3.911822985425479,0.11011013215859031,0.6607929515418502,1,Star Wars
8096,Star Wars,Emperor Palpatine’s Shuttle,2010,592,4.0,82.81,48.75,59.99,3,70.0,5.4500000000000455,8.75,0.06093503966221259,0.017792707067369573,6.3835066348840055,4.094177881665002,0.10133445945945946,0.6756756756756757,1,Star Wars
8097,Star Wars,Slave I,2010,573,3.0,132.37,78.25,79.99,3,100.93,5.4500000000000455,8.75,0.09682748602468938,0.026930598812859197,6.35088571671474,4.3819016268607305,0.13959860383944153,0.5235602094240838,1,Star Wars
8098,Star Wars,Clone Turbo Tank,2010,1141,6.0,161.0,96.67,119.99,2,139.87,5.4500000000000455,8.75,0.055425721121300064,0.017674958569871224,7.039660349862076,4.787408405976297,0.10516213847502191,0.5258545135845749,1,Star Wars
8099,Star Wars,Midi-Scale Imperial Star Destroyer,2010,423,0.0,39.4,23.13,39.99,3,53.67,5.4500000000000455,8.75,-0.0027235516430133,0.03419742097496159,6.0473721790462776,3.688629422858727,0.09453900709219859,0.0,1,Star Wars
8109,Technic,Flatbed Truck,2011,1115,0.0,197.61,142.13,99.99,2,242.13,4.4500000000000455,7.75,0.1654232397084252,0.12088294830011881,7.016609683894219,4.605070180987758,0.08967713004484304,0.0,0,Technic
8110,Technic,Unimog U400,2011,2047,0.0,272.32,190.07,199.99,1,209.73,4.4500000000000455,7.75,0.07183608116158324,0.0061548149825463305,7.624130585661289,5.2982673652979955,0.0976990718124084,0.0,0,Technic
8128,Star Wars,Cad Bane’s Speeder,2010,318,5.0,44.87,32.8,49.99,4,33.4,5.4500000000000455,8.75,-0.019631092847792297,-0.045041759715009455,5.762051382780177,3.911822985425479,0.15720125786163522,1.5723270440251573,1,Star Wars
8129,Star Wars,AT-AT Walker,2010,815,8.0,234.07,176.2,109.99,2,217.73,5.4500000000000455,8.75,0.14863519656446122,0.08116791979765203,6.703188113240863,4.700389452569025,0.13495705521472393,0.9815950920245399,1,Star Wars
8145,Racers,Ferrari 599 GTB Fiorano 1:10,2007,1327,0.0,574.93,244.6,109.99,1,413.6,8.450000000000045,11.75,0.21618990088831302,0.11932323063588668,7.190676034332207,4.700389452569025,0.08288620949510173,0.0,0,Other
8169,Racers,Lamborghini Gallardo LP 560-4,2009,741,0.0,253.94,93.2,39.99,2,182.07,6.4500000000000455,9.75,0.3318704110928068,0.16819841904574973,6.608000625296087,3.688629422858727,0.05396761133603239,0.0,0,Other
8188,Power miners,Fire Blaster,2010,67,2.0,35.4,22.0,9.99,4,20.33,5.4500000000000455,8.75,0.2612880191242448,0.08458940815956484,4.204692619390966,2.301584592660462,0.1491044776119403,2.985074626865672,0,Other
8189,Power miners,Magma Mech,2010,183,2.0,30.9,18.27,19.99,4,32.13,5.4500000000000455,8.75,0.08319246514447687,0.05573288429997603,5.209486152841421,2.995232148512309,0.10923497267759562,1.092896174863388,0,Other
8190,Power miners,Claw Catcher,2010,259,2.0,53.31,31.2,34.99,4,45.67,5.4500000000000455,8.75,0.08032185827746097,0.030911488238716922,5.556828061699537,3.5550623063795967,0.13509652509652512,0.7722007722007722,0,Other
8191,Power miners,Lavatraz,2010,381,4.0,78.19,60.8,49.99,3,61.13,5.4500000000000455,8.75,0.08553921920177632,0.02325832521918203,5.942799375126701,3.911822985425479,0.13120734908136483,1.0498687664041995,0,Other
8200,Cars,Radiator Springs Lightning McQueen,2011,35,0.0,29.16,8.87,6.99,4,17.4,4.4500000000000455,7.75,0.37846448992598525,0.1248796856717751,3.5553480614894135,1.944480556245719,0.19971428571428573,0.0,1,Cars
8201,Cars,Classic Mater,2011,52,0.0,17.86,7.93,6.99,4,17.8,4.4500000000000455,7.75,0.2346717840479855,0.12818343713286984,3.9512437185814275,1.944480556245719,0.13442307692307692,0.0,1,Cars
8206,Cars,Tokyo Pit Stop,2011,147,0.0,22.27,9.07,14.99,4,14.6,4.4500000000000455,7.75,0.09303329113529646,-0.0033957418219744406,4.990432586778736,2.7073833121145063,0.10197278911564626,0.0,1,Cars
8214,Racers,Lamborghini Polizia,2010,801,0.0,87.19,59.99,109.8,2,164.4,5.4500000000000455,8.75,-0.04142414864803301,0.04721107248448675,6.68586094706836,4.69866052907543,0.13707865168539327,0.0,0,Other
8236,Technic,Bike Burner,2000,60,0.0,10.38,5.07,5.99,4,13.67,15.450000000000045,18.75,0.03622580510184603,0.0449886102333219,4.0943445622221,1.7900914121273581,0.09983333333333334,0.0,0,Technic
8237,Technic,Formula Force,2000,115,0.0,11.5,5.93,9.99,4,16.44,15.450000000000045,18.75,0.009152467729771185,0.026923133527299692,4.74493212836325,2.301584592660462,0.08686956521739131,0.0,0,Technic
8238,Technic,Dueling Dragsters,2000,202,0.0,7.8,6.53,17.99,4,20.22,15.450000000000045,18.75,-0.05265326979610352,0.006251790203818608,5.308267697401205,2.8898160479624417,0.08905940594059406,0.0,0,Technic
8240,Technic,Slammer Stunt Bike,2001,152,0.0,19.93,8.44,14.99,4,13.13,14.450000000000045,17.75,0.019907876467271546,-0.007436080652768684,5.0238805208462765,2.7073833121145063,0.09861842105263158,0.0,0,Technic
8242,Technic,Slammer Turbo,2001,253,0.0,21.37,21.0,19.99,4,21.25,14.450000000000045,17.75,0.004630474575319399,0.0034495838771593235,5.53338948872752,2.995232148512309,0.07901185770750987,0.0,0,Technic
8256,Technic,Go-Kart,2009,144,0.0,67.17,20.8,14.99,4,24.87,6.4500000000000455,9.75,0.26179317194080776,0.053297843741791695,4.969813299576001,2.7073833121145063,0.10409722222222223,0.0,0,Technic
8258,Technic,Crane Truck,2009,1877,0.0,340.07,235.4,149.99,1,277.8,6.4500000000000455,9.75,0.13531718531580705,0.06525437567179782,7.537430036586509,5.010568625207268,0.07990942994139585,0.0,0,Technic
8259,Technic,Mini Bulldozer,2009,165,0.0,28.76,19.67,9.99,4,23.8,6.4500000000000455,9.75,0.17814142153716772,0.09312000659480657,5.10594547390058,2.301584592660462,0.06054545454545455,0.0,0,Technic
8260,Technic,Tractor,2009,104,0.0,25.31,11.8,9.99,4,26.11,6.4500000000000455,9.75,0.15503004171968593,0.10355501334556694,4.6443908991413725,2.301584592660462,0.09605769230769232,0.0,0,Technic
8261,Technic,Rally Truck,2009,198,0.0,28.13,21.92,19.99,4,30.53,6.4500000000000455,9.75,0.05438950791365493,0.04439065070874593,5.288267030694535,2.995232148512309,0.10095959595959596,0.0,0,Technic
8262,Technic,Quad-Bike,2009,308,0.0,45.4,28.13,39.99,4,40.0,6.4500000000000455,9.75,0.019866497241517234,2.5644560119664206e-05,5.730099782973574,3.688629422858727,0.12983766233766234,0.0,0,Technic
8263,Technic,Snow Groomer,2009,590,0.0,192.13,105.07,49.99,3,126.2,6.4500000000000455,9.75,0.23212006584511635,0.09963573035351336,6.380122536899765,3.911822985425479,0.08472881355932203,0.0,0,Technic
8264,Technic,Hauler,2009,575,0.0,157.06,91.93,69.99,3,144.8,6.4500000000000455,9.75,0.13350435678136763,0.07741452846934416,6.354370040797351,4.248352374701448,0.12172173913043477,0.0,0,Technic
8265,Technic,Front Loader,2009,1061,0.0,251.33,168.47,79.99,2,118.33,6.4500000000000455,9.75,0.19422624152771384,0.04097899396536242,6.966967138613983,4.3819016268607305,0.07539114043355324,0.0,0,Technic
8270,Technic,Rough Terrain Crane,2007,106,0.0,29.33,19.0,9.99,4,25.89,8.450000000000045,11.75,0.13593799004751772,0.08441908995071401,4.663439094112067,2.301584592660462,0.09424528301886792,0.0,0,Technic
8271,Technic,Wheel Loader,2007,200,0.0,27.33,19.0,19.99,4,144.13,8.450000000000045,11.75,0.0377056514722649,0.1830859742888855,5.298317366548036,2.995232148512309,0.09995,0.0,0,Technic
8272,Technic,Snowmobile,2007,331,0.0,99.07,45.0,29.99,4,65.07,8.450000000000045,11.75,0.15190339651422113,0.06814486420217158,5.802118375377063,3.4008639927609177,0.09060422960725074,0.0,0,Technic
8273,Technic,Off Road Truck,2007,805,0.0,111.39,64.0,49.99,2,68.13,8.450000000000045,11.75,0.09945905699248025,0.026698671784619377,6.690842277418564,3.911822985425479,0.06209937888198758,0.0,0,Technic
8274,Technic,Combine Harvester,2007,1025,0.0,250.53,136.47,69.99,2,274.0,8.450000000000045,11.75,0.1628970574131674,0.12316559894558976,6.932447891572509,4.248352374701448,0.06828292682926829,0.0,0,Technic
8275,Technic,Motorized Bulldozer,2007,1384,0.0,812.87,327.93,149.99,1,531.47,8.450000000000045,11.75,0.2214031296337431,0.11367596455719964,7.232733136177615,5.010568625207268,0.1083742774566474,0.0,0,Technic
8281,Technic,Mini Tractor,2006,121,0.0,33.93,17.33,9.99,4,32.27,9.450000000000045,12.75,0.1381314392118953,0.096326421040835,4.795790545596741,2.301584592660462,0.08256198347107438,0.0,0,Technic
8282,Technic,Quad Bike,2006,200,0.0,28.93,15.67,19.99,4,25.67,9.450000000000045,12.75,0.039891188806329136,0.019808605826532766,5.298317366548036,2.995232148512309,0.09995,0.0,0,Technic
8283,Technic,Telehandler,2006,323,0.0,59.5,29.8,29.99,4,33.75,9.450000000000045,12.75,0.07519136337473586,0.009307077272707742,5.777652323222656,3.4008639927609177,0.09284829721362228,0.0,0,Technic
8284,Technic,Dune Buggy / Tractor,2006,872,0.0,109.8,79.6,59.99,2,88.9,9.450000000000045,12.75,0.06605659754429505,0.031330530654398725,6.77078942390898,4.094177881665002,0.06879587155963303,0.0,0,Technic
8285,Technic,Tow Truck,2006,1877,0.0,704.6,272.73,119.99,1,285.2,9.450000000000045,12.75,0.20601925543668753,0.07026308571336415,7.537430036586509,4.787408405976297,0.06392647842301545,0.0,0,Technic
8287,Technic,Motor Box,2006,93,0.0,73.8,53.25,29.99,4,120.67,9.450000000000045,12.75,0.09997829583995643,0.11537626811979385,4.532599493153256,3.4008639927609177,0.32247311827956987,0.0,0,Technic
8288,Technic,Crawler Crane,2006,800,0.0,396.07,219.87,49.99,2,201.67,9.450000000000045,12.75,0.24485999084810106,0.11560497942770898,6.684611727667927,3.911822985425479,0.0624875,0.0,0,Technic
8289,Technic,Fire Truck,2006,1036,0.0,155.73,71.13,74.99,2,111.92,9.450000000000045,12.75,0.08039860250586917,0.03190461960527968,6.943122422819428,4.317354771313298,0.07238416988416987,0.0,0,Technic
8290,Technic,Mini Forklift,2008,89,0.0,21.69,9.8,7.99,4,24.0,7.4500000000000455,10.75,0.143448158903428,0.10772996394855894,4.48863636973214,2.0781907597781832,0.0897752808988764,0.0,0,Technic
8291,Technic,Dirt Bike,2008,248,0.0,49.73,30.73,24.99,4,53.73,7.4500000000000455,10.75,0.09676703773162032,0.07380552889314473,5.5134287461649825,3.218475744846861,0.10076612903225805,0.0,0,Technic
8292,Technic,Cherry Picker,2008,726,0.0,186.6,88.8,59.99,2,110.73,7.4500000000000455,10.75,0.1645336724651858,0.05867224913802627,6.587550014824796,4.094177881665002,0.08263085399449036,0.0,0,Technic
8294,Technic,Excavator,2008,720,0.0,174.4,97.2,59.99,2,39.33,7.4500000000000455,10.75,0.15401224912750755,-0.03851230893001889,6.579251212010101,4.094177881665002,0.08331944444444445,0.0,0,Technic
8295,Technic,Telescopic Handler,2008,1182,0.0,208.88,117.2,89.99,2,142.0,7.4500000000000455,10.75,0.11966369958816281,0.043343602579317686,7.074963197966044,4.4996985530458575,0.0761336717428088,0.0,0,Technic
8296,Technic,Dune Buggy,2008,199,0.0,36.4,23.0,19.99,4,28.63,7.4500000000000455,10.75,0.08377234733598882,0.03398067906530167,5.293304824724492,2.995232148512309,0.10045226130653266,0.0,0,Technic
8297,Technic,Off-Roader,2008,1097,0.0,269.27,129.47,119.99,2,159.53,7.4500000000000455,10.75,0.11460209400891741,0.02684933617215912,7.00033446027523,4.787408405976297,0.10938012762078395,0.0,0,Technic
8353,Racers,Slammer Rhino,2003,220,0.0,12.58,10.63,19.99,4,15.0,12.450000000000045,15.75,-0.03651533444093613,-0.018068544950088916,5.393627546352362,2.995232148512309,0.09086363636363635,0.0,0,Other
8354,Racers,Exo Force Bike,2003,101,0.0,9.5,10.0,9.99,4,14.67,12.450000000000045,15.75,-0.0040314337163348535,0.024694911126270203,4.61512051684126,2.301584592660462,0.09891089108910892,0.0,0,Other
8356,Racers,Jungle Monster,2003,116,1.0,17.2,8.6,14.99,4,14.0,12.450000000000045,15.75,0.011107506135435541,-0.004328761405565151,4.7535901911063645,2.7073833121145063,0.1292241379310345,0.8620689655172413,0,Other
8357,Racers,Zonic Strike,2003,107,1.0,16.0,6.71,14.99,4,27.0,12.450000000000045,15.75,0.0052511214013653,0.03806886908171947,4.672828834461906,2.7073833121145063,0.14009345794392525,0.9345794392523364,0,Other
8371,Racers,Extreme Power Bike,2003,98,0.0,10.83,5.77,9.99,4,6.0,12.450000000000045,15.75,0.006505848261873393,-0.0318515529830844,4.584967478670572,2.301584592660462,0.10193877551020408,0.0,0,Other
8401,City,City Mini-Figure Collection,2009,60,4.0,7.97,10.47,9.99,4,17.87,6.4500000000000455,9.75,-0.03441705437030396,0.061459660003865046,4.0943445622221,2.301584592660462,0.1665,6.666666666666667,0,City
8402,City,Sports Car,2009,68,1.0,18.72,10.87,9.99,4,11.13,6.4500000000000455,9.75,0.10226324613200122,0.01114467742610148,4.219507705176107,2.301584592660462,0.14691176470588235,1.4705882352941178,0,City
8403,City,City House,2010,383,3.0,81.88,53.4,39.99,3,49.07,5.4500000000000455,8.75,0.14052751483973336,0.023660535252258086,5.948034989180646,3.688629422858727,0.10441253263707573,0.783289817232376,0,City
8404,City,Public Transport,2010,864,6.0,177.05,109.33,99.99,2,90.4,5.4500000000000455,8.75,0.11052965010394322,-0.011456826499255501,6.761572768804055,4.605070180987758,0.11572916666666666,0.6944444444444444,0,City
8415,Technic,Dump Truck,2005,284,0.0,53.69,30.5,29.99,4,58.3,10.450000000000045,13.75,0.0573105795454365,0.04953225042953213,5.648974238161206,3.4008639927609177,0.10559859154929577,0.0,0,Technic
8416,Technic,Fork-Lift,2005,729,0.0,177.56,79.0,69.99,2,123.6,10.450000000000045,13.75,0.09317545043121012,0.04222710113705075,6.591673732008658,4.248352374701448,0.09600823045267488,0.0,0,Technic
8418,Technic,Mini Loader,2005,66,0.0,12.17,8.53,5.99,4,25.75,10.450000000000045,13.75,0.07018940351771308,0.11189006076912844,4.189654742026425,1.7900914121273581,0.09075757575757576,0.0,0,Technic
8419,Technic,Excavator,2005,286,0.0,50.87,32.6,19.99,4,40.0,10.450000000000045,13.75,0.09349822073200875,0.051741200341717475,5.655991810819852,2.995232148512309,0.06989510489510489,0.0,0,Technic
8420,Technic,Street Bike,2005,506,0.0,161.4,65.07,49.99,3,91.6,10.450000000000045,13.75,0.1186908489762637,0.04502858488576855,6.226536669287466,3.911822985425479,0.09879446640316206,0.0,0,Technic
8421,Technic,Mobile Crane,2005,1884,0.0,450.6,224.4,149.99,1,165.71,10.450000000000045,13.75,0.1110041533850552,0.007275110319742151,7.5411524551363085,5.010568625207268,0.07961252653927814,0.0,0,Technic
8423,Cars,World Grand Prix Racing Rivalry,2011,136,0.0,28.8,19.0,14.99,4,31.87,4.4500000000000455,7.75,0.15805258943674394,0.10222039475641376,4.912654885736052,2.7073833121145063,0.11022058823529413,0.0,1,Cars
8424,Cars,Mater’s Spy Zone,2011,114,0.0,22.19,8.5,14.99,4,16.67,4.4500000000000455,7.75,0.09214970523886867,0.013801127603055852,4.736198448394496,2.7073833121145063,0.13149122807017544,0.0,1,Cars
8426,Cars,Escape at Sea,2011,159,0.0,29.0,13.4,15.99,4,21.47,4.4500000000000455,7.75,0.14314420451111354,0.038757112357868495,5.0689042022202315,2.771963526845863,0.10056603773584906,0.0,1,Cars
8430,Technic,Mag Wheel Master,2002,318,0.0,47.0,18.3,34.99,4,35.0,13.450000000000045,16.75,0.022181866138706985,1.7060152079029223e-05,5.762051382780177,3.5550623063795967,0.11003144654088051,0.0,0,Technic
8431,Technic,Pneumatic Crane Truck,2002,862,0.0,161.5,103.88,84.99,2,135.0,13.450000000000045,16.75,0.04888765457020727,0.02801148470374093,6.759255270663693,4.442533602510535,0.09859628770301623,0.0,0,Technic
8433,Technic,Cool Movers,2004,215,0.0,30.8,8.71,12.99,4,37.33,11.450000000000045,14.75,0.07831584841655004,0.07419042579113722,5.3706380281276624,2.5641798306825083,0.06041860465116279,0.0,0,Technic
8434,Technic,Aircraft,2004,445,0.0,76.45,40.87,34.99,3,39.0,11.450000000000045,14.75,0.07064341765683002,0.007383008439589389,6.09807428216624,3.5550623063795967,0.07862921348314607,0.0,0,Technic
8435,Technic,4WD,2004,763,0.0,75.53,47.87,49.99,2,82.93,11.450000000000045,14.75,0.036701744914927836,0.03491249174503386,6.637258031284457,3.911822985425479,0.06551769331585845,0.0,0,Technic
8436,Technic,Truck,2004,1027,0.0,180.0,90.73,89.99,2,123.47,11.450000000000045,14.75,0.06241707980123956,0.02167562051726568,6.934397209928558,4.4996985530458575,0.08762414800389483,0.0,0,Technic
8438,Technic,Pneumatic Crane Truck,2003,848,0.0,66.0,107.33,84.99,2,86.67,12.450000000000045,15.75,-0.020106664981389688,0.001243578993463057,6.742880635791903,4.442533602510535,0.10022405660377358,0.0,0,Technic
8441,Technic,Fork-Lift Truck,2003,70,0.0,20.0,9.6,5.99,4,27.8,12.450000000000045,15.75,0.10168257349556775,0.10236381901749025,4.248495242049359,1.7900914121273581,0.08557142857142858,0.0,0,Technic
8451,Technic,Dump Truck,2003,183,0.0,40.18,22.87,19.99,4,36.93,12.450000000000045,15.75,0.05767730055254905,0.039740253528749214,5.209486152841421,2.995232148512309,0.10923497267759562,0.0,0,Technic
8453,Technic,Front-End Loader,2003,214,0.0,34.53,17.4,19.99,4,36.6,12.450000000000045,15.75,0.0448813333025464,0.03914787018598331,5.365976015021851,2.995232148512309,0.09341121495327102,0.0,0,Technic
8454,Technic,Rescue Truck,2003,639,0.0,92.64,55.6,69.99,3,60.0,12.450000000000045,15.75,0.022775049070310027,-0.00973062193305163,6.459904454377535,4.248352374701448,0.10953051643192488,0.0,0,Technic
8455,Technic,Back-Hoe,2003,704,0.0,231.53,170.4,99.99,2,201.67,12.450000000000045,15.75,0.06976704040740578,0.04555061596793486,6.556778356158042,4.605070180987758,0.14203125,0.0,0,Technic
8457,Technic,Power Puller,2000,979,1.0,292.29,229.27,99.99,2,211.38,15.450000000000045,18.75,0.07189583102932384,0.040732357222363014,6.88653164253051,4.605070180987758,0.10213483146067415,0.10214504596527069,0,Technic
8458,Technic,Silver Champion,2000,1431,0.0,414.2,178.53,169.99,1,209.14,15.450000000000045,18.75,0.059338458237464975,0.011115416775506981,7.266128779556451,5.135739611790679,0.11879105520614955,0.0,0,Technic
8461,Racers,Williams F1 Team Racer,2002,1484,0.0,399.93,273.73,129.99,1,199.0,13.450000000000045,16.75,0.0871464015146528,0.025749658508402495,7.302496423727326,4.867457524419928,0.08759433962264151,0.0,0,Other
8464,Technic,Pneumatic Front-End Loader,2001,591,0.0,256.99,95.6,69.99,3,15.0,14.450000000000045,17.75,0.09418827702914245,-0.0831190010140751,6.3818160174060985,4.248352374701448,0.11842639593908628,0.0,0,Technic
8465,Technic,Extreme Off-Roader,2001,365,0.0,73.3,33.0,39.99,3,71.0,14.450000000000045,17.75,0.04282455924444273,0.03286952021909717,5.8998973535824915,3.688629422858727,0.10956164383561644,0.0,0,Technic
8466,Technic,4X4 Off-Roader,2001,1102,0.0,295.87,209.53,119.99,2,129.2,14.450000000000045,17.75,0.06444928425554375,0.004175068054218967,7.004881989712859,4.787408405976297,0.10888384754990925,0.0,0,Technic
8484,Cars,Ultimate Build Lightning McQueen,2011,242,0.0,41.85,17.4,29.99,4,59.87,4.4500000000000455,7.75,0.07775767142851286,0.0933009239975251,5.488937726156687,3.4008639927609177,0.12392561983471073,0.0,1,Cars
8486,Cars,Mack’s Team Truck,2011,374,0.0,123.33,55.4,39.99,3,95.73,4.4500000000000455,7.75,0.28799449302552493,0.11922060606809137,5.924255797414532,3.688629422858727,0.10692513368983958,0.0,1,Cars
8487,Cars,Flo’s V8 Cafe,2011,517,0.0,93.38,50.6,59.99,3,102.07,4.4500000000000455,7.75,0.10455003811586949,0.07098436170272016,6.248042874508429,4.094177881665002,0.1160348162475822,0.0,1,Cars
850425,Miscellaneous,Desk Business Card Holder,2012,150,2.0,23.75,0.0,14.99,4,48.07,3.4500000000000455,6.75,0.1426967942930628,0.1884302621019769,5.0106352940962555,2.7073833121145063,0.09993333333333333,1.3333333333333333,0,Other
850426,Miscellaneous,Pencil Holder,2012,155,1.0,22.39,0.0,14.99,4,32.47,3.4500000000000455,6.75,0.12333155760339576,0.12132232160547152,5.043425116919247,2.7073833121145063,0.09670967741935484,0.6451612903225806,0,Other
850445,Ninjago,Ninjago Character Card Shrine,2012,88,1.0,17.1,0.0,14.99,4,19.33,3.4500000000000455,6.75,0.03891043741957945,0.03838888980614308,4.477336814478207,2.7073833121145063,0.1703409090909091,1.1363636363636365,0,Ninjago
850581,Friends,Brick Calendar,2013,140,0.0,25.71,0.0,14.99,4,29.27,2.4500000000000455,5.75,0.2463293838427718,0.1234216734614304,4.941642422609304,2.7073833121145063,0.10707142857142857,0.0,0,Friends
850632,Ninjago,Samurai Accessory Set,2013,36,4.0,26.39,0.0,14.99,4,34.87,2.4500000000000455,5.75,0.25968021763589233,0.1581512282516515,3.58351893845611,2.7073833121145063,0.4163888888888889,11.11111111111111,0,Ninjago
850702,Miscellaneous,Classic Picture Frame,2013,55,0.0,21.58,0.0,14.99,4,28.27,2.4500000000000455,5.75,0.16035735168651977,0.11665045683733855,4.007333185232471,2.7073833121145063,0.27254545454545454,0.0,0,Other
850839,Pirates,Classic Pirate Set,2013,39,4.0,19.28,0.0,14.99,4,24.8,2.4500000000000455,5.75,0.10819056329319654,0.09150591941250807,3.6635616461296463,2.7073833121145063,0.38435897435897437,10.256410256410257,0,Pirates
850843,Seasonal,Christmas Bauble - Dinosaur,2013,25,0.0,9.76,0.0,7.99,4,19.17,2.4500000000000455,5.75,0.08510215978029678,0.1643942657320605,3.2188758248682006,2.0781907597781832,0.3196,0.0,0,Seasonal
850849,Seasonal,Christmas Bauble - Friends puppy,2013,29,0.0,13.61,0.0,7.99,4,14.47,2.4500000000000455,5.75,0.24283305154898716,0.1088069944303387,3.367295829986474,2.0781907597781832,0.27551724137931033,0.0,0,Seasonal
850888,Castle,Knight Accessory Set,2014,32,4.0,26.14,0.0,14.99,4,39.27,1.4500000000000455,4.75,0.46742004937477044,0.2247701206617052,3.4657359027997265,2.7073833121145063,0.4684375,12.5,0,Castle
850889,Castle,Dragon Accessory Set,2014,42,4.0,25.2,0.0,14.99,4,29.33,1.4500000000000455,4.75,0.4308214880330825,0.15178287454543793,3.7376696182833684,2.7073833121145063,0.3569047619047619,9.523809523809524,0,Castle
8509,Technic,Swamp,2000,45,0.0,11.56,8.87,5.99,4,15.33,15.450000000000045,18.75,0.04347241256828238,0.051395589986032775,3.8066624897703196,1.7900914121273581,0.13311111111111112,0.0,0,Technic
850932,City,Polar Accessory Set,2014,42,2.0,32.35,0.0,14.99,4,37.53,1.4500000000000455,4.75,0.6997886794434514,0.2131400288122205,3.7376696182833684,2.7073833121145063,0.3569047619047619,4.761904761904762,0,City
850935,Miscellaneous,Classic Minifigure Graduation Set,2014,30,1.0,16.0,0.0,7.99,4,29.67,1.4500000000000455,4.75,0.6142898627829521,0.3181102596522616,3.4011973816621555,2.0781907597781832,0.26633333333333337,3.3333333333333335,0,Other
850936,Seasonal,Halloween Set,2014,11,0.0,14.63,0.0,7.99,4,20.47,1.4500000000000455,4.75,0.5176468399059557,0.21903159176292086,2.3978952727983707,2.0781907597781832,0.7263636363636364,0.0,0,Seasonal
850939,Seasonal,Santa Set,2014,27,0.0,12.54,0.0,7.99,4,11.13,1.4500000000000455,4.75,0.3645847773580799,0.07227189546442281,3.295836866004329,2.0781907597781832,0.2959259259259259,0.0,0,Seasonal
850949,Seasonal,{holiday bauble},2014,45,0.0,13.0,0.0,7.99,4,14.8,1.4500000000000455,4.75,0.39891310930573587,0.1385734152471605,3.8066624897703196,2.0781907597781832,0.17755555555555555,0.0,0,Seasonal
850950,Seasonal,{holiday bauble},2014,34,0.0,14.4,0.0,7.99,4,22.78,1.4500000000000455,4.75,0.5011518627745237,0.24678318036499114,3.5263605246161616,2.0781907597781832,0.23500000000000001,0.0,0,Seasonal
8510,Technic,Lava,2000,35,0.0,10.25,6.73,5.99,4,16.2,15.450000000000045,18.75,0.03538085966552762,0.054495434027584944,3.5553480614894135,1.7900914121273581,0.17114285714285715,0.0,0,Technic
8511,Technic,Frost,2000,44,0.0,10.88,7.27,5.99,4,11.5,15.450000000000045,18.75,0.03938592916229977,0.03539911068210455,3.784189633918261,1.7900914121273581,0.13613636363636364,0.0,0,Technic
8512,Technic,Onyx,2000,37,0.0,8.25,8.07,5.99,4,16.33,15.450000000000045,18.75,0.020936003336754272,0.05494503536662654,3.6109179126442243,1.7900914121273581,0.1618918918918919,0.0,0,Technic
8513,Technic,Dust,2000,46,0.0,14.25,7.4,5.99,4,13.67,15.450000000000045,18.75,0.05769800588487506,0.0449886102333219,3.828641396489095,1.7900914121273581,0.13021739130434784,0.0,0,Technic
8514,Technic,Power,2000,32,0.0,8.08,8.27,5.99,4,13.67,15.450000000000045,18.75,0.019561056677885658,0.0449886102333219,3.4657359027997265,1.7900914121273581,0.1871875,0.0,0,Technic
8521,Technic,Flare,2000,44,0.0,28.5,13.73,5.99,4,11.67,15.450000000000045,18.75,0.10623100790867102,0.03620976770649076,3.784189633918261,1.7900914121273581,0.13613636363636364,0.0,0,Technic
8522,Technic,Spark,2000,35,0.0,15.0,7.86,5.99,4,20.25,15.450000000000045,18.75,0.061215350439527416,0.0671199461019314,3.5553480614894135,1.7900914121273581,0.17114285714285715,0.0,0,Technic
852271,Castle,Knights Battle Pack,2008,35,5.0,37.21,8.0,12.99,4,42.5,7.4500000000000455,10.75,0.1517257132749923,0.11657137810575646,3.5553480614894135,2.5641798306825083,0.37114285714285716,14.285714285714286,0,Castle
852272,Castle,Skeletons Battle Pack,2008,43,5.0,39.84,15.5,12.99,4,14.27,7.4500000000000455,10.75,0.16233208258449117,0.008780613853244468,3.7612001156935624,2.5641798306825083,0.30209302325581394,11.627906976744185,0,Castle
8523,Technic,Blaster,2000,88,0.0,14.2,5.53,14.99,4,25.53,15.450000000000045,18.75,-0.003498161463530658,0.028805529320543588,4.477336814478207,2.7073833121145063,0.1703409090909091,0.0,0,Technic
852701,Castle,Troll Warrior Battle Pack,2009,36,5.0,37.12,27.34,14.99,4,39.46,6.4500000000000455,9.75,0.15094678915844773,0.1043668943232805,3.58351893845611,2.7073833121145063,0.4163888888888889,13.88888888888889,0,Castle
852702,Castle,Dwarf Warrior Battle Pack,2009,45,5.0,50.4,37.0,14.99,4,52.33,6.4500000000000455,9.75,0.20683498655779609,0.13680791153900662,3.8066624897703196,2.7073833121145063,0.33311111111111114,11.11111111111111,0,Castle
852747,Pirates,Pirates Battle Pack,2009,37,4.0,23.2,15.0,14.99,4,35.67,6.4500000000000455,9.75,0.07006149506546833,0.09298835794289428,3.6109179126442243,2.7073833121145063,0.40513513513513516,10.81081081081081,0,Pirates
852921,Castle,Kingdoms Battle Pack 1,2010,18,5.0,43.58,20.58,14.99,4,42.07,5.4500000000000455,8.75,0.21630706137884714,0.12517358784025223,2.8903717578961645,2.7073833121145063,0.8327777777777778,27.77777777777778,0,Castle
852922,Castle,Kingdoms Battle Pack 2,2010,17,5.0,28.38,13.0,14.99,4,36.27,5.4500000000000455,8.75,0.12425378744436322,0.10625864325418344,2.833213344056216,2.7073833121145063,0.881764705882353,29.41176470588235,0,Castle
8531,Bionicle,Pohatu,2001,49,0.0,30.13,16.32,6.99,4,22.38,14.450000000000045,17.75,0.10639843818718009,0.06775662915475622,3.8918202981106265,1.944480556245719,0.1426530612244898,0.0,0,Bionicle
853111,Ninjago,Exclusive Weapon Training Set,2011,26,1.0,30.0,9.0,14.99,4,26.38,4.4500000000000455,7.75,0.16872483992909637,0.07565736684837554,3.258096538021482,2.7073833121145063,0.5765384615384616,3.8461538461538463,0,Ninjago
853195,Miscellaneous,Brick Calendar,2011,120,2.0,34.37,10.42,14.99,4,34.2,4.4500000000000455,7.75,0.20499098442751396,0.11230147382448874,4.787491742782046,2.7073833121145063,0.12491666666666666,1.6666666666666667,0,Other
8532,Bionicle,Onua,2001,30,0.0,28.2,16.2,6.99,4,24.29,14.450000000000045,17.75,0.10134131926243595,0.0726945532506269,3.4011973816621555,1.944480556245719,0.233,0.0,0,Bionicle
853219,Pirates of Caribean,Pirates of Caribbean Battle Pack,2011,30,5.0,19.26,0.0,14.99,4,27.93,4.4500000000000455,7.75,0.05794165955727704,0.08361113328788417,3.4011973816621555,2.7073833121145063,0.49966666666666665,16.666666666666668,1,Other
8533,Bionicle,Gali,2001,35,0.0,26.27,17.8,6.99,4,17.2,14.450000000000045,17.75,0.09595116827720518,0.05203710504836967,3.5553480614894135,1.944480556245719,0.19971428571428573,0.0,0,Bionicle
853301,Space,Alien Conquest Battle Pack,2011,31,5.0,15.09,3.33,14.99,4,14.67,4.4500000000000455,7.75,0.001495265260068157,-0.002780478252551566,3.4339872044851463,2.7073833121145063,0.4835483870967742,16.129032258064516,0,Space
853340,Miscellaneous,Minifigure Wedding Favour Set,2011,24,2.0,13.78,13.0,7.99,4,15.27,4.4500000000000455,7.75,0.13029435640144538,0.08716578313882417,3.1780538303479458,2.0781907597781832,0.3329166666666667,8.333333333333334,0,Other
853345,Seasonal,Gold Ornament,2011,40,0.0,17.45,0.0,7.99,4,12.87,4.4500000000000455,7.75,0.19188856215827288,0.06344192151521155,3.6888794541139363,2.0781907597781832,0.19975,0.0,0,Seasonal
853378,City,LEGO City Accessory Pack,2012,43,4.0,19.22,0.0,14.99,4,22.53,3.4500000000000455,6.75,0.074707704861398,0.06222429657457318,3.7612001156935624,2.7073833121145063,0.3486046511627907,9.30232558139535,0,City
853393,Friends,LEGO Friends Picture Frame,2012,49,0.0,14.9,27.0,14.99,4,10.0,3.4500000000000455,6.75,-0.0017440134273816188,-0.05820731339111984,3.8918202981106265,2.7073833121145063,0.3059183673469388,0.0,0,Friends
8534,Bionicle,Tahu,2001,33,0.0,36.8,19.04,6.99,4,32.6,14.450000000000045,17.75,0.12181655257211288,0.09062517132788117,3.4965075614664802,1.944480556245719,0.21181818181818182,0.0,0,Bionicle
8535,Bionicle,Lewa,2001,36,0.0,38.53,16.79,6.99,4,18.73,14.450000000000045,17.75,0.1253886971891729,0.05710004236700561,3.58351893845611,1.944480556245719,0.19416666666666668,0.0,0,Bionicle
8536,Bionicle,Kopaka,2001,33,0.0,40.69,17.18,6.99,4,51.2,14.450000000000045,17.75,0.12964479110565996,0.11871824323674951,3.4965075614664802,1.944480556245719,0.21181818181818182,0.0,0,Bionicle
8537,Bionicle,Nui-Rama,2001,154,0.0,32.07,24.44,14.99,4,30.85,14.450000000000045,17.75,0.05404207311835241,0.041500191443947454,5.0369526024136295,2.7073833121145063,0.09733766233766233,0.0,0,Bionicle
8538,Bionicle,Muaka & Kane-ra,2001,633,0.0,95.07,59.73,69.99,3,85.33,14.450000000000045,17.75,0.021420738417535112,0.011227274543178511,6.450470422144176,4.248352374701448,0.11056872037914692,0.0,0,Bionicle
8539,Bionicle,Manas,2001,457,0.0,115.2,79.87,89.99,3,138.4,14.450000000000045,17.75,0.017238326406285864,0.02454711456391001,6.124683390894205,4.4996985530458575,0.19691466083150982,0.0,0,Bionicle
8548,Bionicle,Nui-Jaga,2001,226,0.0,40.4,37.65,34.99,4,46.4,14.450000000000045,17.75,0.009998965380240588,0.016027773259242428,5.420534999272286,3.5550623063795967,0.15482300884955752,0.0,0,Bionicle
8549,Bionicle,Tarakava,2001,411,0.0,52.8,46.47,49.99,3,65.2,14.450000000000045,17.75,0.0037918217195702653,0.015077978539985715,6.018593214496234,3.911822985425479,0.1216301703163017,0.0,0,Bionicle
8556,Bionicle,Boxor Vehicle,2002,157,0.0,37.4,29.67,14.99,4,42.4,13.450000000000045,16.75,0.07034043111502686,0.06404270392350009,5.056245805348308,2.7073833121145063,0.09547770700636943,0.0,0,Bionicle
8557,Bionicle,Exo-Toa,2002,378,0.0,61.53,44.07,34.99,3,65.07,13.450000000000045,16.75,0.04286056037079322,0.037733371285954,5.934894195619588,3.5550623063795967,0.09256613756613757,0.0,0,Bionicle
8558,Bionicle,Cahdok and Gahdok,2002,636,0.0,93.2,82.0,59.99,3,99.87,13.450000000000045,16.75,0.03329850966926773,0.030897045126434985,6.455198563340122,4.094177881665002,0.09432389937106919,0.0,0,Bionicle
8560,Bionicle,Pahrak,2002,41,0.0,20.76,11.81,7.99,4,21.93,13.450000000000045,16.75,0.07357223005522218,0.062132304618936374,3.713572066704308,2.0781907597781832,0.1948780487804878,0.0,0,Bionicle
8561,Bionicle,Nuhvok,2002,41,0.0,20.42,11.19,7.99,4,17.0,13.450000000000045,16.75,0.07225495991140574,0.04610733508350462,3.713572066704308,2.0781907597781832,0.1948780487804878,0.0,0,Bionicle
8562,Bionicle,Gahlok,2002,41,0.0,17.38,13.69,7.99,4,12.22,13.450000000000045,16.75,0.0594809671547345,0.025690619506128387,3.713572066704308,2.0781907597781832,0.1948780487804878,0.0,0,Bionicle
8563,Bionicle,Tahnok,2002,41,0.0,27.25,14.55,7.99,4,22.67,13.450000000000045,16.75,0.09550622478821258,0.06423880153300177,3.713572066704308,2.0781907597781832,0.1948780487804878,0.0,0,Bionicle
8564,Bionicle,Lehvak,2002,41,0.0,22.27,12.0,7.99,4,21.56,13.450000000000045,16.75,0.07919120379219424,0.06105386453216077,3.713572066704308,2.0781907597781832,0.1948780487804878,0.0,0,Bionicle
8565,Bionicle,Kohrak,2002,41,0.0,25.33,12.9,7.99,4,30.36,13.450000000000045,16.75,0.08957127183761027,0.08295955658463394,3.713572066704308,2.0781907597781832,0.1948780487804878,0.0,0,Bionicle
8566,Bionicle,Onua Nuva,2002,41,0.0,21.33,12.18,7.99,4,17.1,13.450000000000045,16.75,0.0757364372692968,0.04647370038533882,3.713572066704308,2.0781907597781832,0.1948780487804878,0.0,0,Bionicle
8567,Bionicle,Lewa Nuva,2002,37,0.0,22.27,12.89,7.99,4,12.83,13.450000000000045,16.75,0.07919120379219424,0.028677866944206265,3.6109179126442243,2.0781907597781832,0.21594594594594596,0.0,0,Bionicle
8568,Bionicle,Pohatu Nuva,2002,40,0.0,18.2,13.69,7.99,4,18.5,13.450000000000045,16.75,0.0631186949559146,0.05140164864685426,3.6888794541139363,2.0781907597781832,0.19975,0.0,0,Bionicle
8570,Bionicle,Gali Nuva,2002,44,0.0,17.0,12.56,7.99,4,25.0,13.450000000000045,16.75,0.057741006525967364,0.07047299360961556,3.784189633918261,2.0781907597781832,0.1815909090909091,0.0,0,Bionicle
8571,Bionicle,Kopaka Nuva,2002,42,0.0,20.67,14.8,7.99,4,21.67,13.450000000000045,16.75,0.07322549552194557,0.06137628824825514,3.7376696182833684,2.0781907597781832,0.19023809523809523,0.0,0,Bionicle
8572,Bionicle,Tahu Nuva,2002,36,0.0,42.13,16.87,7.99,4,31.55,13.450000000000045,16.75,0.13157571740537488,0.08544821679844761,3.58351893845611,2.0781907597781832,0.22194444444444444,0.0,0,Bionicle
8573,Bionicle,Nuhvok-Kal,2003,41,0.0,23.53,14.61,7.99,4,19.4,12.450000000000045,15.75,0.09062818946286955,0.05793901089086084,3.713572066704308,2.0781907597781832,0.1948780487804878,0.0,0,Bionicle
8574,Bionicle,Tahnok-Kal,2003,41,0.0,19.21,14.63,7.99,4,16.33,12.450000000000045,15.75,0.07300278761260581,0.04643061811869331,3.713572066704308,2.0781907597781832,0.1948780487804878,0.0,0,Bionicle
8575,Bionicle,Kohrak-Kal,2003,41,0.0,28.71,13.67,7.99,4,15.0,12.450000000000045,15.75,0.10819805242596892,0.040801485663399806,3.713572066704308,2.0781907597781832,0.1948780487804878,0.0,0,Bionicle
8576,Bionicle,Lehvak-Kal,2003,41,0.0,34.88,11.42,7.99,4,20.1,12.450000000000045,15.75,0.12566200602823985,0.06032267624444754,3.713572066704308,2.0781907597781832,0.1948780487804878,0.0,0,Bionicle
8577,Bionicle,Pahrak-Kal,2003,41,0.0,20.21,11.06,7.99,4,20.54,12.450000000000045,15.75,0.0773853031005125,0.061781497290716025,3.713572066704308,2.0781907597781832,0.1948780487804878,0.0,0,Bionicle
8578,Bionicle,Gahlok-Kal,2003,41,0.0,18.8,13.67,7.99,4,23.07,12.450000000000045,15.75,0.07114503408509854,0.06964126020624417,3.713572066704308,2.0781907597781832,0.1948780487804878,0.0,0,Bionicle
8587,Bionicle,Rahkshi Panrahk,2003,45,0.0,18.44,13.27,8.99,4,19.14,12.450000000000045,15.75,0.059400904408695165,0.049148508900708876,3.8066624897703196,2.196112848483529,0.19977777777777778,0.0,0,Bionicle
8588,Bionicle,Rahkshi Kurahk,2003,45,1.0,21.88,12.67,8.99,4,20.87,12.450000000000045,15.75,0.07405647730399778,0.054928516525413196,3.8066624897703196,2.196112848483529,0.19977777777777778,2.2222222222222223,0,Bionicle
8589,Bionicle,Rahkshi Lerahk,2003,45,1.0,22.93,11.93,8.99,4,18.25,12.450000000000045,15.75,0.07810782408825401,0.0459815190150028,3.8066624897703196,2.196112848483529,0.19977777777777778,2.2222222222222223,0,Bionicle
8590,Bionicle,Rahkshi Guurahk,2003,45,1.0,21.36,11.44,8.99,4,18.15,12.450000000000045,15.75,0.07198344101133558,0.04561668324958901,3.8066624897703196,2.196112848483529,0.19977777777777778,2.2222222222222223,0,Bionicle
8591,Bionicle,Rahkshi Vorahk,2003,45,1.0,23.69,11.93,8.99,4,23.47,12.450000000000045,15.75,0.08093512140422776,0.06282199422570445,3.8066624897703196,2.196112848483529,0.19977777777777778,2.2222222222222223,0,Bionicle
8592,Bionicle,Rahkshi Turahk,2003,45,1.0,21.9,11.31,8.99,4,21.73,12.450000000000045,15.75,0.07413530121277101,0.05763669441901542,3.8066624897703196,2.196112848483529,0.19977777777777778,2.2222222222222223,0,Bionicle
8593,Bionicle,Makuta,2003,199,0.0,64.0,42.24,19.99,4,56.53,12.450000000000045,15.75,0.09797320413614186,0.06822938415330948,5.293304824724492,2.995232148512309,0.10045226130653266,0.0,0,Bionicle
8594,Bionicle,Jailer and Gukko,2003,172,0.0,39.33,28.4,19.99,4,36.86,12.450000000000045,15.75,0.0558623923311925,0.03961501187380434,5.147494476813453,2.995232148512309,0.11622093023255813,0.0,0,Bionicle
8595,Bionicle,Takua and Pewku,2003,221,0.0,48.13,35.44,19.99,4,52.53,12.450000000000045,15.75,0.07312632516505402,0.06326355350734403,5.3981627015177525,2.995232148512309,0.0904524886877828,0.0,0,Bionicle
8596,Bionicle,Takanuva,2003,200,0.0,91.2,41.18,29.99,4,58.93,12.450000000000045,15.75,0.09344427843328895,0.043821000639566066,5.298317366548036,3.4008639927609177,0.14995,0.0,0,Bionicle
8601,Bionicle,Vakama,2004,48,0.0,20.63,18.88,7.99,4,,11.450000000000045,14.75,0.08637154013127946,,3.871201010907891,2.0781907597781832,0.16645833333333335,0.0,0,Bionicle
8602,Bionicle,Nokama,2004,46,0.0,12.87,11.68,7.99,4,21.17,11.450000000000045,14.75,0.042512754689493004,0.06829148809585206,3.828641396489095,2.0781907597781832,0.17369565217391306,0.0,0,Bionicle
8603,Bionicle,Whenua,2004,49,0.0,21.36,12.94,7.99,4,20.0,11.450000000000045,14.75,0.08967586909916103,0.06418176098537254,3.8918202981106265,2.0781907597781832,0.16306122448979593,0.0,0,Bionicle
8604,Bionicle,Onewa,2004,44,0.0,11.07,11.76,7.99,4,,11.450000000000045,14.75,0.028885118427505407,,3.784189633918261,2.0781907597781832,0.1815909090909091,0.0,0,Bionicle
8605,Bionicle,Matau,2004,46,0.0,28.29,12.58,7.99,4,16.5,11.450000000000045,14.75,0.1167478469882226,0.050392645234135,3.828641396489095,2.0781907597781832,0.17369565217391306,0.0,0,Bionicle
8606,Bionicle,Nuju,2004,48,0.0,17.47,15.12,7.99,4,44.0,11.450000000000045,14.75,0.07071071961057607,0.12261517439194924,3.871201010907891,2.0781907597781832,0.16645833333333335,0.0,0,Bionicle
8614,Bionicle,Nuurakh,2004,32,0.0,16.06,9.27,8.99,4,16.87,11.450000000000045,14.75,0.05198003526200279,0.04359639179906516,3.4657359027997265,2.196112848483529,0.2809375,0.0,0,Bionicle
8615,Bionicle,Bordakh,2004,32,0.0,17.27,9.81,8.99,4,13.13,11.450000000000045,14.75,0.05867504608513663,0.026013047692941882,3.4657359027997265,2.196112848483529,0.2809375,0.0,0,Bionicle
8616,Bionicle,Vorzakh,2004,32,0.0,17.75,9.56,8.99,4,17.27,11.450000000000045,14.75,0.061212858380213175,0.04525571860820121,3.4657359027997265,2.196112848483529,0.2809375,0.0,0,Bionicle
8617,Bionicle,Zadakh,2004,32,0.0,12.13,10.69,8.99,4,17.53,11.450000000000045,14.75,0.02650848200566247,0.04631517410081165,3.4657359027997265,2.196112848483529,0.2809375,0.0,0,Bionicle
8618,Bionicle,Rorzakh,2004,32,0.0,19.48,10.88,8.99,4,17.8,11.450000000000045,14.75,0.06986767625565049,0.04739998520017208,3.4657359027997265,2.196112848483529,0.2809375,0.0,0,Bionicle
8619,Bionicle,Keerakh,2004,32,0.0,16.82,10.12,8.99,4,25.31,11.450000000000045,14.75,0.05623668899254142,0.07269628485798818,3.4657359027997265,2.196112848483529,0.2809375,0.0,0,Bionicle
8621,Bionicle,Turaga Dume and Nivawk,2004,180,0.0,28.87,22.53,19.99,4,37.87,11.450000000000045,14.75,0.032623093072692955,0.04426897073094893,5.19295685089021,2.995232148512309,0.11105555555555555,0.0,0,Bionicle
8622,Bionicle,Nidhiki,2004,170,0.0,39.0,23.19,19.99,4,45.36,11.450000000000045,14.75,0.06010651448428739,0.05712445272355571,5.135798437050262,2.995232148512309,0.11758823529411763,0.0,0,Bionicle
8623,Bionicle,Krekka,2004,214,0.0,42.93,29.47,19.99,4,51.0,11.450000000000045,14.75,0.06903297116036033,0.06555720906174067,5.365976015021851,2.995232148512309,0.09341121495327102,0.0,0,Bionicle
8624,Bionicle,Race for the Mask of Life,2006,507,8.0,36.31,7.33,49.99,3,70.13,9.450000000000045,12.75,-0.033267877724954875,0.026906813648386763,6.2285110035911835,3.911822985425479,0.09859960552268245,1.5779092702169626,0,Bionicle
8625,Bionicle,Umbra,2006,179,0.0,89.75,42.87,24.99,4,72.4,9.450000000000045,12.75,0.14487623313631115,0.08700895613013282,5.187385805840755,3.218475744846861,0.13960893854748602,0.0,0,Bionicle
8626,Bionicle,Irnakk,2006,132,0.0,110.53,79.0,24.99,4,89.82,9.450000000000045,12.75,0.17038706859261543,0.10554647325242694,4.882801922586371,3.218475744846861,0.1893181818181818,0.0,0,Bionicle
8630,Agents,Gold Hunt,2008,352,3.0,60.8,23.67,29.99,3,25.08,7.4500000000000455,10.75,0.09950768769645091,-0.016494385763536568,5.863631175598097,3.4008639927609177,0.08519886363636363,0.8522727272727273,0,Agents
8631,Agents,Jetpack Pursuit,2008,88,2.0,31.87,14.4,9.99,4,15.71,7.4500000000000455,10.75,0.16849372886441327,0.043012149071242956,4.477336814478207,2.301584592660462,0.11352272727272728,2.272727272727273,0,Agents
8632,Agents,Swamp Raid,2008,231,2.0,43.33,23.2,19.99,4,22.69,7.4500000000000455,10.75,0.10942369061567603,0.011855036768637861,5.442417710521793,2.995232148512309,0.08653679653679654,0.8658008658008658,0,Agents
8633,Agents,Speedboat Rescue,2008,340,3.0,88.13,27.0,39.99,3,37.47,7.4500000000000455,10.75,0.1118940464236835,-0.006036479828997687,5.8289456176102075,3.688629422858727,0.11761764705882354,0.8823529411764706,0,Agents
8634,Agents,Turbocar Chase,2008,498,3.0,109.6,62.73,49.99,3,55.07,7.4500000000000455,10.75,0.11112282592866518,0.009043636495974727,6.210600077024653,3.911822985425479,0.10038152610441768,0.6024096385542169,0,Agents
8635,Agents,Mobile Command Center,2008,1154,7.0,230.35,118.2,89.99,2,78.93,7.4500000000000455,10.75,0.13446508996425077,-0.012124702641568952,7.050989447068045,4.4996985530458575,0.07798093587521664,0.6065857885615251,0,Agents
8636,Agents,Deep Sea Quest,2008,520,4.0,46.42,54.2,49.99,3,44.55,7.4500000000000455,10.75,-0.009896022277800176,-0.01066006115185869,6.253828811575473,3.911822985425479,0.09613461538461539,0.7692307692307693,0,Agents
8637,Agents,Volcano Base,2008,718,6.0,229.53,137.67,69.99,2,89.17,7.4500000000000455,10.75,0.1728308043808191,0.022785221148204915,6.576469569048224,4.248352374701448,0.09747910863509748,0.8356545961002786,0,Agents
8638,Cars,Spy Jet Escape,2011,339,0.0,50.35,27.6,49.99,4,55.53,4.4500000000000455,7.75,0.0016138027442089697,0.013653717925197872,5.82600010738045,3.911822985425479,0.1474631268436578,0.0,1,Cars
8639,Cars,Big Bentley Bust Out,2011,743,0.0,50.83,30.8,69.99,2,87.47,4.4500000000000455,7.75,-0.06935735917140784,0.02918466724972335,6.610696044717759,4.248352374701448,0.09419919246298789,0.0,1,Cars
8653,Racers,Enzo Ferrari 1:10,2005,1360,0.0,437.47,153.47,99.99,1,247.17,10.450000000000045,13.75,0.1516988134565871,0.06803299165951304,7.215239978730097,4.605070180987758,0.07352205882352941,0.0,0,Other
8674,Racers,Ferrari F1 Racer 1:8,2006,1246,0.0,527.27,217.8,139.99,1,228.43,9.450000000000045,12.75,0.1506562840223895,0.03915160292666453,7.1276936993473985,4.941570991486734,0.11235152487961478,0.0,0,Other
8677,Cars,Ultimate Build Mater,2011,288,0.0,31.38,15.73,29.99,4,44.73,4.4500000000000455,7.75,0.010233298866392238,0.05293823048897539,5.662960480135946,3.4008639927609177,0.10413194444444444,0.0,1,Cars
8678,Cars,Ultimate Build Francesco,2011,196,0.0,27.4,14.87,29.99,4,26.13,4.4500000000000455,7.75,-0.02009225479625054,-0.01762095606856129,5.278114659230517,3.4008639927609177,0.15301020408163266,0.0,1,Cars
8679,Cars,Tokyo International Circuit (TRU Exclusive),2011,842,0.0,97.71,56.42,89.99,2,71.0,4.4500000000000455,7.75,0.018667688121893233,-0.030120124620391264,6.7357800142423265,4.4996985530458575,0.10687648456057007,0.0,1,Cars
8685,Bionicle,Toa Kopaka,2008,54,0.0,21.33,17.87,9.99,4,26.38,7.4500000000000455,10.75,0.10717984186234242,0.09453277912004965,3.9889840465642745,2.301584592660462,0.185,0.0,0,Bionicle
8686,Bionicle,Toa Lewa,2008,52,0.0,33.0,20.89,9.99,4,25.67,7.4500000000000455,10.75,0.17397138222072184,0.09175841243328797,3.9512437185814275,2.301584592660462,0.19211538461538463,0.0,0,Bionicle
8687,Bionicle,Toa Pohatu,2007,68,0.0,26.67,17.27,9.99,4,28.38,8.450000000000045,11.75,0.12322910013461907,0.09292717802548012,4.219507705176107,2.301584592660462,0.14691176470588235,0.0,0,Bionicle
8688,Bionicle,Toa Gali,2008,60,0.0,16.53,15.5,12.99,4,29.27,7.4500000000000455,10.75,0.03287750519744281,0.07849929886639884,4.0943445622221,2.5641798306825083,0.2165,0.0,0,Bionicle
8689,Bionicle,Toa Tahu,2008,73,0.0,22.87,18.47,12.99,4,29.25,7.4500000000000455,10.75,0.07888236856002107,0.07843072584479738,4.290459441148391,2.5641798306825083,0.17794520547945206,0.0,0,Bionicle
8690,Bionicle,Toa Onua,2008,62,0.0,18.07,15.87,12.99,4,28.47,7.4500000000000455,10.75,0.045301266781670346,0.07572263864064444,4.127134385045092,2.5641798306825083,0.20951612903225808,0.0,0,Bionicle
8691,Bionicle,Antroz,2008,53,0.0,26.73,18.53,9.99,4,28.22,7.4500000000000455,10.75,0.1412311577632479,0.10141934402395947,3.970291913552122,2.301584592660462,0.18849056603773584,0.0,0,Bionicle
8692,Bionicle,Vamprah,2008,49,0.0,24.73,16.8,9.99,4,24.5,7.4500000000000455,10.75,0.12937997839578297,0.08703096602697924,3.8918202981106265,2.301584592660462,0.20387755102040817,0.0,0,Bionicle
8693,Bionicle,Chirox,2008,49,0.0,25.6,16.83,9.99,4,27.92,7.4500000000000455,10.75,0.13463358508243783,0.1003248551750433,3.8918202981106265,2.301584592660462,0.20387755102040817,0.0,0,Bionicle
8694,Bionicle,Krika,2008,40,0.0,17.53,15.38,12.99,4,18.8,7.4500000000000455,10.75,0.04105303443021513,0.03498668487728129,3.6888794541139363,2.5641798306825083,0.32475,0.0,0,Bionicle
8695,Bionicle,Gorast,2008,51,0.0,14.27,12.0,12.99,4,20.27,7.4500000000000455,10.75,0.012694612613894485,0.04226041030285077,3.9318256327243257,2.5641798306825083,0.25470588235294117,0.0,0,Bionicle
8696,Bionicle,Bitil,2008,54,0.0,15.75,14.07,12.99,4,28.8,7.4500000000000455,10.75,0.02619775766900978,0.07687648030181982,3.9889840465642745,2.5641798306825083,0.24055555555555555,0.0,0,Bionicle
8697,Bionicle,Toa Ignika,2008,140,0.0,45.4,31.88,19.99,4,46.07,7.4500000000000455,10.75,0.11639494213035251,0.08076366794012069,4.941642422609304,2.995232148512309,0.14278571428571427,0.0,0,Bionicle
8698,Bionicle,Vultraz,2008,133,0.0,27.53,19.67,19.99,4,26.07,7.4500000000000455,10.75,0.04389504111867293,0.025010249487409597,4.890349128221754,2.995232148512309,0.15030075187969924,0.0,0,Bionicle
8699,Bionicle,Takanuva,2008,267,0.0,50.6,40.6,29.99,4,71.53,7.4500000000000455,10.75,0.07273675545031044,0.08421989702110699,5.58724865840025,3.4008639927609177,0.11232209737827714,0.0,0,Bionicle
8701,Castle,King Jayko,2006,130,0.0,18.07,9.27,19.99,4,28.38,9.450000000000045,12.75,-0.010628724757474561,0.027867710439605675,4.867534450455582,2.995232148512309,0.15376923076923077,0.0,0,Castle
8702,Castle,Lord Vladek,2006,112,0.0,18.31,14.92,19.99,4,25.67,9.450000000000045,12.75,-0.009246382603830927,0.019808605826532766,4.718498871295094,2.995232148512309,0.17848214285714284,0.0,0,Castle
8703,Castle,Sir Kentis,2006,43,0.0,21.33,10.87,9.99,4,13.25,9.450000000000045,12.75,0.08357712248832017,0.022397169407110562,3.7612001156935624,2.301584592660462,0.23232558139534884,0.0,0,Castle
8704,Castle,Sir Adric,2006,40,0.0,11.93,6.2,9.99,4,11.0,9.450000000000045,12.75,0.01895752269779205,0.0075823805934494,3.6888794541139363,2.301584592660462,0.24975,0.0,0,Castle
8705,Castle,Dracus,2006,38,0.0,13.87,8.27,9.99,4,21.4,9.450000000000045,12.75,0.03533411897245098,0.06157060681863746,3.6375861597263857,2.301584592660462,0.2628947368421053,0.0,0,Castle
8706,Castle,Karzon,2006,44,0.0,13.82,9.27,9.99,4,10.0,9.450000000000045,12.75,0.034938530842586246,7.84736932979424e-05,3.784189633918261,2.301584592660462,0.22704545454545455,0.0,0,Castle
8707,Power miners,Boulder Blaster,2009,293,2.0,71.93,33.4,26.99,4,41.8,6.4500000000000455,9.75,0.16412901151928216,0.04588624402903507,5.680172609017068,3.2954664270299134,0.09211604095563139,0.6825938566552902,0,Other
8708,Power miners,Cave Crusher,2009,259,3.0,111.13,57.4,49.99,4,64.25,6.4500000000000455,9.75,0.1318540133883941,0.026073475548495706,5.556828061699537,3.911822985425479,0.19301158301158303,1.1583011583011582,0,Other
8709,Power miners,Underground Mining Station,2009,637,4.0,161.2,83.93,79.99,3,64.0,6.4500000000000455,9.75,0.11476376457253701,-0.022614077022597878,6.456769655572163,4.3819016268607305,0.12557299843014127,0.6279434850863422,0,Other
8715,Bionicle,Bionicle Exclusive Accessories,2005,401,0.0,109.93,107.29,19.99,3,,10.450000000000045,13.75,0.1771788044498781,,5.993961427306569,2.995232148512309,0.0498503740648379,0.0,0,Bionicle
8727,Bionicle,Toa Jailer,2006,46,0.0,36.8,19.47,9.99,4,33.73,9.450000000000045,12.75,0.14795286462028723,0.10013789807805562,3.828641396489095,2.301584592660462,0.21717391304347827,0.0,0,Bionicle
8728,Bionicle,Toa Hahli,2006,46,0.0,30.6,17.4,9.99,4,28.93,9.450000000000045,12.75,0.12575808022317903,0.08697178291657037,3.828641396489095,2.301584592660462,0.21717391304347827,0.0,0,Bionicle
8729,Bionicle,Toa Nuparu,2006,54,0.0,40.93,18.07,9.99,4,19.63,9.450000000000045,12.75,0.16094675581733853,0.054406854437687224,3.9889840465642745,2.301584592660462,0.185,0.0,0,Bionicle
8730,Bionicle,Toa Hewkii,2006,62,0.0,21.93,17.47,9.99,4,28.6,9.450000000000045,12.75,0.08676270020149102,0.0859941697620974,4.127134385045092,2.301584592660462,0.16112903225806452,0.0,0,Bionicle
8731,Bionicle,Toa Kongu,2006,46,0.0,29.0,18.47,9.99,4,29.53,9.450000000000045,12.75,0.11937856194050633,0.08872322356839524,3.828641396489095,2.301584592660462,0.21717391304347827,0.0,0,Bionicle
8732,Bionicle,Toa Matoro,2006,46,0.0,26.07,17.19,9.99,4,35.33,9.450000000000045,12.75,0.10683292092514507,0.10414405183261133,3.828641396489095,2.301584592660462,0.21717391304347827,0.0,0,Bionicle
8733,Bionicle,Axonn,2006,196,0.0,84.2,52.81,19.99,4,68.73,9.450000000000045,12.75,0.16435277276215543,0.10170514207635861,5.278114659230517,2.995232148512309,0.10198979591836733,0.0,0,Bionicle
8734,Bionicle,Brutaka,2006,193,0.0,94.27,49.79,19.99,4,66.93,9.450000000000045,12.75,0.17835531736870025,0.09941438274097147,5.262690188904886,2.995232148512309,0.10357512953367874,0.0,0,Bionicle
8736,Bionicle,Toa Hordika Vakama,2005,48,0.0,27.77,13.73,8.99,4,19.0,10.450000000000045,13.75,0.11396709474963695,0.05593192537076641,3.871201010907891,2.196112848483529,0.18729166666666666,0.0,0,Bionicle
8737,Bionicle,Toa Hordika Nokama,2005,48,0.0,21.56,11.83,8.99,4,24.0,10.450000000000045,13.75,0.08730909442144519,0.07402566192929849,3.871201010907891,2.196112848483529,0.18729166666666666,0.0,0,Bionicle
8738,Bionicle,Toa Hordika Whenua,2005,48,0.0,13.0,9.89,8.99,4,22.5,10.450000000000045,13.75,0.03592563431413942,0.06899630866283157,3.871201010907891,2.196112848483529,0.18729166666666666,0.0,0,Bionicle
8739,Bionicle,Toa Hordika Onewa,2005,48,0.0,14.13,11.42,8.99,4,15.25,10.450000000000045,13.75,0.04422137977643681,0.03918207617838032,3.871201010907891,2.196112848483529,0.18729166666666666,0.0,0,Bionicle
8740,Bionicle,Toa Hordika Matau,2005,48,0.0,13.19,12.4,8.99,4,21.67,10.450000000000045,13.75,0.03736499470133592,0.06607813004874563,3.871201010907891,2.196112848483529,0.18729166666666666,0.0,0,Bionicle
8741,Bionicle,Toa Hordika Nuju,2005,48,0.0,12.63,12.53,8.99,4,21.57,10.450000000000045,13.75,0.03306721647605437,0.06571957290746622,3.871201010907891,2.196112848483529,0.18729166666666666,0.0,0,Bionicle
8742,Bionicle,Visorak Vohtarak,2005,48,0.0,22.59,12.39,8.99,4,18.5,10.450000000000045,13.75,0.09217565516531168,0.053885920789600306,3.871201010907891,2.196112848483529,0.18729166666666666,0.0,0,Bionicle
8743,Bionicle,Visorak Boggarak,2005,48,0.0,17.26,11.24,8.99,4,17.5,10.450000000000045,13.75,0.06440826760919127,0.04963529527051436,3.871201010907891,2.196112848483529,0.18729166666666666,0.0,0,Bionicle
8744,Bionicle,Visorak Oohnorak,2005,47,0.0,11.07,12.16,8.99,4,21.13,10.450000000000045,13.75,0.02011600773059885,0.06412338147413155,3.8501476017100584,2.196112848483529,0.19127659574468087,0.0,0,Bionicle
8745,Bionicle,Visorak Roporak,2005,48,0.0,12.47,10.31,8.99,4,16.54,10.450000000000045,13.75,0.03180762552401095,0.04533724106928361,3.871201010907891,2.196112848483529,0.18729166666666666,0.0,0,Bionicle
8746,Bionicle,Visorak Keelerak,2005,48,0.0,22.87,12.37,8.99,4,17.38,10.450000000000045,13.75,0.09346389371726338,0.04911016924021161,3.871201010907891,2.196112848483529,0.18729166666666666,0.0,0,Bionicle
8747,Bionicle,Visorak Suukorak,2005,48,0.0,16.47,12.56,8.99,4,23.42,10.450000000000045,13.75,0.05964682077970207,0.07211649556161226,3.871201010907891,2.196112848483529,0.18729166666666666,0.0,0,Bionicle
8755,Bionicle,Keetongu,2005,203,0.0,31.87,27.87,19.99,4,47.5,10.450000000000045,13.75,0.04564585223035866,0.06496855965485815,5.313205979041787,2.995232148512309,0.09847290640394088,0.0,0,Bionicle
8756,Bionicle,Sidorak,2005,211,0.0,35.6,32.27,19.99,4,51.07,10.450000000000045,13.75,0.05677960078994193,0.07059615022365251,5.351858133476067,2.995232148512309,0.09473933649289099,0.0,0,Bionicle
8757,Bionicle,Visorak Battle Ram,2005,176,14.0,36.73,25.47,29.99,4,25.3,10.450000000000045,13.75,0.019589389852560757,-0.012291801685439419,5.170483995038151,3.4008639927609177,0.17039772727272726,7.954545454545454,0,Bionicle
8758,Bionicle,Tower of Toa,2005,401,14.0,32.0,12.0,49.99,3,37.67,10.450000000000045,13.75,-0.041789464120885356,-0.02036853456739285,5.993961427306569,3.911822985425479,0.12466334164588529,3.491271820448878,0,Bionicle
8759,Bionicle,Battle of Metru Nui,2005,858,14.0,66.6,33.6,79.99,2,53.93,10.450000000000045,13.75,-0.017378047359083548,-0.02826307191617261,6.754604099487962,4.3819016268607305,0.09322843822843822,1.6317016317016317,0,Bionicle
8761,Bionicle,Roodaka,2005,233,0.0,48.33,36.4,19.99,4,65.8,10.450000000000045,13.75,0.08815153263746844,0.090510982242888,5.4510384535657,2.995232148512309,0.085793991416309,0.0,0,Bionicle
8764,Bionicle,Vezon & Fenrakk,2006,281,0.0,75.13,49.0,29.99,4,78.0,9.450000000000045,12.75,0.10205930403066099,0.07784989871617554,5.638354669333745,3.4008639927609177,0.10672597864768683,0.0,0,Bionicle
8769,Bionicle,Visorak’s Gate,2005,318,14.0,60.87,30.19,39.99,4,21.53,10.450000000000045,13.75,0.04102105112397991,-0.04403256114858056,5.762051382780177,3.688629422858727,0.12575471698113208,4.40251572327044,0,Bionicle
8777,Castle,Vladek Encounter,2004,42,2.0,20.5,10.73,8.99,4,20.07,11.450000000000045,14.75,0.07464708827038424,0.055957945647055585,3.7376696182833684,2.196112848483529,0.21404761904761904,4.761904761904762,0,Castle
8778,Castle,Border Ambush,2004,177,2.0,24.67,17.33,19.99,4,28.77,11.450000000000045,14.75,0.018541481635687695,0.024992008043139835,5.176149732573829,2.995232148512309,0.11293785310734462,1.1299435028248588,0,Castle
8779,Castle,The Grand Tournament,2004,312,3.0,33.95,24.73,29.99,4,30.27,11.450000000000045,14.75,0.010890742657842623,0.0006302412489638254,5.7430031878094825,3.4008639927609177,0.09612179487179487,0.9615384615384616,0,Castle
8780,Castle,Citadel of Orlan,2004,442,4.0,69.87,42.87,49.99,3,58.6,11.450000000000045,14.75,0.029673069757900183,0.010831920355858227,6.091309882077698,3.911822985425479,0.11309954751131222,0.9049773755656109,0,Castle
8781,Castle,The Castle of Morcia,2004,637,8.0,130.13,72.87,89.99,3,92.8,11.450000000000045,14.75,0.032737143579845585,0.0020867903732491033,6.456769655572163,4.4996985530458575,0.14127158555729982,1.2558869701726845,0,Castle
8782,Castle,Danju,2004,46,0.0,15.21,6.0,7.99,4,,11.450000000000045,14.75,0.057834385479892836,,3.828641396489095,2.0781907597781832,0.17369565217391306,0.0,0,Castle
8783,Castle,Jayko,2004,49,0.0,15.39,6.6,7.99,4,18.92,11.450000000000045,14.75,0.05892186581911374,0.060184162000018526,3.8918202981106265,2.0781907597781832,0.16306122448979593,0.0,0,Castle
8784,Castle,Rascus,2004,50,0.0,12.6,7.33,7.99,4,17.0,11.450000000000045,14.75,0.040584097946877895,0.05252071892014398,3.912023005428146,2.0781907597781832,0.1598,0.0,0,Castle
8785,Castle,Santis,2004,50,0.0,14.23,6.27,7.99,4,15.0,11.450000000000045,14.75,0.051699188785666816,0.043627197326563616,3.912023005428146,2.0781907597781832,0.1598,0.0,0,Castle
8786,Castle,Vladek,2004,52,0.0,14.47,6.47,7.99,4,13.09,11.450000000000045,14.75,0.05323653875751466,0.03403469200903575,3.9512437185814275,2.0781907597781832,0.15365384615384617,0.0,0,Castle
8791,Castle,Sir Danju,2005,42,0.0,17.64,12.2,8.99,4,13.86,10.450000000000045,13.75,0.06662876302957033,0.03198404902179397,3.7376696182833684,2.196112848483529,0.21404761904761904,0.0,0,Castle
8792,Castle,Sir Jayko,2005,43,0.0,14.5,9.8,8.99,4,13.0,10.450000000000045,13.75,0.04680749621184921,0.02718748819126482,3.7612001156935624,2.196112848483529,0.20906976744186048,0.0,0,Castle
8793,Castle,Sir Rascus,2005,44,0.0,22.0,7.0,8.99,4,15.0,10.450000000000045,13.75,0.08941319344520271,0.03793359370708971,3.784189633918261,2.196112848483529,0.20431818181818182,0.0,0,Castle
8794,Castle,Sir Santis,2005,44,0.0,11.75,4.33,8.99,4,15.33,10.450000000000045,13.75,0.025952131450402316,0.039577583997375765,3.784189633918261,2.196112848483529,0.20431818181818182,0.0,0,Castle
8795,Castle,Lord Vladek,2005,44,0.0,9.73,10.27,8.99,4,14.13,10.450000000000045,13.75,0.007598199172400788,0.03343308558124214,3.784189633918261,2.196112848483529,0.20431818181818182,0.0,0,Castle
8796,Castle,King Mathias,2005,43,0.0,8.63,5.33,8.99,4,13.9,10.450000000000045,13.75,-0.0039032088574953994,0.032200364016195415,3.7612001156935624,2.196112848483529,0.20906976744186048,0.0,0,Castle
8799,Castle,Knights’ Castle Wall,2004,178,3.0,35.3,33.87,19.99,4,29.5,11.450000000000045,14.75,0.050917746472646463,0.026734729415979208,5.181783550292085,2.995232148512309,0.11230337078651685,1.6853932584269662,0,Castle
8800,Castle,Vladek’s Siege Engine,2004,192,2.0,32.17,20.2,19.99,4,28.08,11.450000000000045,14.75,0.04243026113392023,0.023306460253040617,5.2574953720277815,2.995232148512309,0.10411458333333333,1.0416666666666667,0,Castle
8809,Castle,King Mathias,2004,44,0.0,9.61,5.4,9.99,4,12.73,11.450000000000045,14.75,-0.0033812026658962546,0.01656808001628174,3.784189633918261,2.301584592660462,0.22704545454545455,0.0,0,Castle
8811,Bionicle,Toa Lhikan and Kikanalo,2004,215,0.0,78.47,44.24,29.99,4,62.4,11.450000000000045,14.75,0.0876338706370039,0.05092913486048056,5.3706380281276624,3.4008639927609177,0.13948837209302326,0.0,0,Bionicle
8813,Castle,Battle at the Pass,2006,381,11.0,124.2,68.47,39.99,3,112.0,9.450000000000045,12.75,0.1274090112610844,0.08412593707976734,5.942799375126701,3.688629422858727,0.10496062992125985,2.8871391076115485,0,Castle
8821,Castle,Rogue Knight Battleship,2006,152,3.0,38.87,22.13,19.99,4,38.31,9.450000000000045,12.75,0.0729044124334508,0.05234177833202569,5.0238805208462765,2.995232148512309,0.13151315789473683,1.9736842105263157,0,Castle
8822,Castle,Gargoyle Bridge,2006,250,3.0,36.6,30.2,29.99,4,42.8,9.450000000000045,12.75,0.021301401798250907,0.028288745689161177,5.521460917862246,3.4008639927609177,0.11996,1.2,0,Castle
8823,Castle,Mistlands Tower,2006,431,6.0,93.87,54.2,49.99,3,81.64,9.450000000000045,12.75,0.0689490442037024,0.03921986531247579,6.066108090103747,3.911822985425479,0.1159860788863109,1.3921113689095128,0,Castle
8866,City,Train Motor,2009,7,0.0,17.03,13.71,10.99,4,28.0,6.4500000000000455,9.75,0.07026420542831491,0.1006708647492911,1.9459101490553132,2.39698576841553,1.57,0.0,0,City
8867,City,Flexible Train Track,2009,64,0.0,31.95,21.08,24.99,4,25.07,6.4500000000000455,9.75,0.038827289517686436,0.0003278657693994713,4.1588830833596715,3.218475744846861,0.39046875,0.0,0,City
8873,Castle,Fireball Catapult,2005,46,2.0,19.93,11.27,7.99,4,12.0,10.450000000000045,13.75,0.09140679308796273,0.03002115148730078,3.828641396489095,2.0781907597781832,0.17369565217391306,4.3478260869565215,0,Castle
8874,Castle,Battle Wagon,2005,129,3.0,42.87,22.6,19.99,4,33.33,10.450000000000045,13.75,0.07573981521784723,0.03787987853773633,4.859812404361672,2.995232148512309,0.15496124031007752,2.3255813953488373,0,Castle
8875,Castle,King’s Siege Tower,2005,135,4.0,45.4,23.33,19.99,4,36.44,10.450000000000045,13.75,0.0816586927928522,0.044635472548171684,4.90527477843843,2.995232148512309,0.14807407407407405,2.962962962962963,0,Castle
8876,Castle,Scorpion Prison Cave,2005,280,5.0,60.47,39.6,39.99,4,33.0,10.450000000000045,13.75,0.0403644618309027,-0.013875336705876373,5.634789603169249,3.688629422858727,0.14282142857142857,1.7857142857142858,0,Castle
8877,Castle,Vladek’s Dark Fortress,2005,983,9.0,168.07,112.67,99.99,2,107.33,10.450000000000045,13.75,0.05095026906349531,0.005165149593135965,6.890609120147166,4.605070180987758,0.10171922685656154,0.9155645981688708,0,Castle
8892,Bionicle,Piraka Outpost,2006,211,4.0,36.59,15.06,29.99,4,43.0,9.450000000000045,12.75,0.021271869714487135,0.02866480625035117,5.351858133476067,3.4008639927609177,0.14213270142180093,1.8957345971563981,0,Bionicle
8893,Bionicle,Lava Chamber Gate,2006,373,8.0,54.63,39.13,39.99,3,64.2,9.450000000000045,12.75,0.03356188752981981,0.03782518559168291,5.921578419643816,3.688629422858727,0.1072117962466488,2.1447721179624666,0,Bionicle
8894,Bionicle,Piraka Stronghold,2006,648,12.0,35.71,29.83,74.99,3,49.0,9.450000000000045,12.75,-0.07550762622701868,-0.03282444385147598,6.473890696352274,4.317354771313298,0.1157253086419753,1.8518518518518519,0,Bionicle
8900,Bionicle,Reidak,2006,41,0.0,35.0,19.04,8.99,4,15.5,9.450000000000045,12.75,0.1546928918030206,0.0436494946907402,3.713572066704308,2.196112848483529,0.21926829268292683,0.0,0,Bionicle
8901,Bionicle,Hakann,2006,42,0.0,37.0,17.33,8.99,4,23.0,9.450000000000045,12.75,0.1615029599424711,0.07645902076472377,3.7376696182833684,2.196112848483529,0.21404761904761904,0.0,0,Bionicle
8902,Bionicle,Vezok,2006,41,0.0,31.95,16.67,8.99,4,22.88,9.450000000000045,12.75,0.14360570802875627,0.07601746348232097,3.713572066704308,2.196112848483529,0.21926829268292683,0.0,0,Bionicle
8903,Bionicle,Zaktan,2006,41,0.0,38.13,19.29,8.99,4,24.67,9.450000000000045,12.75,0.16520642091224547,0.08239320078004386,3.713572066704308,2.196112848483529,0.21926829268292683,0.0,0,Bionicle
8904,Bionicle,Avak,2006,41,0.0,27.33,18.79,8.99,4,26.4,9.450000000000045,12.75,0.12485982593632294,0.08816227506692842,3.713572066704308,2.196112848483529,0.21926829268292683,0.0,0,Bionicle
8905,Bionicle,Thok,2006,42,0.0,42.13,18.57,8.99,4,28.0,9.450000000000045,12.75,0.1775720489089052,0.09319568547191848,3.7376696182833684,2.196112848483529,0.21404761904761904,0.0,0,Bionicle
8910,Bionicle,Toa Kongu,2007,74,0.0,23.27,19.6,9.99,4,39.75,8.450000000000045,11.75,0.10524682887672254,0.12471994141052045,4.30406509320417,2.301584592660462,0.135,0.0,0,Bionicle
8911,Bionicle,Toa Jailer,2007,68,0.0,21.4,20.13,9.99,4,33.0,8.450000000000045,11.75,0.09434345086390361,0.1070464042946464,4.219507705176107,2.301584592660462,0.14691176470588235,0.0,0,Bionicle
8912,Bionicle,Toa Hewkii,2007,62,0.0,22.8,18.06,9.99,4,32.86,8.450000000000045,11.75,0.1025811794551037,0.10664591920542899,4.127134385045092,2.301584592660462,0.16112903225806452,0.0,0,Bionicle
8913,Bionicle,Toa Nuparu,2007,59,0.0,20.33,16.33,9.99,4,29.0,8.450000000000045,11.75,0.08772067489372759,0.09493919134545181,4.07753744390572,2.301584592660462,0.16932203389830508,0.0,0,Bionicle
8914,Bionicle,Toa Hahli,2007,59,0.0,31.67,17.83,9.99,4,33.67,8.450000000000045,11.75,0.14630374968461202,0.10894174997742012,4.07753744390572,2.301584592660462,0.16932203389830508,0.0,0,Bionicle
8915,Bionicle,Toa Matoro,2007,63,0.0,29.87,13.06,9.99,4,31.93,8.450000000000045,11.75,0.138393156379083,0.10394522668264927,4.143134726391533,2.301584592660462,0.15857142857142859,0.0,0,Bionicle
8916,Bionicle,Takadox,2007,62,0.0,30.0,15.81,9.99,4,14.47,8.450000000000045,11.75,0.13897836665572738,0.032033692937778024,4.127134385045092,2.301584592660462,0.16112903225806452,0.0,0,Bionicle
8917,Bionicle,Kalmah,2007,53,0.0,26.11,17.0,9.99,4,26.69,8.450000000000045,11.75,0.12041181144347224,0.0872313451645641,3.970291913552122,2.301584592660462,0.18849056603773584,0.0,0,Bionicle
8918,Bionicle,Carapar,2007,50,0.0,23.23,15.75,9.99,4,27.0,8.450000000000045,11.75,0.10502182215141165,0.08830040161846009,3.912023005428146,2.301584592660462,0.1998,0.0,0,Bionicle
8919,Bionicle,Mantax,2007,58,0.0,20.42,15.47,9.99,4,30.4,8.450000000000045,11.75,0.08828942277265384,0.09934145196219579,4.060443010546419,2.301584592660462,0.17224137931034483,0.0,0,Bionicle
8920,Bionicle,Ehlek,2007,54,0.0,23.74,18.73,9.99,4,27.33,8.450000000000045,11.75,0.10786542553327139,0.08942615955819844,3.9889840465642745,2.301584592660462,0.185,0.0,0,Bionicle
8921,Bionicle,Pridak,2007,47,0.0,27.71,15.65,9.99,4,26.8,8.450000000000045,11.75,0.12832560149666938,0.08761198199194609,3.8501476017100584,2.301584592660462,0.21255319148936172,0.0,0,Bionicle
8922,Bionicle,Gadunka,2007,176,0.0,45.2,34.44,19.99,4,65.6,8.450000000000045,11.75,0.10136692089601484,0.10642668634697983,5.170483995038151,2.995232148512309,0.11357954545454545,0.0,0,Bionicle
8923,Bionicle,Hydraxon,2007,165,0.0,63.87,36.4,19.99,4,63.77,8.450000000000045,11.75,0.14736675747139505,0.1037657254793578,5.10594547390058,2.995232148512309,0.12115151515151515,0.0,0,Bionicle
8924,Bionicle,Maxilos and Spinax,2007,256,0.0,80.93,51.88,29.99,4,81.62,8.450000000000045,11.75,0.12466107850420349,0.08894505747073933,5.545177444479562,3.4008639927609177,0.1171484375,0.0,0,Bionicle
8925,Bionicle,Barraki Deepsea Patrol,2007,228,4.0,38.07,19.13,29.99,4,41.2,8.450000000000045,11.75,0.028634564985966282,0.0273961553229356,5.429345628954441,3.4008639927609177,0.13153508771929823,1.7543859649122806,0,Bionicle
8926,Bionicle,Toa Undersea Attack,2007,401,6.0,34.93,10.29,49.99,3,56.0,8.450000000000045,11.75,-0.04153602783057864,0.009708845460086879,5.993961427306569,3.911822985425479,0.12466334164588529,1.4962593516209477,0,Bionicle
8927,Bionicle,Toa Terrain Crawler,2007,674,10.0,99.2,57.67,69.99,2,82.15,8.450000000000045,11.75,0.04214012061745542,0.013726932836204186,6.513230110912307,4.248352374701448,0.1038427299703264,1.4836795252225519,0,Bionicle
8935,Bionicle,Nocturn,2007,116,0.0,62.56,36.75,14.99,4,60.62,8.450000000000045,11.75,0.18421722451694533,0.1262732520513532,4.7535901911063645,2.7073833121145063,0.1292241379310345,0.0,0,Bionicle
8939,Bionicle,Lesovikk,2007,149,0.0,52.2,38.47,19.99,4,65.1,8.450000000000045,11.75,0.12029467901902624,0.10570645848776317,5.003946305945459,2.995232148512309,0.13416107382550335,0.0,0,Bionicle
8940,Bionicle,Karzahni,2007,373,0.0,110.47,79.47,39.99,3,148.57,8.450000000000045,11.75,0.12777903703841442,0.11817277067392529,5.921578419643816,3.688629422858727,0.1072117962466488,0.0,0,Bionicle
8941,Bionicle,Rockoh T3,2008,390,0.0,45.87,33.69,39.99,3,46.53,7.4500000000000455,10.75,0.018584253045763832,0.014189764266542726,5.966146739123692,3.688629422858727,0.10253846153846154,0.0,0,Bionicle
8942,Bionicle,Jetrax T6,2008,422,0.0,75.0,39.07,49.99,3,42.0,7.4500000000000455,10.75,0.05596146701421123,-0.01606979391664043,6.045005314036012,3.911822985425479,0.11845971563981043,0.0,0,Bionicle
8943,Bionicle,Axalara T9,2008,693,0.0,86.93,58.93,79.99,2,98.27,7.4500000000000455,10.75,0.011230590874160784,0.01933023864173955,6.541029999189903,4.3819016268607305,0.11542568542568542,0.0,0,Bionicle
8944,Bionicle,Tanma,2008,14,0.0,25.6,12.4,5.99,4,24.0,7.4500000000000455,10.75,0.21527035815753548,0.13781844360971984,2.6390573296152584,1.7900914121273581,0.4278571428571429,0.0,0,Bionicle
8945,Bionicle,Solek,2008,14,0.0,13.34,8.73,5.99,4,19.67,7.4500000000000455,10.75,0.11346106268902645,0.11695356798556356,2.6390573296152584,1.7900914121273581,0.4278571428571429,0.0,0,Bionicle
8946,Bionicle,Photok,2008,14,0.0,20.0,10.93,5.99,4,14.5,7.4500000000000455,10.75,0.17566152375365163,0.08571405152843825,2.6390573296152584,1.7900914121273581,0.4278571428571429,0.0,0,Bionicle
8947,Bionicle,Radiak,2008,16,0.0,15.73,9.56,5.99,4,25.0,7.4500000000000455,10.75,0.13836657200607005,0.14214740367858036,2.772588722239781,1.7900914121273581,0.374375,0.0,0,Bionicle
8948,Bionicle,Gavla,2008,14,0.0,10.0,6.4,5.99,4,17.67,7.4500000000000455,10.75,0.07121240746875657,0.10586784510181202,2.6390573296152584,1.7900914121273581,0.4278571428571429,0.0,0,Bionicle
8949,Bionicle,Kirop,2008,14,0.0,21.71,10.2,5.99,4,14.67,7.4500000000000455,10.75,0.18867966269446623,0.08689190120636314,2.6390573296152584,1.7900914121273581,0.4278571428571429,0.0,0,Bionicle
8952,Bionicle,Mutran and Vican,2008,90,0.0,41.62,25.6,14.99,4,42.36,7.4500000000000455,10.75,0.14691243330360804,0.10145775142735469,4.499809670330265,2.7073833121145063,0.16655555555555557,0.0,0,Bionicle
8953,Bionicle,Makuta Icarax,2008,159,0.0,78.63,47.2,19.99,4,82.75,7.4500000000000455,10.75,0.20180950671991393,0.1412773077086078,5.0689042022202315,2.995232148512309,0.12572327044025156,0.0,0,Bionicle
8954,Bionicle,Mazeka,2008,301,0.0,38.83,17.6,29.99,4,43.47,7.4500000000000455,10.75,0.03528324280423467,0.03513400170218928,5.707110264748875,3.4008639927609177,0.09963455149501661,0.0,0,Bionicle
8956,Power miners,Stone Chopper,2009,31,2.0,24.06,11.93,5.99,4,15.3,6.4500000000000455,9.75,0.24057512804219594,0.10095794297601679,3.4339872044851463,1.7900914121273581,0.1932258064516129,6.451612903225806,0,Other
8957,Power miners,Mine Mech,2009,67,2.0,31.4,15.0,7.99,4,20.2,6.4500000000000455,9.75,0.23638117167042583,0.09979892614295593,4.204692619390966,2.0781907597781832,0.11925373134328358,2.985074626865672,0,Other
8958,Power miners,Granite Grinder,2009,94,2.0,35.68,20.13,9.99,4,20.6,6.4500000000000455,9.75,0.21818887510668672,0.07705052087292263,4.543294782270004,2.301584592660462,0.10627659574468086,2.127659574468085,0,Other
8959,Power miners,Claw Digger,2009,197,2.0,61.5,25.6,19.99,4,29.71,6.4500000000000455,9.75,0.19033328270450012,0.04147833907653098,5.2832037287379885,2.995232148512309,0.1014720812182741,1.015228426395939,0,Other
8960,Power miners,Thunder Driller,2009,235,3.0,103.33,37.8,29.99,4,38.33,6.4500000000000455,9.75,0.2114195219289543,0.02548537762713643,5.459585514144159,3.4008639927609177,0.12761702127659574,1.2765957446808511,0,Other
8961,Power miners,Crystal Sweeper,2009,474,4.0,210.2,76.8,69.99,3,94.38,6.4500000000000455,9.75,0.18589435785328612,0.031139280324449015,6.161207321695077,4.248352374701448,0.14765822784810126,0.8438818565400844,0,Other
8962,Power miners,Crystal King,2009,168,2.0,73.07,38.33,19.99,4,37.42,6.4500000000000455,9.75,0.22257468073559417,0.06641754335186234,5.123963979403259,2.995232148512309,0.11898809523809523,1.1904761904761905,0,Other
8963,Power miners,Rock Wrecker,2009,225,2.0,61.33,30.8,34.99,4,27.47,6.4500000000000455,9.75,0.09090628865902062,-0.024511795655918323,5.41610040220442,3.5550623063795967,0.15551111111111113,0.8888888888888888,0,Other
8964,Power miners,Titanium Command Rig,2009,706,5.0,198.64,100.33,99.99,2,106.33,6.4500000000000455,9.75,0.11229151963120843,0.006325283176070062,6.559615237493242,4.605070180987758,0.14162889518413596,0.7082152974504249,0,Other
8967,Agents,Gold Tooth’s Getaway,2009,68,2.0,23.79,12.73,9.99,4,19.73,6.4500000000000455,9.75,0.1439922797248172,0.07229433095684645,4.219507705176107,2.301584592660462,0.14691176470588235,2.9411764705882355,0,Agents
8968,Agents,River Heist,2009,203,3.0,37.22,18.73,19.99,4,13.87,6.4500000000000455,9.75,0.10117113264318855,-0.0367936202376663,5.313205979041787,2.995232148512309,0.09847290640394088,1.477832512315271,0,Agents
8969,Agents,4-Wheeling Pursuit,2009,320,2.0,44.8,34.0,29.99,4,31.07,6.4500000000000455,9.75,0.06420059119183574,0.003635179052875248,5.768320995793772,3.4008639927609177,0.09371874999999999,0.625,0,Agents
8970,Agents,Robo Attack,2009,414,6.0,89.82,41.33,49.99,3,58.21,6.4500000000000455,9.75,0.09510509773663411,0.01573629329867776,6.025865973825314,3.911822985425479,0.12074879227053141,1.4492753623188406,0,Agents
8971,Agents,Aerial Defence Unit,2009,733,7.0,126.41,70.47,79.99,2,52.8,6.4500000000000455,9.75,0.07352779208891302,-0.041709343058292325,6.597145701886651,4.3819016268607305,0.10912687585266029,0.9549795361527967,0,Agents
8972,Bionicle,Atakus,2009,13,0.0,15.11,9.67,6.99,4,15.2,6.4500000000000455,9.75,0.12695092920237983,0.08293323743193359,2.5649493574615367,1.944480556245719,0.5376923076923077,0.0,0,Bionicle
8973,Bionicle,Raanu,2009,14,0.0,13.81,12.65,6.99,4,20.4,6.4500000000000455,9.75,0.11134146835158876,0.11611256955795857,2.6390573296152584,1.944480556245719,0.4992857142857143,0.0,0,Bionicle
8974,Bionicle,Tarduk,2009,17,0.0,14.13,8.33,6.99,4,16.33,6.4500000000000455,9.75,0.11529542402553483,0.0909272644968604,2.833213344056216,1.944480556245719,0.4111764705882353,0.0,0,Bionicle
8975,Bionicle,Berix,2009,15,0.0,17.33,9.13,6.99,4,13.73,6.4500000000000455,9.75,0.15115843144854968,0.0716947766403837,2.70805020110221,1.944480556245719,0.466,0.0,0,Bionicle
8976,Bionicle,Metus,2009,14,0.0,12.13,7.75,6.99,4,15.4,6.4500000000000455,9.75,0.08921531797271309,0.08438612826716474,2.6390573296152584,1.944480556245719,0.4992857142857143,0.0,0,Bionicle
8977,Bionicle,Zesk,2009,16,0.0,15.94,9.3,6.99,4,28.73,6.4500000000000455,9.75,0.13633295863777772,0.15600534213213124,2.772588722239781,1.944480556245719,0.436875,0.0,0,Bionicle
8978,Bionicle,Skrall,2009,50,0.0,26.47,19.0,12.99,4,29.9,6.4500000000000455,9.75,0.11668176632110683,0.08926755506018491,3.912023005428146,2.5641798306825083,0.25980000000000003,0.0,0,Bionicle
8979,Bionicle,Malum,2009,59,0.0,23.6,16.88,12.99,4,29.45,6.4500000000000455,9.75,0.0969882922676597,0.08757468990126305,4.07753744390572,2.5641798306825083,0.22016949152542373,0.0,0,Bionicle
8980,Bionicle,Gresh,2009,55,0.0,37.07,19.63,12.99,4,26.8,6.4500000000000455,9.75,0.1765401007711589,0.07710747611430602,4.007333185232471,2.5641798306825083,0.2361818181818182,0.0,0,Bionicle
8981,Bionicle,Tarix,2009,57,0.0,24.47,16.82,12.99,4,29.2,6.4500000000000455,9.75,0.10316254150846826,0.08662415243562638,4.04305126783455,2.5641798306825083,0.22789473684210526,0.0,0,Bionicle
8982,Bionicle,Strakk,2009,46,0.0,27.0,15.24,12.99,4,24.0,6.4500000000000455,9.75,0.12011930199737231,0.06498576818243817,3.828641396489095,2.5641798306825083,0.2823913043478261,0.0,0,Bionicle
8983,Bionicle,Vorox,2009,51,0.0,26.0,15.79,12.99,4,30.55,6.4500000000000455,9.75,0.11358438190953413,0.09167287472380137,3.9318256327243257,2.5641798306825083,0.25470588235294117,0.0,0,Bionicle
8984,Bionicle,Stronius,2009,55,0.0,32.53,15.73,12.99,4,22.8,6.4500000000000455,9.75,0.15294891223850016,0.05939774880749704,4.007333185232471,2.5641798306825083,0.2361818181818182,0.0,0,Bionicle
8985,Bionicle,Ackar,2009,55,0.0,37.13,17.73,12.99,4,30.67,6.4500000000000455,9.75,0.1768351394147738,0.09211190421066373,4.007333185232471,2.5641798306825083,0.2361818181818182,0.0,0,Bionicle
8986,Bionicle,Vastus,2009,52,0.0,26.75,15.22,12.99,4,24.47,6.4500000000000455,9.75,0.11850499512717061,0.06710627484316656,3.9512437185814275,2.5641798306825083,0.24980769230769231,0.0,0,Bionicle
8987,Bionicle,Kiina,2009,43,0.0,23.08,15.2,12.99,4,24.67,6.4500000000000455,9.75,0.09320549681738743,0.06799754958505999,3.7612001156935624,2.5641798306825083,0.30209302325581394,0.0,0,Bionicle
8988,Bionicle,Gelu,2009,52,0.0,40.87,16.67,12.99,4,28.8,6.4500000000000455,9.75,0.1944764585238543,0.085087992425533,3.9512437185814275,2.5641798306825083,0.24980769230769231,0.0,0,Bionicle
8989,Bionicle,Mata Nui,2009,52,0.0,51.73,31.13,12.99,4,48.47,6.4500000000000455,9.75,0.2389218909576507,0.1445972666977995,3.9512437185814275,2.5641798306825083,0.24980769230769231,0.0,0,Bionicle
8991,Bionicle,Tuma,2009,188,0.0,54.87,30.6,19.99,4,44.33,6.4500000000000455,9.75,0.16946689584671804,0.08511402859351014,5.236441962829949,2.995232148512309,0.10632978723404254,0.0,0,Bionicle
8992,Bionicle,Cendox V1,2009,151,0.0,26.8,17.4,19.99,4,29.4,6.4500000000000455,9.75,0.04650147536716176,0.040358522859260226,5.017279836814924,2.995232148512309,0.1323841059602649,0.0,0,Bionicle
8993,Bionicle,Kaxium V3,2009,251,0.0,35.19,25.2,29.99,4,43.2,6.4500000000000455,9.75,0.025100217697254346,0.03814294523509454,5.5254529391317835,3.4008639927609177,0.1194820717131474,0.0,0,Bionicle
8994,Bionicle,Baranus V7,2009,263,0.0,45.69,28.63,39.99,4,47.73,6.4500000000000455,9.75,0.020873792412472447,0.01831239187286582,5.572154032177765,3.688629422858727,0.1520532319391635,0.0,0,Bionicle
8995,Bionicle,Thornatus V9,2009,438,0.0,55.71,29.67,59.99,3,53.73,6.4500000000000455,9.75,-0.011410098049480788,-0.011239576785601058,6.082218910376446,4.094177881665002,0.1369634703196347,0.0,0,Bionicle
8996,Bionicle,Skopio XV,2009,849,0.0,158.33,88.67,89.99,2,134.17,6.4500000000000455,9.75,0.0915451372110041,0.04181567871103642,6.744059186311348,4.4996985530458575,0.10599528857479387,0.0,0,Bionicle
8998,Bionicle,Toa Mata Nui,2009,366,0.0,185.47,138.6,49.99,3,130.0,6.4500000000000455,9.75,0.2253992279089443,0.1029867072200863,5.902633333401366,3.911822985425479,0.13658469945355192,0.0,0,Bionicle
9390,Technic,Mini Tow Truck,2012,136,0.0,19.33,7.67,11.99,4,22.6,3.4500000000000455,6.75,0.14846989315741843,0.09845834738690629,4.912654885736052,2.4840729690394228,0.08816176470588236,0.0,0,Technic
9391,Technic,Tracked Crane,2012,218,0.0,42.48,24.11,19.99,4,61.87,3.4500000000000455,6.75,0.24420044366757754,0.18220136128669173,5.384495062789089,2.995232148512309,0.09169724770642201,0.0,0,Technic
9392,Technic,Quad Bike,2012,199,0.0,52.88,21.2,24.99,4,40.47,3.4500000000000455,6.75,0.24266803632417555,0.07403225874365416,5.293304824724492,3.218475744846861,0.12557788944723616,0.0,0,Technic
9393,Technic,Tractor,2012,353,0.0,45.35,23.78,39.99,3,65.4,3.4500000000000455,6.75,0.03713094012623075,0.07559394145220688,5.8664680569332965,3.688629422858727,0.11328611898016998,0.0,0,Technic
9394,Technic,Jet Plane,2012,499,0.0,67.04,31.4,49.99,3,43.13,3.4500000000000455,6.75,0.08878538055117025,-0.02162992932783203,6.212606095751519,3.911822985425479,0.10018036072144289,0.0,0,Technic
9395,Technic,Pick-Up Tow Truck,2012,954,0.0,78.83,50.93,69.99,2,97.87,3.4500000000000455,6.75,0.03507690431566668,0.05092659954707335,6.860663671448287,4.248352374701448,0.07336477987421383,0.0,0,Technic
9396,Technic,Helicopter,2012,1056,0.0,120.87,83.8,119.99,2,144.53,3.4500000000000455,6.75,0.002120268334400821,0.027950705157078426,6.962243464266207,4.787408405976297,0.11362689393939393,0.0,0,Technic
9397,Technic,Logging Truck,2012,1308,0.0,170.59,95.27,139.99,1,190.13,3.4500000000000455,6.75,0.05897561116373984,0.04639784063869001,7.176254532017144,4.941570991486734,0.10702599388379205,0.0,0,Technic
9398,Technic,4x4 Crawler,2012,1327,0.0,184.39,127.13,199.99,1,242.0,3.4500000000000455,6.75,-0.02326545947149472,0.02865020360056203,7.190676034332207,5.2982673652979955,0.15070836473247928,0.0,0,Technic
9440,Ninjago,Venomari Shrine,2012,86,1.0,15.42,10.56,6.99,4,20.8,3.4500000000000455,6.75,0.25775568578889807,0.17533295237485902,4.454347296253507,1.944480556245719,0.08127906976744187,1.1627906976744187,0,Ninjago
9441,Ninjago,Kai's Blade Cycle,2012,188,2.0,36.02,19.93,14.99,4,44.8,3.4500000000000455,6.75,0.28931792901226716,0.17609105089769073,5.236441962829949,2.7073833121145063,0.07973404255319148,1.0638297872340425,0,Ninjago
9442,Ninjago,Jay’s Storm Fighter,2012,242,2.0,38.97,23.2,24.99,4,49.47,3.4500000000000455,6.75,0.137448225688245,0.10646360690489853,5.488937726156687,3.218475744846861,0.10326446280991734,0.8264462809917356,0,Ninjago
9443,Ninjago,Rattlecopter,2012,327,3.0,32.56,22.07,29.99,4,65.53,3.4500000000000455,6.75,0.024118295615229712,0.1227703074272617,5.7899601708972535,3.4008639927609177,0.09171253822629968,0.9174311926605505,0,Ninjago
9444,Ninjago,Cole’s Tread Assault,2012,286,2.0,90.83,34.27,39.99,4,64.87,3.4500000000000455,6.75,0.26843716832354936,0.07429811547355492,5.655991810819852,3.688629422858727,0.13982517482517484,0.6993006993006993,0,Ninjago
9445,Ninjago,Fangpyre Truck Ambush,2012,452,4.0,80.18,40.8,49.99,3,34.4,3.4500000000000455,6.75,0.14676204053290176,-0.05386763889665669,6.113682179832232,3.911822985425479,0.11059734513274337,0.8849557522123894,0,Ninjago
9446,Ninjago,Destiny’s Bounty,2012,680,6.0,138.94,84.33,79.99,2,36.8,3.4500000000000455,6.75,0.17355868263680763,-0.1086541633860375,6.522092798170152,4.3819016268607305,0.11763235294117647,0.8823529411764706,0,Ninjago
9447,Ninjago,Lasha’s Bite Cycle,2012,250,2.0,34.96,15.93,24.99,4,32.27,3.4500000000000455,6.75,0.1022049763417856,0.038602324516719744,5.521460917862246,3.218475744846861,0.09996,0.8,0,Ninjago
9448,Ninjago,Samurai Mech,2012,452,3.0,42.84,25.47,39.99,3,63.4,3.4500000000000455,6.75,0.02015486210844375,0.07065623977611435,6.113682179832232,3.688629422858727,0.08847345132743363,0.6637168141592921,0,Ninjago
9449,Ninjago,Ultra Sonic Raider,2012,622,6.0,65.7,42.53,79.99,3,104.47,3.4500000000000455,6.75,-0.05544773863827279,0.04034803578238777,6.432940092739179,4.3819016268607305,0.12860128617363342,0.9646302250803859,0,Ninjago
9450,Ninjago,Epic Dragon Battle,2012,915,7.0,103.87,56.13,119.99,2,111.53,3.4500000000000455,6.75,-0.040954629775389884,-0.010773368246617343,6.818924065275521,4.787408405976297,0.13113661202185792,0.7650273224043715,0,Ninjago
9455,Ninjago,Fangpyre Mech,2012,255,2.0,38.61,18.8,24.99,4,47.53,3.4500000000000455,6.75,0.13439249999148184,0.09992530554500956,5.541263545158426,3.218475744846861,0.09799999999999999,0.7843137254901961,0,Ninjago
9456,Ninjago,Spinner Battle Arena,2012,418,2.0,87.82,31.94,39.99,3,70.0,3.4500000000000455,6.75,0.25610711315848067,0.08647996904712207,6.035481432524756,3.688629422858727,0.09566985645933015,0.4784688995215311,0,Ninjago
9457,Ninjago,Fangpyre Wrecking Ball,2012,415,3.0,68.18,42.53,49.99,3,65.8,3.4500000000000455,6.75,0.09411982413220299,0.04155068391022776,6.028278520230698,3.911822985425479,0.1204578313253012,0.7228915662650602,0,Ninjago
9461,Monster fighters,The Swamp Creature,2012,70,2.0,14.24,6.0,6.99,4,21.4,3.4500000000000455,6.75,0.22906465216738958,0.18029510788085923,4.248495242049359,1.944480556245719,0.09985714285714287,2.857142857142857,0,Other
9462,Monster fighters,The Mummy,2012,90,2.0,18.89,11.27,11.99,4,24.67,3.4500000000000455,6.75,0.14083042294104398,0.11281306855577111,4.499809670330265,2.4840729690394228,0.13322222222222221,2.2222222222222223,0,Other
9463,Monster fighters,The Werewolf,2012,243,2.0,26.28,14.33,19.99,4,35.27,3.4500000000000455,6.75,0.08252622223847528,0.0877579016154757,5.493061443340548,2.995232148512309,0.0822633744855967,0.823045267489712,0,Other
9464,Monster fighters,The Vampyre Hearse,2012,314,3.0,37.78,24.53,34.99,4,42.2,3.4500000000000455,6.75,0.02248605700903128,0.028145535075786876,5.749392985908253,3.5550623063795967,0.11143312101910828,0.9554140127388535,0,Other
9465,Monster fighters,The Zombies,2012,447,4.0,179.63,134.93,39.99,3,168.8,3.4500000000000455,6.75,0.545643779394787,0.2378127979319622,6.102558594613569,3.688629422858727,0.08946308724832215,0.8948545861297539,0,Other
9466,Monster fighters,The Crazy Scientist & His Monster,2012,430,4.0,57.87,36.0,49.99,3,72.73,3.4500000000000455,6.75,0.04334079103426469,0.057116933725269714,6.063785208687608,3.911822985425479,0.11625581395348837,0.9302325581395349,0,Other
9467,Monster fighters,The Ghost Train,2012,741,5.0,96.94,61.93,79.99,2,94.13,3.4500000000000455,6.75,0.057288298465071996,0.02440795546537755,6.608000625296087,4.3819016268607305,0.10794871794871794,0.6747638326585695,0,Other
9468,Monster fighters,Vampyre Castle,2012,949,7.0,137.55,99.33,99.99,2,147.13,3.4500000000000455,6.75,0.096847108226773,0.05889052373542669,6.855408798609928,4.605070180987758,0.10536354056902002,0.7376185458377239,0,Other
9469,Lord of the Rings,Gandalf Arrives,2012,83,2.0,19.49,11.33,12.99,4,28.53,3.4500000000000455,6.75,0.12479465238120602,0.12362431577763244,4.418840607796598,2.5641798306825083,0.15650602409638553,2.4096385542168677,1,Lord of the Rings
9470,Lord of the Rings,Shelob Attacks,2012,227,3.0,35.49,21.87,19.99,4,52.07,3.4500000000000455,6.75,0.18102448110125602,0.15238146445610146,5.424950017481403,2.995232148512309,0.08806167400881057,1.3215859030837005,1,Lord of the Rings
9471,Lord of the Rings,Uruk-Hai Army,2012,257,6.0,44.82,32.47,29.99,4,73.27,3.4500000000000455,6.75,0.12351370091940916,0.14149505236818927,5.54907608489522,3.4008639927609177,0.11669260700389104,2.3346303501945527,1,Lord of the Rings
9472,Lord of the Rings,Attack On Weathertop,2012,430,5.0,58.03,38.2,59.99,3,69.71,3.4500000000000455,6.75,-0.009582133204777521,0.0224961050433512,6.063785208687608,4.094177881665002,0.13951162790697674,1.1627906976744187,1,Lord of the Rings
9473,Lord of the Rings,The Mines of Moria,2012,776,9.0,74.47,60.73,79.99,2,102.67,3.4500000000000455,6.75,-0.020512853688795074,0.03767277978783956,6.654152520183219,4.3819016268607305,0.10307989690721649,1.1597938144329898,1,Lord of the Rings
9474,Lord of the Rings,The Battle Of Helm’s Deep,2012,1368,8.0,167.77,135.8,129.99,1,196.75,3.4500000000000455,6.75,0.07675576586427968,0.0633283117352883,7.221105098182496,4.867457524419928,0.09502192982456141,0.5847953216374269,1,Lord of the Rings
9476,Lord of the Rings,The Ore Forge,2012,366,4.0,59.38,41.13,39.99,3,64.47,3.4500000000000455,6.75,0.12141114099734462,0.0733141483422386,5.902633333401366,3.688629422858727,0.10926229508196722,1.092896174863388,1,Lord of the Rings
9478,Cars,Francesco Bernoulli,2012,49,0.0,12.11,6.23,6.99,4,20.8,3.4500000000000455,6.75,0.17267814438860363,0.17533295237485902,3.8918202981106265,1.944480556245719,0.1426530612244898,0.0,1,Cars
9479,Cars,Ivan Mater,2012,52,0.0,13.0,9.29,6.99,4,17.93,3.4500000000000455,6.75,0.1970330409622183,0.1497617822155637,3.9512437185814275,1.944480556245719,0.13442307692307692,0.0,1,Cars
9480,Cars,Finn McMissile,2012,52,0.0,15.17,4.5,6.99,4,20.4,3.4500000000000455,6.75,0.251810725109318,0.17195666793449926,3.9512437185814275,1.944480556245719,0.13442307692307692,0.0,1,Cars
9481,Cars,Jeff Gorvette,2012,54,0.0,12.83,6.6,6.99,4,18.2,3.4500000000000455,6.75,0.19247456591904855,0.1523104832175719,3.9889840465642745,1.944480556245719,0.12944444444444445,0.0,1,Cars
9483,Cars,Agent Mater’s Escape,2012,144,0.0,22.69,7.77,14.99,4,21.07,3.4500000000000455,6.75,0.12767366566665572,0.05173327686454465,4.969813299576001,2.7073833121145063,0.10409722222222223,0.0,1,Cars
9484,Cars,Red’s Water Rescue,2012,199,0.0,30.68,9.83,19.99,4,32.87,3.4500000000000455,6.75,0.13220581228546457,0.07646040687686262,5.293304824724492,2.995232148512309,0.10045226130653266,0.0,1,Cars
9485,Cars,Ultimate Race Set,2012,280,0.0,54.63,17.25,29.99,4,57.13,3.4500000000000455,6.75,0.189855235844961,0.10018280525130252,5.634789603169249,3.4008639927609177,0.10710714285714285,0.0,1,Cars
9486,Cars,Oil Rig Escape,2012,422,0.0,57.07,32.87,49.99,3,79.87,3.4500000000000455,6.75,0.03913945891495341,0.07188508849395703,6.045005314036012,3.911822985425479,0.11845971563981043,0.0,1,Cars
9488,Star Wars,Elite Clone Trooper & Commando Droid Battle Pack,2012,98,4.0,18.17,11.0,12.99,4,35.73,3.4500000000000455,6.75,0.1021612870116897,0.1617156283220298,4.584967478670572,2.5641798306825083,0.13255102040816327,4.081632653061225,1,Star Wars
9489,Star Wars,Endor Rebel Trooper & Imperial Trooper Battle Pack,2012,77,4.0,18.03,11.29,12.99,4,24.8,3.4500000000000455,6.75,0.09969302684921377,0.10054118785448773,4.343805421853684,2.5641798306825083,0.1687012987012987,5.194805194805195,1,Star Wars
9490,Star Wars,Droid Escape,2012,137,4.0,33.09,20.67,19.99,4,22.13,3.4500000000000455,6.75,0.15729647381732392,0.01518104270502385,4.919980925828125,2.995232148512309,0.14591240875912406,2.9197080291970803,1,Star Wars
9491,Star Wars,Geonosian Cannon,2012,132,4.0,19.39,14.73,19.99,4,23.07,3.4500000000000455,6.75,-0.008794341914274417,0.021456721182112837,4.882801922586371,2.995232148512309,0.15143939393939393,3.0303030303030303,1,Star Wars
9492,Star Wars,TIE Fighter,2012,413,4.0,92.02,64.07,54.99,3,41.8,3.4500000000000455,6.75,0.16094370795376967,-0.039816024752655,6.023447592961033,4.007151350519723,0.13314769975786925,0.9685230024213075,1,Star Wars
9493,Star Wars,X-wing Starfighter,2012,560,4.0,71.52,42.44,59.99,3,66.67,3.4500000000000455,6.75,0.05227691210874652,0.01576402763994955,6.327936783729195,4.094177881665002,0.107125,0.7142857142857143,1,Star Wars
9494,Star Wars,Anakin’s Jedi Interceptor,2012,300,5.0,58.28,36.93,39.99,4,68.73,3.4500000000000455,6.75,0.11534969992757471,0.08353687234321105,5.703782474656201,3.688629422858727,0.1333,1.6666666666666667,1,Star Wars
9495,Star Wars,Gold Leader’s Y-wing Starfighter,2012,458,3.0,67.33,42.33,49.99,3,53.33,3.4500000000000455,6.75,0.09014846024244472,0.009627686267168478,6.126869184114185,3.911822985425479,0.10914847161572053,0.6550218340611353,1,Star Wars
9496,Star Wars,Desert Skiff,2012,213,4.0,33.46,21.87,24.99,4,31.2,3.4500000000000455,6.75,0.08828322863073956,0.03342688039864372,5.3612921657094255,3.218475744846861,0.11732394366197182,1.8779342723004695,1,Star Wars
9497,Star Wars,Republic Striker-class Starfighter,2012,376,3.0,49.37,25.67,44.99,3,61.33,3.4500000000000455,6.75,0.027294165291849692,0.046970310066213994,5.929589143389895,3.806440242853081,0.11965425531914894,0.7978723404255319,1,Star Wars
9498,Star Wars,Saesee Tiin’s Jedi Starfighter,2012,244,3.0,32.27,18.27,29.99,4,42.27,3.4500000000000455,6.75,0.02146599397308835,0.052161334651028346,5.497168225293202,3.4008639927609177,0.12290983606557376,1.2295081967213115,1,Star Wars
9499,Star Wars,Gungan Sub,2012,465,4.0,65.21,44.27,69.99,3,111.53,3.4500000000000455,6.75,-0.020295433428051735,0.07146656508125648,6.142037405587356,4.248352374701448,0.15051612903225806,0.8602150537634409,1,Star Wars
9500,Star Wars,Sith Fury-class Interceptor,2012,748,3.0,86.09,53.33,89.99,2,101.27,3.4500000000000455,6.75,-0.012760005645901296,0.017648996354153068,6.617402977974478,4.4996985530458575,0.12030748663101604,0.40106951871657753,1,Star Wars
9509,Star Wars,Star Wars Advent Calendar,2012,234,10.0,47.26,23.33,49.99,4,41.13,3.4500000000000455,6.75,-0.01614611914196351,-0.028487857551750206,5.455321115357702,3.911822985425479,0.21363247863247864,4.273504273504273,1,Star Wars
9515,Star Wars,Malevolence,2012,1101,6.0,153.75,106.13,119.99,2,172.0,3.4500000000000455,6.75,0.07450568169503069,0.0547946301022586,7.00397413672268,4.787408405976297,0.1089827429609446,0.5449591280653951,1,Star Wars
9516,Star Wars,Jabba’s Palace,2012,717,9.0,149.1,121.53,119.99,2,144.88,3.4500000000000455,6.75,0.06498325607431998,0.028319114848910365,6.57507584059962,4.787408405976297,0.16735006973500696,1.2552301255230125,1,Star Wars
9525,Star Wars,Pre Vizsla’s Mandalorian Fighter,2012,403,3.0,44.33,31.47,49.99,3,81.73,3.4500000000000455,6.75,-0.034229811279358646,0.07554698451533137,5.998936561946683,3.911822985425479,0.12404466501240695,0.7444168734491315,1,Star Wars
9526,Star Wars,Palpatine’s Arrest,2012,645,6.0,66.49,51.93,89.99,3,200.2,3.4500000000000455,6.75,-0.08398612402657712,0.12576406320506228,6.4692503167957724,4.4996985530458575,0.13951937984496124,0.9302325581395349,1,Star Wars
9558,Ninjago,Training Set,2012,219,1.0,28.13,15.47,19.99,4,22.87,3.4500000000000455,6.75,0.10408373241997593,0.020139957420177934,5.389071729816501,2.995232148512309,0.09127853881278539,0.45662100456621,0,Ninjago
9561,Ninjago,Kai ZX,2012,21,1.0,22.17,17.75,9.99,4,22.6,3.4500000000000455,6.75,0.2599342602632919,0.12856059321727642,3.044522437723423,2.301584592660462,0.4757142857142857,4.761904761904762,0,Ninjago
9562,Ninjago,Lasha,2012,21,1.0,20.2,10.5,9.99,4,8.27,3.4500000000000455,6.75,0.22640408593128458,-0.027604442342165303,3.044522437723423,2.301584592660462,0.4757142857142857,4.761904761904762,0,Ninjago
9563,Ninjago,Kendo Zane,2012,22,1.0,16.29,7.5,9.99,4,19.46,3.4500000000000455,6.75,0.15226493707084,0.1038253096785473,3.091042453358316,2.301584592660462,0.4540909090909091,4.545454545454546,0,Ninjago
9564,Ninjago,Snappa,2012,20,1.0,15.48,6.0,9.99,4,11.67,3.4500000000000455,6.75,0.13535589630881195,0.023294866024550887,2.995732273553991,2.301584592660462,0.4995,5.0,0,Ninjago
9566,Ninjago,Samurai X,2012,23,1.0,21.77,20.0,9.99,4,10.33,3.4500000000000455,6.75,0.25330255455279427,0.0049704884626302626,3.1354942159291497,2.301584592660462,0.43434782608695655,4.3478260869565215,0,Ninjago
9567,Ninjago,Fang-Suei,2012,19,1.0,18.39,16.0,9.99,4,11.0,3.4500000000000455,6.75,0.19348317713307983,0.014370526233291603,2.9444389791664403,2.301584592660462,0.5257894736842106,5.2631578947368425,0,Ninjago
9569,Ninjago,Spitta,2012,20,1.0,11.27,8.26,9.99,4,10.73,3.4500000000000455,6.75,0.035562596815422065,0.010642748583633121,2.995732273553991,2.301584592660462,0.4995,5.0,0,Ninjago
9570,Ninjago,NRG Jay,2012,20,1.0,33.41,20.87,9.99,4,26.8,3.4500000000000455,6.75,0.41897322022431593,0.15742204247152225,2.995732273553991,2.301584592660462,0.4995,5.0,0,Ninjago
9571,Ninjago,Fangdam,2012,20,1.0,22.39,10.0,9.99,4,10.87,3.4500000000000455,6.75,0.26354554281070985,0.012585518383708472,2.995732273553991,2.301584592660462,0.4995,5.0,0,Ninjago
9572,Ninjago,NRG Cole,2012,20,1.0,18.08,12.31,9.99,4,18.33,3.4500000000000455,6.75,0.18761647567971895,0.09408585679233883,2.995732273553991,2.301584592660462,0.4995,5.0,0,Ninjago
9573,Ninjago,Slithraa,2012,20,1.0,13.17,9.74,9.99,4,24.8,3.4500000000000455,6.75,0.08339914598626086,0.14419924843163057,2.995732273553991,2.301584592660462,0.4995,5.0,0,Ninjago
9574,Ninjago,Lloyd ZX,2012,23,1.0,27.65,24.55,9.99,4,30.8,3.4500000000000455,6.75,0.3432397059342196,0.18152320632609031,3.1354942159291497,2.301584592660462,0.43434782608695655,4.3478260869565215,0,Ninjago
9579,Ninjago,Starter Set,2012,62,2.0,34.81,27.89,19.99,4,10.29,3.4500000000000455,6.75,0.17442028706090218,-0.09369483215483576,4.127134385045092,2.995232148512309,0.32241935483870965,3.225806451612903,0,Ninjago
9590,Ninjago,NRG Zane,2012,23,1.0,23.5,11.1,9.99,4,21.87,3.4500000000000455,6.75,0.28139152578478455,0.12308425821942981,3.1354942159291497,2.301584592660462,0.43434782608695655,4.3478260869565215,0,Ninjago
9591,Ninjago,Weapon Pack,2012,73,2.0,30.38,22.37,19.99,4,12.53,3.4500000000000455,6.75,0.12898558974126373,-0.06686084852754459,4.290459441148391,2.995232148512309,0.27383561643835613,2.73972602739726,0,Ninjago
9674,Star Wars,Naboo Starfighter & Naboo,2012,56,1.0,16.26,8.3,9.99,4,29.47,3.4500000000000455,6.75,0.15164945186774448,0.17382179764752026,4.02535169073515,2.301584592660462,0.17839285714285716,1.7857142857142858,1,Star Wars
9675,Star Wars,Sebulba’s Podracer & Tatooine,2012,80,1.0,14.33,5.8,9.99,4,10.8,3.4500000000000455,6.75,0.11023444269832461,0.011616815138900893,4.382026634673881,2.301584592660462,0.124875,1.25,1,Star Wars
9676,Star Wars,TIE Interceptor & Death Star,2012,65,1.0,18.65,9.2,9.99,4,26.27,3.4500000000000455,6.75,0.1983497210140699,0.15400211591771806,4.174387269895637,2.301584592660462,0.15369230769230768,1.5384615384615385,1,Star Wars
9677,Star Wars,X-wing Starfighter & Yavin 4,2012,77,1.0,27.11,11.09,9.99,4,13.4,3.4500000000000455,6.75,0.3355825407245696,0.04446697508761588,4.343805421853684,2.301584592660462,0.12974025974025974,1.2987012987012987,1,Star Wars
9678,Star Wars,Twin-Pod Cloud Car & Bespin,2012,78,1.0,8.47,2.13,9.99,4,14.27,3.4500000000000455,6.75,-0.04671538041301704,0.05424608705728651,4.356708826689592,2.301584592660462,0.1280769230769231,1.2820512820512822,1,Star Wars
9679,Star Wars,AT-ST & Endor,2012,65,1.0,10.8,7.17,9.99,4,21.07,3.4500000000000455,6.75,0.022854806996598587,0.11690098433586882,4.174387269895637,2.301584592660462,0.15369230769230768,1.5384615384615385,1,Star Wars
COMCON,Lord of the Rings,Micro Scale Bag End,2013,130,1.0,89.8,41.0,39.99,4,,2.4500000000000455,5.75,0.391226788811873,,4.867534450455582,3.688629422858727,0.3076153846153846,0.7692307692307693,1,Lord of the Rings
